報告年度:2024,議題:職業安全衛生,,,,,,
公司代號,公司名稱,職業災害人數及比率-人數,職業災害人數及比率-比率,職業災害-類別,火災-件數,火災-死傷人數,火災-比率(死傷人數/員工總人數)
1101,台泥,18,0.21%,2024年台灣及中國大陸之輕傷工傷事故發生原因分別為捲夾、物體飛落、墜落，事發後台泥針對原因進行瞭解，針對工傷易發場域加強巡檢，提升訪廠頻率及增設教育訓練等，避免同樣事故再發，以期落實「零工傷」目標。,0,0,0
1102,亞泥,2,0.40%,兩件為製造廠區發生員工遭壓傷、捲入，所幸無發生因職業傷害造成死亡。矯正預防措施如下： 壓傷：變更工法；增加長筒安全鞋保護腳踝；強化教育訓練增加安全意識。 捲入：於螺運機檢查孔蓋裝設定位感應器自動通知主管及職安組；修訂作業標準；強化教育訓練。,1,0,0.00%
1103,嘉泥,2,0.47%,,0,0,0.00%
1104,環泥,3,0.61%,,0,0,0
1108,幸福,1,2.78%,跌傷,0,0,0
1109,信大,0,0.00%,N/A,0,0,0
1110,東泥,0,0.00%,,0,0,0
1201,味全,2,0.14%,被夾、被捲及跌倒,0,0,0
1203,味王,6,3.12%,衝撞1件，跌倒1件，被夾、被捲3件，無法歸類1件等事故,0,0,0
1210,大成,14,0.49%,跌倒：4件 被捲/被夾：2件 物體飛落：2件 與高溫、低溫之接觸：2件 與有害物接觸：1件 被撞：1件 墜落、滾落：1件 其他、無法歸類者：1件,0,0,0
1213,大飲,0,0.00%,,0,0,0
1215,卜蜂,16,0.65%,,0,0,0
1216,統一,5,0.08%,夾捲2，跌倒1，被撞1，高溫接觸1,0,0,0
1217,愛之味,6,4.53%,,1,0,0.00%
1218,泰山,0,0.00%,,0,0,0
1219,福壽,6,0.92%,職業災害類別為跌倒3件、跌落1件、被刺、割1件及擦傷1件。,1,0,0.00%
1220,台榮,1,0.42%,,0,0,0
1225,福懋油,1,0.42%,,0,0,0
1227,佳格,18,1.75%,,0,0,0
1229,聯華,1,0.00%,職業傷害（墜落）,0,0,0
1231,聯華食,27,0.01%,,0,0,0
1232,大統益,0,0.00%,,0,0,0
1233,天仁,15,1.06%,多為因操作不慎而導致的輕傷、燒燙傷，以及上下班交通事故，但無發生任何職業病或因公死亡之事件，未來將加強宣導交通注意事項，提升全體員工安全意識。,0,0,0
1234,黑松,1,0.17%,夾傷。,0,0,0
1235,興泰,0,0.00%,,0,0,0
1236,宏亞,15,13.70%,機器操作造成的夾傷,0,0,0
1256,鮮活果汁-KY,9,0.99%,,0,0,0
1301,台塑,5,0.42%,,0,0,0
1303,南亞,9,0.04%,,2,0,0.00%
1304,台聚,0,0.00%,無,0,0,0
1305,華夏,0,0.00%,無,2,0,0.00%
1307,三芳,1,1.02%,,0,0,0
1308,亞聚,0,0.00%,亞聚2024年無職業災害發生。,0,0,0
1309,台達化,0,0.00%,無,0,0,0
1310,台苯,0,0.00%,無,0,0,0
1312,國喬,1,0.27%,,0,0,0
1313,聯成,5,4.27%,,0,0,0
1314,中石化,1,0.09%,與高溫、低溫之接觸,0,0,0
1315,達新,0,0.00%,,0,0,0
1316,上曜,0,0.00%,,0,0,0
1319,東陽,0,0.00%,,0,0,0
1321,大洋,6,1.35%,,0,0,0
1323,永裕,4,0.57%,,0,0,0
1324,地球,0,0.00%,,0,0,0
1325,恆大,0,0.00%,,0,0,0
1326,台化,4,0.10%,,0,0,0
1337,再生-KY,0,0.00%,,0,0,0
1338,廣華-KY,0,0.00%,,0,0,0
1339,昭輝,0,0.00%,NA,0,0,0.00%
1340,勝悅-KY,0,0.00%,,0,0,0
1341,富林-KY,7,0.66%,,0,0,0
1342,八貫,0,0.00%,,0,0,0
1402,遠東新,27,0.13%,,1,0,0.00%
1409,新纖,1,0.05%,,0,0,0
1410,南染,2,2.08%,,0,0,0
1413,宏洲,0,0.00%,無,0,0,0
1414,東和,0,0.00%,,0,0,0
1416,廣豐,0,0.00%,,0,0,0
1417,嘉裕,3,1.11%,上下班途中發生意外,0,0,0
1418,東華,0,0.00%,,0,0,0
1419,新紡,0,0.00%,,0,0,0
1423,利華,0,0.00%,,0,0,0
1432,大魯閣,10,0.01%,,0,0,0
1434,福懋,9,1.73%,,0,0,0
1435,中福,0,0.00%,,0,0,0
1436,華友聯,0,0.00%,,0,0,0
1437,勤益控,0,0.00%,,0,0,0
1438,三地開發,0,0.00%,,0,0,0
1439,雋揚,0,0.00%,,0,0,0
1440,南紡,5,0.60%,,0,0,0
1441,大東,0,0.00%,,0,0,0
1442,名軒,0,0.00%,,0,0,0
1443,立益物流,0,0.00%,,0,0,0
1444,力麗,7,0.36%,,1,3,0.16%
1445,大宇,2,2.00%,本公司的職業傷害主要來自廠區內撞傷、跌傷、捲傷、壓傷、切(割)傷及夾傷，為減緩這些職業傷害發生，本公司持續推動安全作業流程宣導，並實施安全管理相關流程之稽核作業；定期舉辦教育訓練和宣導活動，提高員工對安全的意識和知識，致力全面提升安全管理水平，以期達到零職災發生率的目標。2024年度大宇紡織共發生2件工傷，包含1件壓傷及1件撕裂傷。 ,0,0,0
1446,宏和,0,0.00%,,0,0,0
1447,力鵬,5,0.38%,,1,0,0.00%
1449,佳和,6,0.79%,,0,0,0
1451,年興,54,0.68%,,0,0,0
1452,宏益,10,4.41%,,0,0,0
1453,大將,0,0.00%,,0,0,0
1454,台富,0,0.00%,,0,0,0
1455,集盛,6,0.56%,高低溫接觸、捲夾、跌倒、割傷、墜落,2,0,0.00%
1456,怡華,0,0.00%,,0,0,0
1457,宜進,0,0.00%,2024年度無職業災害發生,0,0,0
1459,聯發,0,0.00%,,0,0,0
1460,宏遠,16,1.13%,墜落、物體倒塌、卷夾、火災、感電、物體飛落、與有害物等接觸、跌倒。,0,0,0
1463,強盛新,0,0.00%,,0,0,0
1464,得力,12,1.67%,,0,0,0
1465,偉全,0,0.00%,,0,0,0
1466,聚隆,3,0.88%,交通事故*2件 跌倒、滑倒*1件,1,0,0.00%
1467,南緯,1,0.58%,,0,0,0
1468,昶和,0,0.00%,,0,0,0
1470,大統新創,0,0.00%,,0,0,0
1471,首利,0,0.00%,,0,0,0
1472,三洋實業,0,0.00%,,0,0,0
1473,台南,5,0.02%,,0,0,0
1474,弘裕,4,0.90%,上下班公路交通事故、跌倒,0,0,0
1475,業旺,0,0.00%,N/A,0,0,0
1476,儒鴻,36,0.17%,,0,0,0
1477,聚陽,420,1.08%,,0,0,0
1503,士電,0,0.00%,,0,0,0
1504,東元,24,2.57%,不當動作4件、被夾/捲/割傷6件、撞/砸傷6件、跌倒/墜落4件、感電1件、缺氧1件、其他2件,1,0,0.00%
1506,正道,8,2.13%,,0,0,0
1512,瑞利,1,0.85%,,0,0,0
1513,中興電,8,0.28%,,0,0,0
1514,亞力,0,0.00%,,0,0,0
1515,力山,8,1.04%,,0,0,0
1516,川飛,0,0.00%,,0,0,0
1517,利奇,0,0.00%,,0,0,0
1519,華城,10,4.55%,,0,0,0
1521,大億,0,0.00%,,0,0,0
1522,堤維西,9,0.51%,,0,0,0
1524,耿鼎,5,1.05%,,0,0,0
1525,江申,4,1.25%,,0,0,0
1526,日馳,0,0.00%,,0,0,0
1527,鑽全,5,0.73%,職業災害類型主要可分為三大類：一為交通事故，指員工於執行職務或通勤途中發生的車輛意外；二為職業傷害，常見類型包括割傷、切傷、跌傷、撞傷、夾傷與燙傷等，主要因機具操作不慎或現場環境因素所導致；三為職業病類型，目前已識別之情形為過勞，係由長時間高壓工作所引發之身心健康問題。,0,0,0
1528,恩德,0,0.00%,,0,0,0
1529,樂事綠能,2,2.22%,生產現場意外,0,0,0
1530,亞崴,0,0.00%,,0,0,0
1531,高林股,0,0.00%,,0,0,0
1532,勤美,0,0.00%,,0,0,0
1533,車王電,0,0.00%,車王電子台灣母公司2024 年非員工工作者沒有發生職業傷害。2024年度員工工作者均無發生嚴重職業災害事件及執行職務發生之交通事故。車王電子未來會保持高標準的安全管理，持續往零災害工時之目標推進。,0,0,0
1535,中宇,1,0.09%,,0,0,0
1536,和大,6,6.60%,,0,0,0
1537,廣隆,0,0.00%,,0,0,0
1538,正峰,0,0.00%,,0,0,0
1539,巨庭,0,0.00%,,0,0,0
1540,喬福,0,0.00%,N/A,0,0,0
1541,錩泰,1,0.00%,,0,0,0
1558,伸興,5,0.21%,被切、割、擦傷、跌倒,0,0,0
1560,中砂,7,0.41%,跌倒、切割、物體倒塌,0,0,0
1563,巧新,1,0.07%,,0,0,0
1568,倉佑,2,2.68%,"被夾、被捲                                                                                          			",0,0,0
1582,信錦,0,0.00%,,0,0,0
1583,程泰,0,0.00%,,0,0,0
1587,吉茂,0,0.00%,,0,0,0
1589,永冠-KY,56,2.56%,,0,0,0
1590,亞德客-KY,53,0.61%,,0,0,0
1597,直得,1,0.00%,跌倒,0,0,0
1598,岱宇,0,0.00%,無職災,0,0,0
1603,華電,8,1.36%,,0,0,0
1604,聲寶,6,0.54%,,0,0,0
1605,華新,109,1.02%,,0,0,0
1608,華榮,0,0.00%,,0,0,0
1609,大亞,6,0.93%,,2,0,0.00%
1611,中電,0,0.00%,,0,0,0
1612,宏泰,0,0.00%,,0,0,0
1614,三洋電,0,0.00%,N/A,0,0,0
1615,大山,3,1.08%,,0,0,0
1616,億泰,0,0.00%,,0,0,0
1617,榮星,0,0.00%,,0,0,0
1618,合機,1,0.46%,墜落(滾落)、被夾(捲)傷切(割)傷,0,0,0
1626,艾美特-KY,5,0.90%,,0,0,0
1702,南僑,30,0.57%,,1,0,0.00%
1707,葡萄王,2,0.39%,,0,0,0
1708,東鹼,1,3.45%,,0,0,0
1709,和益,0,0.00%,無此情形,0,0,0
1710,東聯,2,2.89%,暫時性全失能,0,0,0.00%
1711,永光,1,0.05%,與有害物接觸、火災爆炸、物體飛落、衝撞、感電、物體倒塌、被捲夾、缺氧中毒、墜落、滾落、溺斃,0,0,0
1712,興農,2,0.29%,受傷類型為1件捲夾事故，已採消除方式進行風險改善，並經過檢討後修正相關作業及進行人員教育，另1件為職場環境事故，已採用人車分道之改善措施，並設置「管制引導人員」，降低發生事故的風險。,0,0,0
1713,國化,1,0.45%,N/A,0,0,0
1714,和桐,0,0.00%,113年無發生職業災害,0,0,0
1717,長興,8,0.00%,跌倒、絆倒，衝撞，與有害物等之接觸,0,0,0.00%
1718,中纖,6,1.12%,災害類型為跌倒、被夾、被切割與有害物接觸,0,0,0
1720,生達,2,0.24%,,0,0,0
1721,三晃,7,1.50%,,0,0,0
1722,台肥,5,0.75%,,1,0,0.00%
1723,中碳,0,0.00%,,0,0,0
1725,元禎,0,0.00%,,0,0,0
1726,永記,13,8.78%,廠內職災主要為：噴濺、割傷、摔傷等                  廠外職災主要為：交通事故,0,0,0
1727,中華化,8,3.15%,,0,0,0
1730,花仙子,0,0.00%,,0,0,0
1731,美吾華,0,0.00%,,0,0,0
1732,毛寶,1,0.63%,N/A,0,0,0
1733,五鼎,0,0.00%,,0,0,0
1734,杏輝,4,0.50%,,0,0,0
1735,日勝化,1,0.44%,有害物質接觸。,0,0,0
1736,喬山,20,1.44%,,0,0,0
1737,臺鹽,0,0.00%, 113年度無職業災害,0,0,0
1752,南光,8,1.21%,職災主因以上下班之交通事故占大多數，已加強宣導行車之間需保持安全距離。其次是手指被夾傷，已制定新的標準作業程序或張貼警示標語，並完成現場同仁之教育訓練。,0,0,0
1760,寶齡富錦,1,0.18%,N/A,0,0,0
1762,中化生,1,0.33%,2024年公司共計發生1起職災案件，為上下班途中發生交通事故，造成1名員工受傷。對於上下班交通事故案件，加強交通安全宣導，強化同仁日常安全意識及行車安全之重要性，以降低職災發生率，未來依然持續推動傷害預防方案，朝零災害目標前進。,0,0,0
1773,勝一,0,0.00%,,0,0,0
1776,展宇,1,0.86%,,0,0,0
1783,和康生,0,0.00%,,0,0,0
1786,科妍,0,0.00%,,0,0,0
1789,神隆,11,1.47%,,0,0,0
1795,美時,3,0.00%,,0,0,0
1802,台玻,40,0.10%,,0,0,0
1805,寶徠,0,0.00%,,0,0,0
1806,冠軍,3,0.00%,夾捲、割傷,0,0,0
1808,潤隆,0,0.00%,,0,0,0
1809,中釉,0,0.00%,,0,0,0
1810,和成,0,0.00%,無,0,0,0
1817,凱撒衛,4,2.03%,,0,0,0
1903,士紙,0,0.00%,,0,0,0
1904,正隆,21,0.32%,職業傷害的主要類型為捲夾和跌倒等，無任何職業病案例。針對以上工傷事件，公司採取之措施為加強教育訓練、修訂安全作業規定、更改設備之部分零件，以確保員工在作業中持有安全行為之觀念，同時提供員工安全之工作環境，以期邁向零災害作業環境。,0,0,0
1905,華紙,23,0.79%,捲夾，墜落/跌倒，灼燙傷，觸電，割/擦傷，扭傷，噪音，物體墜落，被撞，壓傷，人因工程，刺傷，化學品噴濺，滑倒,0,0,0
1906,寶隆,0,0.00%,,0,0,0
1907,永豐餘,34,0.34%,,0,0,0
1909,榮成,1,0.10%,,0,0,0
2002,中鋼,19,0.20%,墜落/跌倒、夾傷、灼燙傷、割擦傷、碰撞,6,0,0.00%
2006,東和鋼鐵,21,0.98%,,0,0,0
2007,燁興,1,0.22%,,0,0,0
2008,高興昌,3,1.44%,,0,0,0
2009,第一銅,8,3.33%,,0,0,0.00%
2010,春源,9,1.00%,,1,0,0.00%
2012,春雨,7,1.59%,本廠職業災害類別，彙整113年度發生職業災害計7件，均屬輕微傷害，經本廠廠護初步處理後均可恢復與正常工作。,0,0,0
2013,中鋼構,3,3.27%,碰撞、墜落。,0,0,0
2014,中鴻,2,0.19%,,0,0,0
2015,豐興,9,0.92%,,0,0,0
2017,官田鋼,10,0.04%,,0,0,0
2020,美亞,8,2.44%,被夾、被捲，被切、割，與高低溫接觸，不當動作。,0,0,0
2022,聚亨,0,0.00%,,0,0,0
2023,燁輝,0,0.00%,,0,0,0
2024,志聯,4,2.89%,,0,0,0
2025,千興,1,1.52%,職業傷害,0,0,0
2027,大成鋼,52,1.02%,,0,0,0
2028,威致,6,1.57%,,0,0,0
2029,盛餘,0,0.00%,,0,0,0
2030,彰源,7,4.94%,夾捲傷、切割傷、壓傷、撞擊、物體飛落、不當動作等。,0,0,0
2031,新光鋼,5,1.73%,碰撞傷、夾傷、跌倒、肌肉骨骼傷害、切、割、擦傷、與有害物質接觸、物體倒塌、崩塌、其他,0,0,0
2032,新鋼,1,3.68%,被切(割)傷,0,0,0
2033,佳大,1,0.97%,,0,0,0
2034,允強,7,0.88%,職業傷害類型主要為切割擦傷及被捲被夾，本公司已採取改善措施，包含加強安全宣導、教育訓練、動態安全觀察以及提供個人安全防護具，以降低危害發生之機率。,0,0,0
2038,海光,1,0.20%,,0,0,0
2049,上銀,31,0.67%,被刺、割、擦傷、物體飛落、與有害物接觸、被夾、被捲、跌倒、不當動作、衝撞、被撞、墜落、滾落、交通事件,0,0,0
2059,川湖,0,0.00%,,0,0,0
2062,橋椿,15,1.50%,,0,0,0
2069,運錩,3,1.70%,,0,0,0
2101,南港,30,1.53%,被夾、捲傷：9件 被撞：2件 被切、割、擦傷：1件 跌倒：3件 物體飛落：2件 與高溫接觸(燙傷)：5件 墜落、滾落：1件 扭傷：4件 其他：3件 ,0,0,0
2102,泰豐,0,0.00%,,0,0,0
2103,台橡,2,0.12%,113年員工職業傷害類型為被撞1 件( 撞擊導致臉頰劃傷)與跌倒1 件 ( 被警戒繩絆住摔倒導致頭部受傷)，皆非屬嚴重職業傷害。,0,0,0
2104,國際中橡,3,0.24%,2024年國際中橡員工職災事故共有3起，包括：墜落/滾落、不當動作造成的職業傷害、跌倒事件。,0,0,0
2105,正新,77,1.78%,,0,0,0.00%
2106,建大,18,4.57%,,0,0,0
2107,厚生,1,0.52%,,0,0,0
2108,南帝,0,0.00%,,0,0,0
2109,華豐,10,1.99%,,0,0,0
2114,鑫永銓,2,1.90%,,0,0,0
2115,六暉-KY,0,0.00%,,0,0,0
2201,裕隆,1,0.09%,,0,0,0
2204,中華,8,0.70%,,1,0,0.00%
2206,三陽工業,2,0.08%,撞擊,0,0,0
2207,和泰車,0,0.00%,,0,0,0
2208,台船,13,0.47%,,5,0,0.00%
2211,長榮鋼,4,4.39%,,0,0,0
2227,裕日車,0,0.00%,,0,0,0
2228,劍麟,1,0.25%,,0,0,0
2231,為升,2,0.52%,,0,0,0
2233,宇隆,2,0.49%,,0,0,0
2236,百達-KY,0,0.00%,,0,0,0
2239,英利-KY,3,0.33%,,0,0,0
2241,艾姆勒,0,0.00%,無,0,0,0
2243,宏旭-KY,0,0.00%,,0,0,0
2247,汎德永業,3,0.18%,,0,0,0
2248,華勝-KY,0,0.00%,,0,0,0
2250,IKKA-KY,0,0.00%,N/A,0,0,0
2254,巨鎧精密-創,0,0.00%,,0,0,0
2258,鴻華先進-創,12,1.30%,,0,0,0
2301,光寶科,45,0.14%,被夾、被捲之事件（約占40%）,3,0,0.00%
2302,麗正,0,0.00%,0,0,0,0
2303,聯電,7,0.04%,走路受傷3人、接觸化學品受傷3人、其他1人 ,0,0,0
2305,全友,0,0.00%,N/A,0,0,0
2308,台達電,10,0.08%,損失工時職業災害 ,0,0,0
2312,金寶,45,0.25%,本公司依據勞動部職業安全署要求申報之職業傷害類別，蒐集全球廠區職業傷害人數。職業傷害類別包含墜落、滾落、跌倒、衝撞、物體飛落、物體倒塌、被撞、被夾/捲、切割擦傷、踩踏、與高溫/低溫接觸、與有害物接觸、感電、爆炸、物體破裂、火災、不當動作、其他傷害。,0,0,0
2313,華通,66,0.30%,除上下班途中之交通事故外，傷害類別主要為以作業環境事件為主，其中設備捲夾與物體飛落出現較頻繁，均已針對各事件進行事故調查及原因分析，並請權責單位針對環境變化擬定適當改善措施及預防再發，以降低同仁及工作者作業風險，針對交通事故我們也加強員工交通安全宣導及教育訓練。,0,0,0
2314,台揚,0,0.00%,無 ,0,0,0
2316,楠梓電,5,0.43%,,0,0,0
2317,鴻海,0,0.00%,-,0,0,0.00%
2321,東訊,3,1.97%,,0,0,0
2323,中環,10,1.80%,,0,0,0
2324,仁寶,33,0.09%,職災類型主要為通勤交通意外 ,0,0,0
2327,國巨,24,0.21%,與有害物接觸、跌倒、壓傷等,0,0,0
2328,廣宇,0,0.00%,N/A,0,0,0
2329,華泰,12,1.16%,跌倒、墜落、物體飛落、燙傷、割傷,0,0,0
2330,台積電,37,0.05%,跌倒、碰撞傷、夾傷、捲傷、物體飛落、切、割、擦傷、不當動作、其他,0,0,0
2331,精英,4,0.72%,上下班交通事故4人,0,0,0
2332,友訊,0,0.00%,未發生職災,0,0,0
2337,旺宏,3,0.07%,碰撞、夾傷及跌倒,0,0,0
2338,光罩,1,0.20%,2024年列入職業傷害指標計算之職災件數為1件為2024年4月3日地震造成廠區更衣室天花板輕鋼架及燈座掉落砸傷頭部。,0,0,0
2340,台亞,1,0.12%,人員傷害,0,0,0
2342,茂矽,4,0.67%,墜落、跌倒、交通事故,0,0,0
2344,華邦電,9,0.11%,跌倒6件、化學品1件、切割傷2件,0,0,0
2345,智邦,10,0.25%,砸傷、撞傷、夾捲、壓傷、割傷,0,0,0
2347,聯強,17,1.70%,8件為上下班發生之交通事故、9件為同仁執行勤務中因自身安全疏忽發生意外事故,0,0,0
2348,海悅,0,0.00%,,0,0,0
2349,錸德,0,0.00%,,0,0,0
2351,順德,7,0.50%,,0,0,0
2352,佳世達,2,0.10%,物理性,0,0,0
2353,宏碁,28,0.30%,分析職業傷害類別主要為壓傷及外出開會交通意外,0,0,0
2354,鴻準,2,0.03%,工作場所,0,0,0
2355,敬鵬,46,0.01%,墜落.滾落、跌倒、物體飛落(破裂)、被撞、被夾.被捲、被切割.擦傷、與有害物等之接觸、其他,0,0,0
2356,英業達,24,0.54%,跌倒、切割傷、物體倒塌、被撞等 ,0,0,0
2357,華碩,3,0.20%,可紀錄之職業傷害數共 3 件，工作過程不慎受傷：球場球網雙設遭鐵片打傷（1）、二階人字梯跌傷（1）、泳池擦拭落地窗踩空跌傷（1），以上均已完成環境改善及建立標準操作SOP 供執行,0,0,0
2359,所羅門,0,0.00%,,0,0,0
2360,致茂,4,0.19%,跌倒、被撞、物體破裂,0,0,0
2362,藍天,1,0.00%,廠內受傷,0,0,0
2363,矽統,0,0.00%,N/A,0,0,0
2364,倫飛,0,1.04%,燙傷、割傷、滑倒,0,0,0
2365,昆盈,0,0.00%,無職災,0,0,0
2367,燿華,26,0.57%,26件,0,0,0
2368,金像電,20,0.75%,切割傷/跌倒,0,0,0
2369,菱生,0,0.00%,無,0,0,0
2371,大同,18,0.78%,墜落2件，跌倒3件，物體飛落1件，被撞5件，捲夾1件，割傷1件，與高溫接觸1件，公出交通意外4件，共計18件。,0,0,0
2373,震旦行,1,0.57%,機器設備掉落砸傷拇指,0,0,0
2374,佳能,0,0.00%,無,0,0,0
2375,凱美,0,0.00%,未有相關情事發生,0,0,0
2376,技嘉,9,0.13%,作業過程中不當動作、物體飛落，發生夾傷、割傷、跌倒、眼睛異物侵入,0,0,0
2377,微星,13,0.12%,一般職業傷害事故,0,0,0
2379,瑞昱,0,0.00%,無,0,0,0
2380,虹光,0,0.00%,N/A,0,0,0
2382,廣達,34,0.30%,壓傷、撞傷、跌傷 ,0,0,0
2383,台光電,36,0.68%,交通事件、被夾、被捲、壓傷、砸傷、跌倒等 ,0,0,0
2385,群光,22,0.13%,交通、物體破裂、被夾、被捲、壓傷、砸傷、被刺、割、擦傷、跌倒、被撞,0,0,0
2387,精元,0,0.00%,,0,0,0
2388,威盛,0,0.00%,無,0,0,0
2390,云辰,1,1.28%,N/A,0,0,0
2392,正崴,31,0.52%,機械傷害、其他傷害、物理打擊,0,0,0
2393,億光,8,2.32%,被捲夾、機械傷害、夾傷,0,0,0
2395,研華,11,0.00%,切割/ 跌倒/ 其他,0,0,0
2397,友通,2,0.00%,,0,0,0
2399,映泰,0,0.00%,當年度未發生,0,0,0
2401,凌陽,0,0.00%,無,0,0,0
2402,毅嘉,0,0.00%,無,0,0,0
2404,漢唐,0,0.00%,,0,0,0
2405,輔信,0,0.00%,N/A,0,0,0
2406,國碩,0,0.00%,無職業災害,0,0,0
2408,南亞科,3,0.08%,1件跌倒、2件夾傷,0,0,0
2409,友達,27,0.32%,滑跌倒傷、夾捲壓傷、砸傷撞擊、扭挫傷、刺劃切傷、墜落傷,0,0,0
2412,中華電,13,0.06%,跌倒、墜落、交通事故,2,0,0.00%
2413,環科,0,0.00%,,0,0,0
2414,精技,3,0.72%,上下班途中之交通事故,0,0,0
2415,錩新,0,0.00%,,0,0,0
2417,圓剛,0,0.00%,,0,0,0
2419,仲琦,0,0.00%,不適用,0,0,0
2420,新巨,0,0.00%,,0,0,0
2421,建準,3,0.15%,主要為人員未依規定操作機台所造成之傷害。,2,0,0.00%
2423,固緯,0,0.00%,,0,0,0
2424,隴華,0,0.00%,無,0,0,0
2425,承啟,0,0.00%,,0,0,0
2426,鼎元,4,0.51%,,0,0,0
2427,三商電,1,0.12%,,0,0,0
2428,興勤,0,0.00%,,0,0,0
2429,銘旺科,0,0.00%,無此情形,0,0,0
2430,燦坤,25,1.16%,,0,0,0
2431,聯昌,0,0.00%,,0,0,0
2432,倚天酷碁-創,0,0.00%,,0,0,0
2433,互盛電,0,0.00%,,0,0,0
2434,統懋,0,0.00%,,0,0,0
2436,偉詮電,1,0.34%,,0,0,0
2438,翔耀,0,0.00%,N/A,0,0,0
2439,美律,1,0.02%,N/A,0,0,0
2440,太空梭,0,0.00%,,0,0,0
2441,超豐,5,0.12%,捲夾/跌倒/撞傷,0,0,0
2442,新美齊,0,0.00%,,0,0,0
2444,兆勁,0,0.00%,,0,0,0
2449,京元電子,29,1.90%,物理性危害,0,0,0
2450,神腦,3,14.69%,跌倒,0,0,0
2451,創見,2,1.03%,摔傷1件、挫傷1件 ,0,0,0
2453,凌群,4,0.31%,,0,0,0
2454,聯發科,2,0.01%,墜落、滾落、跌倒,0,0,0
2455,全新,3,0.08%,113年度職業災害共計3件，其中墜落1件、不當動作1件、公路交通意外1件,0,0,0
2457,飛宏,12,0.24%,2024年飛宏職災發生類別如右:林口總部:員工拉傷1件、扭傷1件;東莞飛宏: 員工壓傷3件、摔傷4件;海防飛宏:員工壓傷1件;台南馳諾瓦:員工擦傷事故1件、感電事故1件、燙傷1件。 ,0,0,0
2458,義隆,0,0.00%,無,0,0,0
2459,敦吉,0,0.00%,,0,0,0
2460,建通,0,0.00%,,0,0,0
2461,光群雷,0,0.00%,,0,0,0
2462,良得電,0,0.00%,,0,0,0
2464,盟立,1,0.09%,N/A,0,0,0
2466,冠西電,1,0.66%,通勤職災,0,0,0
2467,志聖,3,0.71%,8件上下班及非上下班公路交通事故、1件工安事故,0,0,0
2468,華經,0,0.00%,職業災害分為職業傷害及職業病二類，並據「勞工保險被保險人因執行職務而致傷病審查準則」及「勞工保險職業病種類表」等規定加以認定。,0,0,0
2471,資通,0,0.00%,N/A,0,0,0
2472,立隆電,0,0.00%,,0,0,0
2474,可成,42,0.28%,跌傷、摔傷、撞傷；被夾、被捲；被切、割、擦傷；物體飛落；與高溫、低溫之接觸及其他類型等,2,0,0.00%
2476,鉅祥,6,0.93%,非通勤交通事故、高低溫接觸、被切割擦傷,0,0,0
2477,美隆電,0,0.00%,N/A,0,0,0
2478,大毅,8,0.93%,,0,0,0
2480,敦陽科,0,0.00%,,0,0,0
2481,強茂,4,0.27%,係跌倒及撞傷事故,0,0,0
2482,連宇,0,0.00%,,0,0,0
2483,百容,14,2.30%,,0,0,0
2484,希華,0,0.00%,,0,0,0
2485,兆赫,9,0.85%,上下班交通事故 非上下班交通事故 跌倒 物體倒塌、崩塌 被切、割、擦傷,0,0,0.00%
2486,一詮,6,0.73%,物體倒塌、崩塌；被切、割、擦傷；跌倒；與有害物等之接觸；上下班公路交通事故及其他,0,0,0
2488,漢平,0,0.00%,,0,0,0
2489,瑞軒,0,0.00%,,0,0,0
2491,吉祥全,0,0.00%,N/A,0,0,0
2492,華新科,19,0.36%,跌倒、衝撞、物體飛落、被撞、被切/割/擦傷、被夾、被捲、與高溫、低溫之接觸、與有害物之接觸、感電及不當動作,0,0,0
2493,揚博,0,0.00%,,0,0,0
2495,普安,0,0.00%,無，113年度無職業災害發生,1,0,0.00%
2496,卓越,0,0.00%,,0,0,0
2497,怡利電,0,0.00%,,0,0,0
2498,宏達電,2,0.56%,HTC 2024發生2件可記錄職業傷害，分別為夾傷及跌倒；就職業病方面而言，HTC公司的工作環境並非重度污染或有毒作業環境，在2024年內未發生任何因工作性質或場所而導致的職業病危害情況。,0,0,0
2501,國建,1,0.50%,,0,0,0
2504,國產,3,0.46%,,0,0,0
2505,國揚,0,0.00%,,0,0,0
2506,太設,0,0.00%,,0,0,0
2509,全坤建,0,0.00%,N/A,0,0,0
2511,太子,0,0.00%,,0,0,0
2514,龍邦,0,0.00%,,0,0,0
2515,中工,16,0.75%,跌倒7人、切割/捲夾2人、物體飛落1人、衝撞1人、噴濺1人、車禍4人,3,0,0.00%
2516,新建,7,0.74%,,0,0,0
2520,冠德,0,0.00%,,0,0,0
2524,京城,0,0.00%,N/A,0,0,0
2527,宏璟,0,0.00%,,0,0,0
2528,皇普,0,0.00%,,0,0,0
2530,華建,0,0.00%,,0,0,0
2534,宏盛,0,0.00%,,0,0,0
2535,達欣工,1,0.16%,跌倒,0,0,0
2536,宏普,0,0.00%,,0,0,0
2537,聯上發,0,0.00%,,0,0,0
2538,基泰,0,0.00%,,0,0,0
2539,櫻花建,5,2.84%,,0,0,0
2540,愛山林,0,0.00%,,0,0,0
2542,興富發,0,0.00%,,0,0,0
2543,皇昌,3,1.97%,,0,0,0
2545,皇翔,0,0.00%,,0,0,0
2546,根基,2,0.18%,,0,0,0
2547,日勝生,4,0.24%,,0,0,0
2548,華固,0,0.00%,,0,0,0
2597,潤弘,0,0.00%,,0,0,0
2601,益航,0,0.00%,,0,0,0
2603,長榮,9,1.43%,,0,0,0
2605,新興,0,0.00%,,0,0,0
2606,裕民,0,0.00%,,0,0,0
2607,榮運,9,0.87%,,0,0,0
2608,嘉里大榮,97,11.58%,因產業特性，勞動場所意外事故中，主要為公路交通事故。,0,0,0
2609,陽明,7,1.30%,,1,0,0.00%
2610,華航,46,0.46%,,0,0,0
2611,志信,0,0.00%,,0,0,0
2612,中航,0,0.00%,,0,0,0
2613,中櫃,17,7.26%,職業傷害：因工作環境因素致立即性傷害、疾病、失能、死亡。 職業疾病：與工作內容有關因子促發疾病發生致傷害、疾病、失能、死亡。 通勤職災：通勤時發生意外事故致傷害、疾病、失能、死亡。,0,0,0
2614,東森,0,0.00%,,0,0,0
2615,萬海,17,0.56%,,0,0,0
2616,山隆,1,0.00%,墜落、滾落,0,0,0
2617,台航,0,0.00%,,0,0,0
2618,長榮航,152,1.47%,交通事故、跌倒、物體飛落、衝撞、墜落滾落、被夾被捲、與高低溫接觸、被撞、被切割擦傷、物體倒塌崩塌、不當動作、其他。,0,0,0
2630,亞航,7,0.63%,,0,0,0
2633,台灣高鐵,6,0.07%,職業傷害(上述職業災害數據之統計係達到「暫時性失能」(公傷假時數達8小時/日)之標準。),0,0,0
2634,漢翔,19,1.12%,,1,0,0.00%
2636,台驊控股,0,0.00%,,0,0,0
2637,慧洋-KY,0,0.00%,,0,0,0
2642,宅配通,54,2.63%,,0,0,0
2645,長榮航太,30,0.87%,,0,0,0
2646,星宇航空,18,2.31%,,0,0,0
2701,萬企,0,0.00%,,0,0,0
2702,華園,0,0.00%,,0,0,0.00%
2704,國賓,6,1.20%,工傷,0,0,0
2705,六福,61,0.42%,踩踏、上下班公路交通事故、物體飛落、其他、被切、割、擦傷、跌倒、上下班其他交通事故、與高溫、低溫之接觸、不當動作、被撞,2,0,0.00%
2706,第一店,0,0.00%,NA,0,0,0
2707,晶華,36,2.06%,,0,0,0
2712,遠雄來,1,0.32%,,0,0,0
2722,夏都,9,2.31%,1.被切、割、擦傷  2.上下班公路交通事故,0,0,0
2723,美食-KY,110,0.98%,,0,0,0
2727,王品,174,1.61%,,3,0,0.00%
2731,雄獅,0,0.00%,,0,0,0
2739,寒舍,68,3.90%,,0,0,0.00%
2748,雲品,21,1.59%,發生之職業傷害主要類別包括燒燙傷、切割傷及跌倒等。,0,0,0
2753,八方雲集,16,6.40%,,0,0,0
2762,世界健身-KY,65,0.16%,,0,0,0
2801,彰銀,4,0.06%,交通事故、作業原因而致傷害,0,0,0
2812,台中銀,0,0.00%,,0,0,0
2816,旺旺保,0,0.00%,,0,0,0
2820,華票,0,0.00%,,0,0,0
2832,台產,2,0.22%,,0,0,0
2834,臺企銀,12,0.22%,,0,0,0
2836,高雄銀,9,0.77%,公傷,0,0,0
2838,聯邦銀,26,0.65%,上下班事故或公出事故,0,0,0
2845,遠東銀,0,0.00%,,0,0,0
2849,安泰銀,14,0.88%,通勤職災及職業傷害,0,0,0
2850,新產,3,0.20%,,0,0,0.00%
2851,中再保,3,1.80%,,0,0,0
2852,第一保,4,0.47%,,0,0,0
2855,統一證,1,0.00%,,0,0,0
2867,三商壽,24,3.74%,通勤期間的交通意外類型,0,0,0
2880,華南金,52,0.45%,職災類型多為出差或通勤時間之交通事故。,0,0,0
2881,富邦金,73,0.38%,上下班、因公出差發生之交通意外,0,0,0
2882,國泰金,123,0.27%,跌倒、不當動作、交通事故、被撞、物體飛落等,0,0,0
2883,凱基金,0,0.00%,,0,0,0
2884,玉山金,22,0.24%,2024年非通勤之職災類型包含失足跌倒、不當動作及碰撞傷害等，同仁均屬輕傷無大礙。,0,0,0
2885,元大金,8,0.06%,於執勤公務或公差途中發生,0,0,0
2886,兆豐金,73,0.75%,,0,0,0
2887,台新金,0,0.00%,,0,0,0
2889,國票金,0,0.00%,上下班途中及上班場域發生之意外。,0,0,0
2890,永豐金,200,1.85%,,0,0,0
2891,中信金,75,0.31%,包含上下班途中交通事故、執行職務時受傷等。,0,0,0
2892,第一金,16,0.16%,,0,0,0
2897,王道銀行,10,0.81%,本行2024年發生之職業災害皆為正職員工通勤事故。,0,0,0
2901,欣欣,0,0.00%,,0,0,0
2903,遠百,0,0.00%,無職災,0,0,0
2904,匯僑,3,4.62%,,0,0,0
2905,三商,19,1.05%,,0,0,0
2906,高林,1,0.48%,,0,0,0
2908,特力,2,0.54%,,0,0,0
2910,統領,0,0.00%,,0,0,0
2911,麗嬰房,4,0.63%,,0,0,0
2912,統一超,33,0.36%,,0,0,0
2913,農林,4,2.05%,,0,0,0
2915,潤泰全,4,0.78%,,0,0,0
2923,鼎固-KY,0,0.00%,,0,0,0
2929,淘帝-KY,0,0.00%,N/A,0,0,0
2939,永邑-KY,0,0.00%,,0,0,0
2945,三商家購,17,2.10%,,0,0,0
3002,歐格,0,0.00%,,0,0,0
3003,健和興,1,0.70%,,0,0,0
3004,豐達科,7,1.38%,捲夾傷、切割傷、交通、滑跌倒,0,0,0
3005,神基,11,0.12%,"職業傷害事件共11件，包含2件辦公室輕微事故(絆倒, 手部割傷)，9件設備操作相關事故(砸傷, 夾傷, 打滑跌倒, 物體擊傷等)",0,0,0
3006,晶豪科,0,0.00%,無,0,0,0
3008,大立光,26,0.32%,,0,0,0
3010,華立,0,0.00%,截至2024年本公司並無發生職業災害或職業病之情事。,0,0,0
3011,今皓,0,0.00%,無職災發生,0,0,0
3013,晟銘電,50,1.74%,主要以壓傷 、砸伤為主,0,0,0
3014,聯陽,0,0.00%,無發生職災,0,0,0.00%
3015,全漢,0,0.00%,,0,0,0
3016,嘉晶,0,0.00%,2024年皆未發生因作業場所活動導致之職業災害。,0,0,0
3017,奇鋐,47,0.21%,運行機台作業過程中所致壓傷、夾傷和摔傷、砸傷等,1,0,0.00%
3018,隆銘綠能,0,0.00%,,0,0,0
3019,亞光,0,0.00%,N/A,0,0,0
3021,鴻名,0,0.00%,,0,0,0
3022,威強電,0,0.00%,無。,0,0,0
3023,信邦,4,1.68%,主要職業災害類別：工廠發生的跌倒、物體飛落、被夾/被捲,0,0,0
3024,憶聲,0,0.00%,,0,0,0
3025,星通,0,0.00%,,0,0,0
3026,禾伸堂,7,0.70%,被切、割、擦傷；感電；被捲被夾；跌倒；與有害物等之接觸。,0,0,0
3027,盛達,0,0.00%,,0,0,0
3028,增你強,6,0.80%,通勤職災,0,0,0
3029,零壹,0,0.00%,,0,0,0
3030,德律,7,1.14%,被捲被夾、交通事故,0,0,0
3031,佰鴻,1,0.01%,通勤職災 受傷,0,0,0
3032,偉訓,0,0.00%,,0,0,0
3033,威健,3,0.62%,第一件為踩空扭傷左腳，後兩件為均為左手壓割傷。,0,0,0
3034,聯詠,1,0.03%,跌倒,0,0,0
3035,智原,0,0.00%,N/A,0,0,0
3036,文曄,0,0.00%,無,0,0,0
3037,欣興,12,0.07%,行走不慎，跌倒居多,1,0,0.00%
3038,全台,5,0.60%,,1,0,0.00%
3040,遠見,0,0.00%,,0,0,0
3041,揚智,0,0.00%,,0,0,0
3042,晶技,2,0.21%,跌倒,0,0,0
3043,科風,0,0.00%,,0,0,0
3044,健鼎,0,0.00%,N/A,0,0,0
3045,台灣大,1,0.02%,不當動作,0,0,0
3046,建碁,0,0.00%,,0,0,0
3047,訊舟,0,0.00%,無,0,0,0
3048,益登,0,0.00%,N/A,0,0,0
3049,精金,0,0.00%,主要類別為非上下班,0,0,0
3050,鈺德,0,0.00%,,0,0,0
3051,力特,1,0.16%,樓梯墜落傷害1件,0,0,0
3052,夆典,0,0.00%,2024年員工及非員工工作者皆無發生職業傷害及職業病之案例。,0,0,0
3054,立萬利,0,0.00%,N/A,0,0,0
3055,蔚華科,0,0.00%,,0,0,0
3056,富華新,0,0.00%,,0,0,0
3057,喬鼎,0,0.00%,,0,0,0
3058,立德,0,0.00%,N/A,0,0,0
3059,華晶科,0,0.00%,,0,0,0
3060,銘異,0,0.00%,,0,0,0
3062,建漢,1,0.49%,報告期間工時台灣廠區發生1起輕微之非人為職業傷害事件，事件為員工下班時於停車場，遭流浪犬咬傷。本公司已即時通報並協助同仁就醫，透過加強巡邏與驅離措施，以降低流浪犬出入廠區之頻率。 ,0,0,0
3090,日電貿,0,0.00%,N/A,0,0,0
3092,鴻碩,0,0.00%,,0,0,0
3094,聯傑,0,0.00%,,0,0,0
3130,一零四,6,0.64%,上下班交通事故,0,0,0
3138,耀登,0,0.00%,,0,0,0
3149,正達,2,0.52%,化學品灼傷：因作業不慎導致化學液體噴濺至人員腳部，造成皮膚灼傷 撕裂傷：執行研磨作業時，磨輪破裂碎片飛擊中人員臉部，導致撕裂傷 ,0,0,0
3150,鈺寶-創,0,0.00%,,0,0,0
3164,景岳,0,0.00%,,0,0,0
3167,大量,2,1.00%,,0,0,0
3168,眾福科,0,0.00%,未發生職業災害,0,0,0
3189,景碩,18,0.27%,有害物接觸/跌倒/夾傷/切割傷/物品掉落,0,0,0
3209,全科,0,0.00%,無,0,0,0
3229,晟鈦,0,0.00%,,0,0,0
3231,緯創,32,0.06%,機械傷害,2,0,0.00%
3257,虹冠電,0,0.00%,,0,0,0
3266,昇陽,0,0.00%,,0,0,0
3296,勝德,0,0.00%,,0,0,0
3305,昇貿,0,0.00%,N/A,0,0,0
3308,聯德,0,0.00%,N/A,0,0,0
3311,閎暉,0,0.00%,,0,0,0
3312,弘憶股,0,0.00%,,0,0,0
3321,同泰,6,4.57%,N/A,0,0,0
3338,泰碩,0,0.00%,熱傷害、噪音、粉塵、工藝廢氣,0,0,0
3346,麗清,7,4.04%,"夾,捲,壓傷 跌倒,滑倒 燙傷 ",0,0,0
3356,奇偶,7,4.63%,通勤交通事故、作業疏失所導致的職災事故,0,0,0
3376,新日興,17,0.48%,,0,0,0
3380,明泰,0,0.00%,無,0,0,0
3406,玉晶光,13,1.46%,,0,0,0
3413,京鼎,23,2.81%,燒燙傷、摔傷跌倒、機械傷害,0,0,0
3416,融程電,1,0.23%,切割傷,0,0,0
3419,譁裕,0,0.00%,,0,0,0
3432,台端,0,0.00%,無,0,0,0
3437,榮創,1,0.00%,夾傷,0,0,0
3443,創意,0,0.00%,,0,0,0
3447,展達,0,0.00%,,0,0,0
3450,聯鈞,7,1.10%,廠外交通事故,0,0,0
3481,群創,12,0.04%,公司前五大職災及占所有災害類別占比：1.被壓，占6.9%；2.被切、割、擦傷，占5.2%；3.衝撞，占5.2%；4.被夾、被捲、被撞，占3.4%；5.跌倒、滑倒，占3.4%,2,0,0.00%
3494,誠研,0,0.00%,,0,0,0
3501,維熹,0,0.00%,,0,0,0
3504,揚明光,5,0.35%,職業災害類別分為：割/刺/壓傷、撞傷及職業病三大類。,1,0,0.00%
3515,華擎,0,0.00%,,0,0,0
3518,柏騰,0,0.00%,,0,0,0
3528,安馳,0,0.00%,,0,0,0
3530,晶相光,0,0.00%,,0,0,0
3532,台勝科,0,0.00%,無,0,0,0
3533,嘉澤,5,0.05%,,0,0,0
3535,晶彩科,0,0.00%,無,0,0,0
3543,州巧,7,11.07%,,0,0,0
3545,敦泰,0,0.00%,無職災,0,0,0
3550,聯穎,0,0.00%,,0,0,0
3557,嘉威,23,0.19%,,0,0,0
3563,牧德,2,0.06%,交通事故,0,0,0
3576,聯合再生,3,0.00%,,0,0,0
3583,辛耘,1,0.75%,,0,0,0
3588,通嘉,0,0.00%,,0,0,0
3591,艾笛森,0,0.00%,,0,0,0
3592,瑞鼎,2,0.22%,,0,0,0
3593,力銘,0,0.00%,,0,0,0
3596,智易,0,0.00%,N/A,0,0,0
3605,宏致,8,0.14%,被夾、被捲,0,0,0
3607,谷崧,0,0.00%,,0,0,0
3617,碩天,0,0.00%,,0,0,0
3622,洋華,0,0.00%,,0,0,0
3645,達邁,0,0.00%,,0,0,0
3652,精聯,5,1.00%,工作場域執勤受傷4件、外勤受傷1件,0,0,0
3653,健策,8,0.44%,,0,0,0
3661,世芯-KY,2,1.49%,上下班交通事故,0,0,0
3665,貿聯-KY,70,41.00%,,0,0,0
3669,圓展,1,0.18%,,0,0,0
3673,TPK-KY,19,0.00%,交通事故、機械傷害,0,0,0
3679,新至陞,6,0.19%,職業災害類別為：壓傷、砸傷(33%)、交通事故(33%)，被夾、被捲(17%)、被刺、割、擦傷(17%),0,0,0
3686,達能,0,0.00%,,0,0,0
3694,海華,0,0.00%,,0,0,0
3701,大眾控,1,0.02%,員工雨天不慎滑倒及搬運其不慎挫傷，發生事故災害下依規定送醫診療，員工已康復，並無重大職業傷害,0,0,0
3702,大聯大,0,0.00%,無，大聯大控股之產業類別屬低職業安全衛生風險產業，2024年無職業災害事件發生。,0,0,0
3703,欣陸,1,0.04%,,0,0,0
3704,合勤控,7,0.18%,可記錄職業傷害,0,0,0
3705,永信,14,0.84%,,0,0,0
3706,神達,16,1.11%,撞傷、跌倒、割傷、感電,0,0,0
3708,上緯投控,2,3.05%,,0,0,0
3711,日月光投控,0,0.00%,物理性、化學性與人因工程性職業災害,0,0,0
3712,永崴投控,2,0.08%,機械傷害/扭傷,0,0,0
3714,富采,19,0.25%,,1,0,0.00%
3715,定穎投控,0,0.00%,無,0,0,0
3716,中化控股,4,1.62%,1.上下班途中交通事故3人。 2.工作受傷1人。,0,0,0
4104,佳醫,0,0.00%,,0,0,0
4106,雃博,10,3.80%,,0,0,0
4108,懷特,0,0.00%,,0,0,0
4119,旭富,0,0.00%,,0,0,0
4133,亞諾法,0,0.00%,本公司113年度無任何職業災害之情事發生。,0,0,0
4137,麗豐-KY,0,0.00%,,0,0,0
4142,國光生,3,2.82%,跌倒/割傷/跌落,0,0,0
4148,全宇生技-KY,2,0.50%,,0,0,0
4155,訊映,0,0.00%,N/A,0,0,0
4164,承業醫,10,2.47%,,0,0,0
4190,佐登-KY,4,0.00%,,0,0,0
4306,炎洲,14,1.14%,,0,0,0
4414,如興,0,0.00%,,0,0,0
4426,利勤,26,4.49%,交通事故,0,0,0
4438,廣越,0,0.00%,,0,0,0
4439,冠星-KY,38,1.91%,,0,0,0
4440,宜新實業,0,0.00%,N/A,0,0,0
4526,東台,2,1.58%,1. 切、割、擦傷 2. 壓、夾傷 3.交通事故,0,0,0
4532,瑞智,2,3.21%,跌倒、凍傷,1,0,0.00%
4536,拓凱,2,0.71%,1.被夾：同仁在進行模具拆除作業時，因燈光視線不良，不慎遭工具夾傷，造成左手指撕裂傷。 2.壓傷：同仁倉儲作業時，不慎遭電動拖板車壓傷，因未穿著安全鞋，造成左腳腳指瘀青。,0,0,0
4540,全球傳動,7,0.89%,切割傷、捲夾,0,0,0
4545,銘鈺,3,0.59%,,0,0,0
4551,智伸科,0,0.00%,,0,0,0
4552,力達-KY,0,0.00%,,0,0,0
4555,氣立,0,0.00%,割傷、壓傷、滑倒,0,0,0
4557,永新-KY,0,0.00%,,0,0,0
4560,強信-KY,0,0.00%,,0,0,0
4562,穎漢,1,0.36%,,0,0,0
4564,元翎,0,0.00%,,0,0,0
4566,時碩工業,5,1.25%,設備/場地傷害、操作不當傷害,0,0,0
4569,六方科-KY,15,1.37%,主要係意外傷害，例如操作設備造成的撕裂傷、夾傷或擠壓傷。,0,0,0
4571,鈞興-KY,3,0.33%,,0,0,0
4572,駐龍,9,2.77%,,0,0,0
4576,大銀微系統,4,0.73%,,0,0,0
4581,光隆精密-KY,0,0.00%,,0,0,0
4583,台灣精銳,1,0.14%,,0,0,0
4588,玖鼎電力,1,0.85%,被夾、被捲,0,0,0
4720,德淵,1,0.47%,職業傷害,0,0,0
4722,國精化,0,0.00%,,0,0,0
4736,泰博,0,0.00%,"項次  危害類別 01.	切割捲夾 02.	化學品危害 03.	墜落 04.	火災 05.	物體倒塌 06.	觸電 07.	物體飛落 08.	通路 09.	火災爆炸 10.	跌倒 11.	其他",0,0,0
4737,華廣,6,0.53%,,0,0,0
4739,康普,9,10.96%,,0,0,0
4746,台耀,20,17.53%,夾傷、燙傷、刮傷、噴濺、化學品灼傷,1,0,0.00%
4755,三福化,0,0.00%,113年無職業災害事件,0,0,0
4763,材料-KY,11,1.71%,,0,0,0
4764,雙鍵,1,0.50%,,1,0,0.00%
4766,南寶,7,0.21%,1.與高溫、低溫之接觸 2.物體倒塌、崩塌 3.被撞 4.跌倒,0,0,0
4770,上品,3,3.07%,,0,0,0
4771,望隼,8,1.45%,,0,0,0
4807,日成-KY,0,0.00%,,0,0,0
4904,遠傳,2,0.04%,跌倒、踩空(各一人),9,0,0.00%
4906,正文,1,0.54%,割傷,0,0,0
4912,聯德控股-KY,6,0.01%,交通事故、機械傷害,0,0,0
4915,致伸,22,0.23%,22件職業傷害案件的類型包括：墜落滾落、跌倒、衝撞、被撞、被夾/捲、被切/割/擦傷、與有害物質之接觸及不當動作等，詳細佔比及管理措施說明，請參考致伸科技2024年永續報告書第142頁,0,0,0
4916,事欣科,0,0.00%,,0,0,0
4919,新唐,1,0.06%,化學品噴濺,0,0,0
4927,泰鼎-KY,42,0.51%,主要類型為設備的不當操作及化學品噴濺。,0,0,0
4930,燦星網,4,0.11%,,0,0,0
4934,太極,0,0.00%,,0,0,0
4935,茂林-KY,2,0.16%,,0,0,0
4938,和碩,1,0.00%,物品飛落,0,0,0
4942,嘉彰,0,0.00%,,0,0,0
4943,康控-KY,0,0.00%,,0,0,0
4949,有成精密,9,2.22%,,0,0,0
4952,凌通,0,0.00%,,0,0,0
4956,光鋐,0,0.00%,,0,0,0
4958,臻鼎-KY,33,0.07%,機械傷害/化學品灼傷,0,0,0
4960,誠美材,3,0.27%,,0,0,0
4961,天鈺,0,0.00%,無,0,0,0
4967,十銓,0,0.00%,,0,0,0
4968,立積,1,0.34%,一般 (跌倒),0,0,0
4976,佳凌,1,0.16%,交通意外,0,0,0
4977,眾達-KY,0,0.00%,,0,0,0
4989,榮科,1,0.05%,,0,0,0
4994,傳奇,0,0.00%,,0,0,0
4999,鑫禾,0,0.00%,,0,0,0
5007,三星,6,0.41%,,0,0,0
5203,訊連,0,0.00%,,0,0,0
5215,科嘉-KY,5,0.17%,,0,0,0
5222,全訊,0,0.00%,,0,0,0
5225,東科-KY,3,0.10%,,0,0,0
5234,達興材料,1,0.24%,,0,0,0
5243,乙盛-KY,10,1.21%,,0,0,0
5244,弘凱,1,3.00%,,0,0,0
5258,虹堡,0,0.00%,,0,0,0
5269,祥碩,0,0.00%,祥碩全權委託供應商製造，除少數員工需執行測試所需之焊接及ESD 靜電測試工作外，主要的職業傷害類型為辦公室內常見的跌倒、夾傷、撞傷等，不容易發生嚴重職業傷害的事故。,0,0,0
5283,禾聯碩,14,1.87%,,0,0,0
5284,jpp-KY,25,1.73%,工業傷害,0,0,0
5285,界霖,1,0.35%,被切、割、擦傷,0,0,0
5288,豐祥-KY,7,0.16%,,1,0,0.00%
5292,華懋,0,0.00%,,0,0,0
5306,桂盟,1,0.48%,,0,0,0
5388,中磊,10,0.74%,跌倒/被刺、割、擦傷,0,0,0
5434,崇越,0,0.00%,無發生,0,0,0
5469,瀚宇博,4,2.60%,割傷、壓、砸傷,0,0,0
5471,松翰,0,0.00%,,0,0,0
5484,慧友,0,0.00%,,0,0,0
5515,建國,3,0.76%,,0,0,0
5519,隆大,0,0.00%,,0,0,0
5521,工信,1,0.12%,,0,0,0
5522,遠雄,0,0.00%,,0,0,0
5525,順天,0,0.00%,,0,0,0
5531,鄉林,0,0.00%,N/A,0,0,0
5533,皇鼎,0,0.00%,,0,0,0
5534,長虹,0,0.00%,N/A,0,0,0
5538,東明-KY,9,0.72%,,0,0,0
5546,永固-KY,0,0.00%,,0,0,0
5607,遠雄港,5,0.77%,,0,0,0
5608,四維航,0,0.00%,,0,0,0
5706,鳳凰,0,0.00%,,0,0,0
5871,中租-KY,6,0.31%,交通事故 4 件、跌倒 2 件,0,0,0
5876,上海商銀,0,0.00%,,0,0,0
5880,合庫金,40,0.30%,全年共發生29件職業災害，逾8成為通勤職災，其餘多為辦公室意外引致傷害。,0,0,0
5906,台南-KY,0,0.00%,,0,0,0
5907,大洋-KY,0,0.00%,,0,0,0
6005,群益證,2,0.10%,,0,0,0
6024,群益期,0,0.00%,,0,0,0
6108,競國,3,0.80%,,0,0,0
6112,邁達特,3,0.04%,,0,0,0
6115,鎰勝,0,0.00%,,0,0,0
6116,彩晶,24,0.82%,,0,0,0
6117,迎廣,6,0.78%,跌倒、物體飛落、割傷、碰撞,0,0,0
6120,達運,13,0.23%,夾/割傷,1,0,0.00%
6128,上福,0,0.00%,無,0,0,0
6133,金橋,6,0.68%,主要原因為員工作夾捲傷、上班途中車禍。,0,0,0
6136,富爾特,0,0.00%,,0,0,0
6139,亞翔,2,0.03%,01 墜落、滾落 、08 被切、割、擦傷,0,0,0
6141,柏承,2,0.00%,,1,0,0.00%
6142,友勁,2,0.48%,切傷1件、撞傷1件,0,0,0
6152,百一,0,0.00%,N/A,0,0,0
6153,嘉聯益,12,3.74%,夾傷、割傷、跌倒、衝撞、不當動作,0,0,0
6155,鈞寶,0,0.00%,,0,0,0
6164,華興,0,0.00%,,0,0,0
6165,浪凡,0,0.00%,N/A,0,0,0
6166,凌華,3,1.41%,夾傷、砸傷、燙傷,0,0,0
6168,宏齊,1,0.18%,撞擊,0,0,0
6176,瑞儀,15,0.12%,瑞儀光電訂有「職業災害事故調查與處理程序」，藉由完整的調查程序以使事故調查更有效率，並確認事實和情況、鑑定原因和決定改善行動，藉以降低事故再發生之機率。2024年全集團職業傷害統計共15件，共15人。若依類型區分，物體倒塌/崩塌1件、切/割/擦傷 3 件、夾/捲3件、跌倒5件、撞擊3件，無死亡職業災害案件。另外， 2020年至2024年無發生承攬商職業災害案件。,0,0,0
6177,達麗,0,0.00%,物體倒塌、崩塌、跌倒、墜落/滾落,1,0,0.00%
6183,關貿,0,0.00%,,0,0,0
6184,大豐電,0,0.00%,,0,0,0
6189,豐藝,0,0.00%,N/A,0,0,0
6191,精成科,31,0.45%,一般職災,0,0,0
6192,巨路,3,0.58%,N/A,0,0,0
6196,帆宣,0,0.00%,無,0,0,0
6197,佳必琪,1,0.36%,捲夾 ,0,0,0
6201,亞弘電,1,0.23%,墜落,0,0,0
6202,盛群,0,0.00%,不適用,0,0,0
6205,詮欣,0,0.00%,,0,0,0
6206,飛捷,0,0.00%,,0,0,0
6209,今國光,3,0.40%,,0,0,0
6213,聯茂,12,0.01%,員工作業不慎食指壓傷、食指夾傷、撞傷、摔傷骨折、脚踝扭傷及員工上下班交通事故。,0,0,0
6214,精誠,0,0.00%,,0,0,0.00%
6215,和椿,3,1.80%,,0,0,0
6216,居易,0,0.00%,,0,0,0
6224,聚鼎,0,0.00%,,1,0,0.00%
6225,天瀚,0,0.00%,,0,0,0
6226,光鼎,0,0.00%,,0,0,0
6230,尼得科超眾,2,0.56%,上下班公路交通事故,0,0,0
6235,華孚,0,0.00%,,0,0,0
6239,力成,20,0.17%,物體飛落：3件 跌倒：7件 衝撞：1件 被撞：3件 與有害物等之接觸：1件 被切/割/擦傷：1件 物體倒塌/崩塌：2件 非上下班公路交通事故：1件 其他：1件,0,0,0
6243,迅杰,0,0.00%,,0,0,0
6257,矽格,8,0.34%,被切、割、擦傷：2件；跌倒：1件；被撞：1件；衝撞：1件；被夾、被捲：1件；與高溫、低溫之接觸：1件；無法歸類：1件,0,0,0
6269,台郡,1,0.04%,跌倒,0,0,0
6271,同欣電,12,0.35%,割傷、夾傷、不當動作、跌傷、撞傷,0,0,0
6277,宏正,14,2.00%,,0,0,0
6278,台表科,0,0.00%,,0,0,0
6281,全國電,19,1.15%,,0,0,0
6282,康舒,22,1.87%,無重大死亡事件，主因為廠區滑倒、設備捲夾等，其員工均已完成健康評估順利復工。,0,0,0
6283,淳安,0,0.00%,,0,0,0.00%
6285,啟碁,8,0.37%,物理性危害,0,0,0
6405,悅城,2,0.02%,,0,0,0
6409,旭隼,0,0.00%,,0,0,0
6412,群電,19,0.21%,壓傷、砸傷、被刺、割傷、切傷、夾傷、跌倒,0,0,0
6414,樺漢,0,0.00%,,0,0,0
6415,矽力*-KY,0,0.00%,,0,0,0
6416,瑞祺電通,0,0.00%,,0,0,0
6426,統新,4,1.80%,N/A,0,0,0
6431,光麗-KY,0,0.00%,,0,0,0
6438,迅得,0,0.00%,因公司生產流程屬低度風險、公司未有相關流程(未導入ISO45001)，公司僅提供「安全衛生工作守則」予員工進行自我風險辨識與評估,0,0,0
6442,光聖,1,0.24%,,0,0,0
6443,元晶,32,2.13%,上下班交通公傷、撞傷、壓傷等,0,0,0
6446,藥華藥,0,0.00%,本公司依勞動部職業安全衛生法規，將職業災害分類為:1.因工作環境因素致勞工立即性傷害造成的職業工傷、2.與作內容有關因子促發疾病的勞工疾病或失能等職業疾病、3.員工通勤時發生意外事故致勞工傷害或失能等通勤職災。,0,0,0
6449,鈺邦,0,0.00%,,0,0,0
6451,訊芯-KY,0,0.00%,,0,0,0
6456,GIS-KY,17,0.19%,台灣廠2件（割傷1人、跌倒1人）；成都廠11件（砸傷3人、扭傷1人、跌倒7人）；龍華廠4件（割傷1人、壓傷1人、被撞2人）,0,0,0
6464,台數科,0,0.00%,,0,0,0
6472,保瑞,4,2.01%,,0,0,0
6477,安集,5,4.38%,職業災害有2種類型： 1.職業傷害:因工作環境因素致勞工立即性傷害，4位 2.通勤職災:通勤時發生意外事故致勞工傷害，1位,0,0,0
6491,晶碩,28,1.60%,,0,0,0
6504,南六,1,0.38%,,0,0,0
6505,台塑化,5,0.10%,,1,0,0.00%
6515,穎崴,1,0.10%,被切、割、擦傷,0,0,0
6525,捷敏-KY,21,1.06%,,0,0,0
6526,達發,0,0.00%,,0,0,0
6531,愛普*,0,0.00%,未有職災情事發生,0,0,0
6533,晶心科,0,0.00%,,0,0,0
6534,正瀚-創,1,0.71%,輕傷害1件,0,0,0
6541,泰福-KY,1,0.71%,,0,0,0
6550,北極星藥業-KY,0,0.00%,,0,0,0
6552,易華電,7,1.20%,,0,0,0
6558,興能高,0,0.00%,,0,0,0
6573,虹揚-KY,3,0.83%,職業災害事故,0,0,0
6579,研揚,5,0.47%,職業傷害：因工作環境因素致勞工立即性傷害、疾病、失能、死亡。 職業疾病：與工作內容有關因子促發疾病發生致勞工傷害、疾病、失能、死亡。 通勤職災：通勤時發生意外事故致勞工傷害、疾病、失能、死亡。,0,0,0
6581,鋼聯,3,2.75%,,0,0,0
6582,申豐,0,0.00%,,0,0,0
6585,鼎基,3,0.47%,切割傷、被夾、物體飛落,0,0,0
6589,台康生技,0,0.00%,,0,0,0
6591,動力-KY,0,0.00%,,0,0,0
6592,和潤企業,5,0.39%,2024年有5起因上、下班途中所造成的職業傷害，事故發生後即時提醒各單位應加強宣導行車安全，要求同仁上下班途中多留意路口號誌及其他汽機車經過，避免再有危害同仁健康之事故發生。,0,0,0
6598,ABC-KY,0,0.00%,,0,0,0
6605,帝寶,6,1.01%,,0,0,0
6606,建德工業,0,0.00%,無,0,0,0.00%
6625,必應,0,0.00%,,0,0,0
6641,基士德-KY,1,0.23%,,0,0,0
6645,金萬林-創,0,0.00%,,0,0,0
6655,科定,1,0.15%,,0,0,0
6657,華安,0,0.00%,,0,0,0
6658,聯策,0,0.00%,聯策致力於打造安全、健康且符合職業衛生標準的工作環境，我們嚴格遵守《職業安全衛生法》及相關施行細則，依循政府法規執行各項作業，並提供職業安全衛生相關教育訓練課程，對象涵蓋全體正職同仁，確保每位員工都能在安全無虞的職場環境中工作。2024 年聯策無發生重大工安事故與一般傷害事故。,0,0,0
6666,羅麗芬-KY,0,0.00%,,0,0,0
6668,中揚光,1,0.41%,,1,0,0.00%
6669,緯穎,27,0.25%,傷害類型多數為跌倒、扭傷、挫傷、碰撞事故及化學品噴濺等。,0,0,0
6670,復盛應用,4,0.64%,,0,0,0
6671,三能-KY,17,2.29%,,0,0,0
6672,騰輝電子-KY,6,0.81%,,0,0,0
6674,鋐寶科技,0,0.00%,,0,0,0
6689,伊雲谷,0,0.00%,,0,0,0
6691,洋基工程,0,0.00%,墜落、壓傷、飛濺,0,0,0
6695,芯鼎,0,0.00%,IC研發辦公室，多數為電器類型災害、交通通勤職災，不定期進行相關安全宣導，提醒同仁危害的重要性。,0,0,0
6698,旭暉應材,0,0.00%,,0,0,0
6706,惠特,7,1.54%,,0,0,0
6715,嘉基,0,0.00%,,0,0,0
6719,力智,0,0.00%,無,0,0,0
6742,澤米,1,0.40%,通勤職災,0,0,0
6743,安普新,0,0.00%,,0,0,0
6753,龍德造船,34,4.36%,,0,0,0
6754,匯僑設計,4,0.56%,,0,0,0
6756,威鋒電子,0,0.00%,,0,0,0
6757,台灣虎航,9,5.26%,碰撞、跌倒,0,0,0
6768,志強-KY,2,0.79%,,0,0,0
6770,力積電,6,0.07%,物理性危害*5、人因性危害*1,0,0,0
6771,平和環保-創,0,0.00%,,0,0,0
6776,展碁國際,0,0.00%,無,0,0,0
6781,AES-KY,0,0.00%,,0,0,0
6782,視陽,0,0.00%,,0,0,0
6789,采鈺,0,0.00%,2024年無發生任何職業災害事件。,0,0,0
6790,永豐實,5,0.66%,,1,0,0.00%
6792,詠業,1,0.20%,,0,0,0
6794,向榮生技-創,0,0.00%,,0,0,0
6796,晉弘,0,0.00%,,0,0,0
6799,來頡,0,0.00%,,0,0,0
6805,富世達,0,0.00%,,0,0,0
6806,森崴能源,0,0.00%,無,0,0,0
6807,峰源-KY,203,11.65%,,0,0,0
6830,汎銓,0,0.00%,,0,0,0
6834,天二科技,0,0.00%,,0,0,0
6835,圓裕,2,0.27%,,0,0,0
6838,台新藥,0,0.00%,N/A,0,0,0
6854,錼創科技-KY創,2,0.42%,化學品噴濺、撞傷,0,0,0
6861,睿生光電,0,0.00%,無,0,0,0
6862,三集瑞-KY,0,0.00%,無發生職業災害,0,0,0
6863,永道-KY,4,0.36%,,0,0,0
6869,雲豹能源,0,0.00%,無,0,0,0
6873,泓德能源,0,0.00%,無,0,0,0
6885,全福生技,0,0.00%,,0,0,0
6887,寶綠特-KY,16,2.19%,,0,0,0
6890,來億-KY,158,0.24%,,0,0,0
6901,鑽石投資,0,0.00%,,0,0,0
6902,GOGOLOOK-創,0,0.00%,N/A,0,0,0
6906,現觀科,0,0.00%,N/A,0,0,0
6909,創控,0,0.00%,N/A,0,0,0
6914,阜爾運通,40,3.38%,,0,0,0
6916,華凌,1,0.12%,化學品洩漏,0,0,0
6918,愛派司,0,0.00%,,0,0,0
6919,康霈*,0,0.00%,,0,0,0
6923,中台,0,0.00%,,0,0,0
6924,榮惠-KY創,0,0.00%,,0,0,0
6928,攸泰科技,1,0.26%,,0,0,0
6931,青松健康,5,0.87%,,0,0,0
6933,AMAX-KY,0,0.00%,,0,0,0
6936,永鴻生技,1,1.70%,,0,0,0
6937,天虹,1,0.32%,人員手指割傷 1 人，共計 1 人。,0,0,0
6944,兆聯實業,1,0.00%,,0,0,0
6949,沛爾生醫-創,0,0.00%,,0,0,0
6951,青新-創,0,0.00%,,0,0,0
6952,大武山,0,0.00%,,0,0,0
6955,邦睿生技-創,0,0.00%,N/A,0,0,0
6957,裕慶-KY,3,2.94%,3件均屬一般職業傷害，包含：被切／割／擦傷1件、墜落／滾落、被夾2件。,0,0,0
6958,日盛台駿,0,0.00%,,0,0,0
6962,奕力-KY,0,0.00%,0,0,0,0
6965,中傑-KY,14,0.15%,,0,0,0
6969,成信實業*-創,1,5.32%,與化學品接觸,0,0,0
6988,威力暘-創,0,0.00%,,0,0,0
6994,富威電力,0,0.00%,無,0,0,0
7631,聚賢研發,2,1.32%,1.滑倒 / 絆倒2. 物體掉落撞傷,0,0,0
7705,三商餐飲,16,0.28%,,0,0,0
7722,LINEPAY,0,0.00%,無,0,0,0
7732,金興精密,10,22.28%,上下班交通事故3件、跌倒3件、物體破裂1件、不當動作1件、被切、割、擦傷2件，共10件職業災害事故,0,0,0
7736,虎山,0,0.00%,,0,0,0
7740,熙特爾,0,0.00%,,0,0,0
7749,意騰-KY,0,0.00%,,0,0,0
7788,松川精密,1,0.12%,,0,0,0
8011,台通,7,2.61%,,0,0,0
8016,矽創,0,0.00%,,0,0,0
8021,尖點,2,0.56%,,0,0,0
8028,昇陽半導體,5,0.05%,墜落、割傷、夾傷、化學品接觸,0,0,0
8033,雷虎,0,0.00%,,0,0,0
8039,台虹,1,0.60%,DIE壓傷(左手無名指),0,0,0
8045,達運光電,0,0.00%,,0,0,0
8046,南電,3,0.05%,2件跌倒、1件扭傷,0,0,0
8070,長華*,12,0.51%,跌倒：3人，25% 被夾、被捲：2人，17% 被切、割、擦傷：2人，17% 與有害物之接觸：2人，17% 墜落、滾落：1人，8% 被撞：1人，8%  不當動作：1人，8% ,0,0,0
8072,陞泰,0,0.00%,,0,0,0
8081,致新,0,0.00%,,0,0,0
8101,華冠,2,4.08%,,0,0,0
8103,瀚荃,0,0.00%,,0,0,0
8104,錸寶,0,0.00%,,0,0,0
8105,凌巨,0,0.00%,無,0,0,0
8110,華東,1,0.07%,擦撞傷,0,0,0
8112,至上,0,0.00%,無此情形。,0,0,0
8114,振樺電,0,0.00%,,0,0,0
8131,福懋科,0,0.00%,無,0,0,0
8150,南茂,8,0.13%,與有害物接觸、跌倒、夾傷,0,0,0
8162,微矽電子-創,0,0.00%,,0,0,0
8163,達方,7,0.11%,主要事故類型為：被夾、被捲以及被切、割、擦傷,1,0,0.00%
8201,無敵,0,0.00%,N/A,0,0,0
8210,勤誠,13,3.23%,,0,0,0
8213,志超,0,0.00%,無,0,0,0
8215,明基材,8,0.25%,夾捲、切割,0,0,0
8222,寶一,0,0.00%,N/A,0,0,0
8249,菱光,0,0.00%,,0,0,0
8261,富鼎,1,0.80%,上下班交通事故,0,0,0
8271,宇瞻,0,0.00%,,0,0,0
8341,日友,6,2.00%,物理性危害5件、化學性危害1件,0,0,0
8367,建新國際,6,1.36%,,0,0,0
8374,羅昇,0,0.00%,,0,0,0
8404,百和興業-KY,11,0.30%,,0,0,0
8411,福貞-KY,15,3.61%,被切/割/擦傷、交通事故、被夾/捲傷、跌倒、劃傷、擠傷,0,0,0
8422,可寧衛,3,0.81%,被夾、被捲、物體倒塌、崩塌,0,0,0
8429,金麗-KY,0,0.00%,N/A,0,0,0
8438,昶昕,0,0.00%,,0,0,0
8442,威宏-KY,25,0.29%,,0,0,0
8443,阿瘦,8,1.45%,,0,0,0
8454,富邦媒,35,1.34%,上下班公路交通事故、跌倒、衝撞、被撞,0,0,0
8462,柏文,48,2.00%,,0,0,0
8463,潤泰材,2,3.40%,與高溫、低溫之接觸,0,0,0
8464,億豐,85,3.60%,億豐的工傷主源包含運補作業時的撞、壓傷及換模/線時的挫、割傷。,0,0,0
8466,美吉吉-KY,27,3.03%,,0,0,0
8467,波力-KY,34,0.03%,,0,0,0
8473,山林水,2,0.37%,,0,0,0
8476,台境*,0,0.00%,N/A,0,0,0
8478,東哥遊艇,0,0.00%,,0,0,0
8481,政伸,0,0.00%,,0,0,0
8482,商億-KY,85,5.49%,主要為員工於工作期間被夾捲、撞擊或壓傷。此外，因機械設備引發的職業安全事件未有重大處罰紀錄。,0,0,0
8487,愛爾達-創,0,0.00%,,0,0,0
8488,吉源-KY,0,0.00%,,0,0,0
8499,鼎炫-KY,5,0.53%,,0,0,0
8926,台汽電,0,0.00%,,0,0,0
8940,新天地,4,1.04%,,0,0,0
8996,高力,6,0.92%,主要是割傷、壓傷、化學品接觸,0,0,0
9802,鈺齊-KY,54,0.28%,,0,0,0
9902,台火,0,0.00%,,0,0,0
9904,寶成,0,0.00%,,1,0,0.00%
9905,大華,2,0.72%,,0,0,0
9906,欣巴巴,0,0.00%,,0,0,0
9907,統一實,6,0.53%,,0,0,0
9908,大台北,0,0.00%,,0,0,0
9910,豐泰,72,0.06%,分析 2024 年事故類別，因機台不當操作造成的意外占職業傷害總件數的 43%為最多，滑倒或跌倒類型佔職業傷害總件數的 21%為次多。已針對高風險機台執行防護升級改善專案、稽查機台日常作業維護保養落實制度，以及進行高風險機台安全專項稽查巡檢，一旦發現缺失立即停機改善。員工的不安全行為與機台嚴重缺失將納入該單位主管之當年度工作績效評核。,34,0,0.00%
9911,櫻花,4,0.46%,職業傷害,0,0,0
9912,偉聯,0,0.00%,,0,0,0
9914,美利達,0,0.00%,1.分廠內職災跟廠外職災。 2.在ESG報告中，填寫數據平台備註說明：可記錄的職業傷害不包含上下班通勤所造成的職業傷害。,0,0,0
9917,中保科,52,2.08%,,0,0,0
9918,欣天然,0,0.00%,,0,0,0
9919,康那香,2,0.36%,被捲夾、不當動作,1,0,0.00%
9921,巨大,60,2.03%,巨大集團員工職業災害統計各廠依據向政府呈報的職安數據作為來源統計數值 ，可記錄之職業傷害率(FR)、失能傷害嚴重率 (SR)、總合傷害指數 (FSI)。針對發生的工傷事件，我們進行了嚴格的分析和追蹤，並遵循政府法規和公司處理程序進行後續處置。為此，我們已採取了相應的預防和改進措施，以降低員工受傷風險。我們將持續努力改進我們的職業安全管理。 詳細內容請參考：2024年永續報告書，第六章 促進多元共融 (6.1.5) 職業安全風險管理。,0,0,0
9924,福興,9,0.70%,,0,0,0
9925,新保,28,1.61%,,0,0,0
9926,新海,0,0.00%,,0,0,0
9927,泰銘,1,0.68%,交通事故,0,0,0
9928,中視,0,0.00%,,0,0,0
9929,秋雨,0,0.00%,N/A,0,0,0
9930,中聯資源,0,0.00%,,0,0,0
9931,欣高,0,0.00%,,0,0,0
9933,中鼎,0,0.00%,,0,0,0
9934,成霖,1,0.05%,,0,0,0
9935,慶豐富,1,0.19%,,0,0,0
9937,全國,5,0.24%,,1,0,0.00%
9938,百和,6,0.59%,暫時性失能傷害,0,0,0
9939,宏全,4,1.11%,2024年人員職災統計共4件(捲、夾傷害3件、與高溫接觸1件)，件數較2023年度減少6件，以總人數工時計算，職業傷害的數量與比率為1.11，相較2023年共減少54%；持續加強員工危害意識及監督管理。,0,0,0
9940,信義,168,3.46%,,0,0,0
9941,裕融,0,0.00%,,0,0,0
9942,茂順,3,0.32%,,1,0,0.00%
9943,好樂迪,71,34.89%,,0,0,0
9944,新麗,0,0.00%,,0,0,0
9945,潤泰新,0,0.00%,,0,0,0
9946,三發地產,0,0.00%,,0,0,0
9955,佳龍,0,0.00%,,0,0,0
9958,世紀鋼,4,1.42%,,0,0,0
