報告年度:2023,議題:人力發展,,,,,,,,,,,
公司代號,公司名稱,員工福利平均數(仟元/人)(每年6/2起公開)-員工福利平均數(仟元/人)(每年6/2起公開),員工薪資平均數(仟元/人)(每年6/2起公開)-員工薪資平均數(仟元/人)(每年6/2起公開),非擔任主管職務之全時員工薪資平均數(仟元/人)(每年7/1起公開)-非擔任主管職務之全時員工薪資平均數(仟元/人)(每年7/1起公開),非擔任主管職務之全時員工薪資中位數(仟元/人)(每年7/1起公開)-非擔任主管職務之全時員工薪資中位數(仟元/人)(每年7/1起公開),管理職女性主管占比-管理職女性主管占比,職業災害人數及比率-人數,職業災害人數及比率-比率,職業災害-類別,火災-件數,火災-死傷人數,火災-比率(死傷人數/員工總人數)
1101,台泥,"1,139",973,994,871,18.90%,13,0.15%,,0,0,0
1102,亞泥,"1,299","1,188","1,083",941,23.00%,1,0.20%,亞泥花蓮廠2023年發生職業災害「粉塵逸散接觸眼睛」1件。改善方案如下： 1.除配戴安全面罩之外，仍應使用防護眼鏡，且預防起霧，並持續尋找更全面防護之防護面罩。 2.製作四方形通料孔用遮板，安裝於通料孔，以避免通料時大量粉塵衝出。,0,0,0
1103,嘉泥,"1,209",979,869,800,37.07%,4,0.95%,,0,0,0
1104,環泥,981,833,814,745,6.34%,3,0.63%,,1,0,0.00%
1108,幸福,701,573,593,516,28.57%,0,0.00%,無,0,0,0
1109,信大,815,676,683,650,12.50%,0,0.00%,,0,0,0
1110,東泥,899,713,763,673,33.00%,0,0.00%,,0,0,0
1201,味全,885,743,728,673,26.00%,2,0.15%,跌倒,0,0,0
1203,味王,658,567,600,574,12.50%,7,1.63%,分別為衝撞1件，跌倒2件，被夾、被捲2件，與有害物接觸1件，滑落受傷1件等事故。,0,0,0
1210,大成,883,743,756,634,20.82%,13,0.47%,,1,0,0.00%
1213,大飲,532,436,398,383,42.00%,0,0.00%,,0,0,0
1215,卜蜂,900,777,712,563,27.18%,25,1.00%,,0,0,0
1216,統一,"1,364","1,204","1,182","1,006",24.68%,1,0.02%,擦傷,0,0,0
1217,愛之味,768,638,682,583,26.09%,6,4.56%,,0,0,0
1218,泰山,779,620,595,547,4.20%,4,0.60%,,0,0,0
1219,福壽,809,671,665,606,10.90%,3,0.49%,職業災害類別為有害物接觸2件2人次、跌倒1件1人次，皆屬暫時全失能傷害。,1,0,0.00%
1220,台榮,760,648,621,578,3.47%,1,0.39%,,0,0,0
1225,福懋油,881,737,690,631,7.47%,0,0.00%,,0,0,0
1227,佳格,"1,176",953,829,736,38.36%,9,0.44%,,0,0,0
1229,聯華,"3,133","2,857",771,703,22.00%,0,0.00%,每年辦理員工免費健康檢查，預防職業災害與疾病。 每年定期進行職業安全衛生事項的宣導溝通、教育訓練及稽核。,0,0,0
1231,聯華食,845,705,687,595,41.49%,48,1.98%,2023年可記錄之職業災害共計48件共計29件，48人次受災，職業災害與嚴重職業災害類型，其中，火災件數為1件，死傷人數22人，占員工總人數的0.9%‧，跌/滑倒佔發生率的31.03%，屬作業面偏離標準作業程序所導致，目前藉由危險行為傷害案例之宣導來加強安全觀念；被切、割、擦傷佔發生率的17.24%，除持續進行安全宣導外，亦使用防切割手套，來降低接觸刀具刃部之風險；被夾/捲佔發生率之13.79%，已採取護罩、護蓋等控制措施來避免異常行為之發生，其他職災類型包含:與高溫、低溫之接觸、與有害物等之接觸、不當動作、衝撞、物體倒塌、飛落、墜落、滾落..等。,1,22,0.90%
1232,大統益,"1,960","1,729","1,576","1,392",26.09%,0,0.00%,,0,0,0
1233,天仁,540,451,621,530,71.74%,9,0.64%,2023年職業災害皆傷勢輕微，多為因操作不慎而導致的輕傷，未來將加強布達注意事項，提升全體員工安全意識,0,0,0
1234,黑松,994,824,837,756,17.98%,1,0.18%,割傷,0,0,0
1235,興泰,474,381,434,459,33.33%,0,0.00%,,0,0,0
1236,宏亞,613,503,527,462,57.00%,7,1.00%,切割、捲夾、跌倒,0,0,0
1256,鮮活果汁-KY,N/A,N/A,N/A,N/A,39.39%,18,1.73%,,0,0,0
1301,台塑,"1,545","1,362","1,364","1,238",7.80%,2,0.17%,,0,0,0
1303,南亞,"1,200","1,042","1,188","1,105",4.20%,4,0.04%,,0,0,0
1304,台聚,"1,395","1,156","1,219","1,110",1.10%,1,0.22%,墜落。2023年台聚發生職業傷害事故1件，修護人員於搭架爬梯跌落事故，因爬梯鎖固方式不當，造成人員攀爬爬梯旋轉位移以致跌落(直接原因)，經事故調查分析結果，人員使用施工架前未進行檢查(間接原因)，施工架未固定(基本原因)，故為避免危害再度發生，本廠請搭架廠商立即協助爬梯固定，重新檢查搭架各部位符合規定，並於施工架掛設檢點表，確實要求人員使用前進行施工架自主檢點，不可隨意變更搭架結構，另加強工安巡檢作業及人員作業安全觀念宣導等作為。,0,0,0
1305,華夏,"1,136",958,949,906,4.71%,5,0.60%,華夏頭份總廠於2023年共發生五起工安事故，分別為滑倒3件、壓傷1件、墜落1件，公司積極檢討事故原因、降低危害因子、預防再發生、提出因應對策及關懷員工。請參閱永續報告書CH6.4.1 職業安全管理-2023年事故傷害說明。,0,0,0
1307,三芳,"1,220","1,064",848,808,7.80%,12,2.10%,通勤交通職災6件 執行業務職災6件,0,0,0
1308,亞聚,"1,511","1,290","1,283","1,199",4.17%,0,0.00%,,0,0,0
1309,台達化,"1,231","1,035","1,031",968,19.64%,0,0.00%,,0,0,0
1310,台苯,"1,170",929,912,799,20.00%,0,0.00%,,0,0,0
1312,國喬,"1,137",976,891,798,30.00%,0,0.00%,,0,0,0
1313,聯成,"1,478","1,258","1,233","1,127",7.08%,2,1.49%,,0,0,0
1314,中石化,948,780,760,699,5.33%,2,0.17%,,0,0,0
1315,達新,770,649,624,558,45.65%,0,0.00%,,0,0,0
1316,上曜,"1,099",956,719,541,35.00%,0,0.00%,,0,0,0
1319,東陽,822,693,748,630,13.07%,1,0.03%,,0,0,0
1321,大洋,912,756,764,710,10.71%,10,2.21%,,0,0,0
1323,永裕,721,610,601,551,26.80%,4,0.57%,4件職業傷害，皆因員工設備操作不當因素致勞工遭受傷害。,0,0,0
1324,地球,708,586,587,481,32.14%,0,0.00%,,0,0,0
1325,恆大,618,502,506,465,66.67%,0,0.00%,,0,0,0
1326,台化,"1,540","1,319","1,352","1,229",4.87%,3,0.06%,,0,0,0
1337,再生-KY,N/A,N/A,N/A,N/A,14.29%,0,0.00%,N/A,0,0,0
1338,廣華-KY,N/A,N/A,N/A,N/A,21.70%,0,0.00%,,0,0,0
1339,昭輝,778,662,680,518,24.14%,2,0.72%,,0,0,0.00%
1340,勝悅-KY,N/A,N/A,N/A,N/A,5.00%,0,0.00%,,0,0,0
1341,富林-KY,N/A,N/A,N/A,N/A,28.00%,2,0.19%,,0,0,0
1342,八貫,837,739,652,518,50.00%,0,0.00%,N/A,0,0,0
1402,遠東新,"1,257","1,073",994,832,24.00%,44,0.22%,,0,0,0
1409,新纖,760,619,651,636,12.44%,4,0.00%,,0,0,0
1410,南染,"1,681","1,546",560,501,25.00%,0,0.00%,N/A,0,0,0
1413,宏洲,716,591,605,542,12.00%,0,0.00%,2024年度本公司無職災發生,0,0,0
1414,東和,588,469,487,453,17.65%,3,1.46%,,0,0,0
1416,廣豐,"1,530","1,337",845,855,40.00%,0,0.00%,,0,0,0
1417,嘉裕,790,670,569,540,50.00%,1,0.30%,,0,0,0
1418,東華,"1,116",963,602,521,19.44%,0,0.00%,,0,0,0
1419,新紡,907,763,701,596,44.00%,1,0.17%,,0,0,0
1423,利華,755,634,562,498,33.33%,0,0.00%,,0,0,0
1432,大魯閣,530,432,550,472,44.83%,2,0.00%,,0,0,0
1434,福懋,596,496,564,493,5.14%,8,1.46%,,0,0,0
1435,中福,"1,080",878,799,601,50.00%,0,0.00%,N/A,0,0,0
1436,華友聯,"1,282","1,086",942,837,50.00%,0,0.00%,,0,0,0
1437,勤益控,"4,013","3,730",772,455,71.43%,0,0.00%,,0,0,0
1438,三地開發,"1,101",955,467,436,25.00%,0,0.00%,無,0,0,0
1439,雋揚,"1,287","1,070",769,786,50.00%,0,0.00%,,0,0,0
1440,南紡,689,563,619,556,12.12%,8,3.16%,,0,0,0
1441,大東,"1,103",909,608,551,29.00%,0,0.00%,N/A,0,0,0
1442,名軒,"1,515","1,276","1,047","1,021",50.00%,0,0.00%,,0,0,0
1443,立益物流,920,769,657,650,20.62%,0,0.00%,N/A,0,0,0
1444,力麗,631,501,513,446,22.45%,3,0.18%,,0,0,0
1445,大宇,839,735,689,587,16.00%,0,0.00%,,0,0,0
1446,宏和,896,775,637,515,17.50%,0,0.00%,,0,0,0
1447,力鵬,710,561,558,505,22.03%,4,0.31%,,0,0,0
1449,佳和,613,512,527,494,5.43%,4,0.46%,,0,0,0
1451,年興,826,611,518,470,22.00%,529,6.22%,,0,0,0
1452,宏益,744,617,565,483,32.00%,10,4.67%,,0,0,0
1453,大將,834,700,565,596,40.00%,0,0.00%,,0,0,0
1454,台富,673,558,557,507,9.45%,0,0.00%,N/A,0,0,0
1455,集盛,716,606,603,548,9.09%,9,0.71%,,1,0,0.00%
1456,怡華,"1,096",936,561,556,17.00%,0,0.00%,N/A,0,0,0
1457,宜進,"1,314","1,116",821,732,55.00%,0,0.00%,N/A,0,0,0
1459,聯發,752,611,449,394,16.67%,0,0.00%,,0,0,0
1460,宏遠,685,551,522,470,2.79%,13,0.93%,跌倒、壓傷、被切割傷、異常工作負荷、人因傷害,0,0,0
1463,強盛,620,531,515,465,29.03%,0,0.00%,,0,0,0
1464,得力,655,552,554,489,33.33%,15,1.81%,,0,0,0
1465,偉全,649,542,531,477,44.00%,0,0.00%,,0,0,0
1466,聚隆,736,607,570,550,18.18%,2,0.63%,,0,0,0
1467,南緯,913,763,660,583,12.20%,0,0.00%,,0,0,0
1468,昶和,699,578,543,522,20.00%,0,0.00%,,0,0,0
1470,大統新創,658,563,560,473,33.33%,0,0.00%,,0,0,0
1471,首利,"1,108",932,740,768,32.00%,0,0.00%,,0,0,0
1472,三洋實業,"1,142",981,803,651,21.88%,0,0.00%,N/A,0,0,0
1473,台南,891,767,589,493,86.60%,3,0.87%,,0,0,0
1474,弘裕,667,569,548,503,40.91%,2,0.44%,上下班交通意外,0,0,0
1475,業旺,"1,000",821,580,586,25.00%,0,0.00%,N/A,0,0,0
1476,儒鴻,"1,156","1,015",953,833,35.71%,30,0.16%,切割、衝撞、跌倒、捲夾、不當動作、高低溫接觸,0,0,0
1477,聚陽,"2,129","1,927","1,508","1,381",59.42%,10,1.37%,,0,0,0
1503,士電,"1,249","1,103","1,024",842,7.40%,1,0.24%,,3,0,0.00%
1504,東元,"1,267","1,102",920,748,21.57%,10,0.17%,"不當動作 2 件,被夾/捲 1 件,撞傷 2 件,壓/砸傷 2 件,跌倒/扭傷 3 件",2,0,0.00%
1506,正道,631,506,562,508,26.14%,11,3.76%,,0,0,0
1512,瑞利,772,636,585,503,12.50%,0,0.00%,,0,0,0
1513,中興電,"1,062",889,907,773,16.33%,4,1.24%,,0,0,0
1514,亞力,"1,182","1,023",943,809,36.00%,0,0.00%,,0,0,0
1515,力山,723,630,524,434,18.37%,15,1.83%,,0,0,0
1516,川飛,"1,765","1,535",970,862,0.00%,0,0.00%,,0,0,0
1517,利奇,464,372,395,345,10.67%,3,0.52%,,0,0,0
1519,華城,"1,646","1,483","1,546","1,113",13.13%,9,1.00%,,0,0,0
1521,大億,757,621,642,585,11.92%,0,0.00%,,0,0,0
1522,堤維西,730,600,618,562,25.00%,21,1.28%,,0,0,0
1524,耿鼎,773,647,633,545,14.29%,3,0.66%,,0,0,0
1525,江申,755,630,644,589,10.00%,0,0.00%,,0,0,0
1526,日馳,775,648,544,401,20.00%,1,0.60%,,0,0,0
1527,鑽全,651,548,576,471,0.77%,5,0.01%,,0,0,0
1528,恩德,817,701,710,608,3.78%,0,0.00%,,0,0,0
1529,樂事綠能,692,572,484,461,42.86%,1,1.22%,,0,0,0
1530,亞崴,860,725,649,608,13.95%,0,0.00%,,0,0,0
1531,高林股,896,752,748,687,48.54%,3,0.66%,,0,0,0.00%
1532,勤美,"1,017",873,775,610,32.60%,2,0.62%,112年勤美公司員工職災2件、人數2人、佔員工人數0.62%，兩件皆為人員操作不當導致物件掉落，在配戴安全鞋的情況下，仍擊傷足部。已針對事故發生原因加強人員教育訓練，同時找尋新式防護具，經測試有效後業已添購，並於該作業區全員裝配，提升防護效果。,0,0,0
1533,車王電,651,528,566,482,30.00%,2,0.40%,車王電子台灣母公司2021-2023 年非員工工作者沒有發生職業傷害。2021-2022年度員工工作者均無發生嚴重職業災害事件及執行職務發生之交通事故，2023年中港廠發生輕微燙傷1件、跌倒手部受傷住院治療事故1件共計2件。2023年失能傷害頻率(FR)為2.16，失能嚴重率(SR)為34.48，總合傷害指數為0.27。車王電子未來會保持高標準的安全管理，持續往零災害工時之目標推進。,1,0,0.00%
1535,中宇,"1,334","1,170","1,135","1,039",9.02%,0,0.00%,,0,0,0
1536,和大,796,647,607,582,10.00%,11,4.53%,,0,0,0
1537,廣隆,"1,083",921,784,641,34.10%,0,0.00%,,0,0,0
1538,正峰,858,749,594,437,40.00%,1,0.02%,機器壓傷,0,0,0
1539,巨庭,604,489,461,409,26.32%,0,0.00%,,0,0,0
1540,喬福,736,612,600,569,0.20%,0,0.00%,N/A,0,0,0
1541,錩泰,570,476,485,413,5.51%,0,0.00%,,0,0,0
1558,伸興,"1,211","1,044",821,739,47.00%,5,0.22%,被切、割、擦傷,0,0,0
1560,中砂,973,794,809,740,6.41%,6,0.35%,,0,0,0
1563,巧新,736,613,,,20.25%,2,0.13%,,0,0,0
1568,倉佑,747,618,597,544,22.22%,0,0.00%,,0,0,0
1582,信錦,"1,457","1,277","1,091",984,15.22%,0,0.00%,,0,0,0
1583,程泰,888,728,721,672,23.00%,8,1.98%,,0,0,0
1587,吉茂,693,578,469,439,28.57%,0,0.00%,,0,0,0
1589,永冠-KY,N/A,N/A,N/A,N/A,17.00%,53,2.16%,N/A,1,0,0.00%
1590,亞德客-KY,N/A,N/A,N/A,N/A,9.75%,56,0.63%,,0,0,0
1597,直得,732,606,553,459,4.00%,0,0.00%,,0,0,0
1598,岱宇,705,594,538,471,27.77%,3,0.63%,扭傷、壓傷,0,0,0
1603,華電,722,616,581,510,30.11%,12,2.00%,,0,0,0
1604,聲寶,972,803,824,744,9.66%,6,5.80%,,0,0,0
1605,華新,"1,220","1,090","1,094",889,17.61%,84,0.55%,,0,0,0
1608,華榮,876,730,779,757,12.35%,0,0.00%,上下班公路交通事故、切割擦傷、被夾被捲、不當動作,0,0,0
1609,大亞,"1,682","1,537","1,300","1,186",17.05%,19,2.95%,,1,0,0.00%
1611,中電,793,571,462,462,0.00%,0,0.00%,,0,0,0
1612,宏泰,"1,254","1,090","1,038",932,21.74%,0,0.00%,,0,0,0
1614,三洋電,562,456,574,552,1.72%,8,0.72%,N/A,0,0,0
1615,大山,827,695,691,620,24.00%,1,0.37%,撞傷,0,0,0
1616,億泰,854,721,697,620,17.50%,1,0.48%,,0,0,0
1617,榮星,781,657,625,563,8.55%,0,0.00%,,0,0,0
1618,合機,977,831,794,713,7.65%,6,2.75%,,0,0,0
1626,艾美特-KY,N/A,N/A,N/A,N/A,0.72%,5,0.79%,,0,0,0
1702,南僑,"3,022","2,764","1,185",861,36.90%,42,0.84%,,0,0,0
1707,葡萄王,"1,044",910,845,736,46.59%,5,0.87%,,0,0,0
1708,東鹼,932,772,720,650,42.00%,1,0.53%,製程安全事故,0,0,0
1709,和益,"1,511","1,297","1,175","1,063",20.00%,0,0.00%,本公司已通過ISO 9001國際品質管理系統、ISO14001環境管理系統及ISO 45001職業安全衛生管理系統認證。林園廠每月實施環安訓練課程，包含：火災、電器安全、缺氧預防、施工架職災宣導、製程安全宣導、虛驚事故及事故檢討(不含各部門之內訓)，課程時數每月2小時，2023年度176人共985小時。並落實工安自主管理，包含以下措施：1.每日巡檢。2.每月預防保養。3.每2年歲修汰換設備及管線。4.以工安動火許可證管制相關危害及危險性工作。,0,0,0
1710,東聯,"1,307","1,005","1,030",977,8.00%,1,0.30%,,0,0,0.00%
1711,永光,837,690,718,682,17.00%,6,0.32%,傷害類型為切割擦傷2件及被捲夾傷4件,1,0,0.00%
1712,興農,897,763,752,666,17.78%,0,0.00%,,0,0,0
1713,國化,"1,250","1,113",838,793,3.41%,0,0.00%,,0,0,0
1714,和桐,"1,072",912,781,643,42.11%,0,0.00%,,0,0,0
1717,長興,"1,133",942,911,796,15.60%,6,0.00%,有害物接觸、高溫灼傷、搬運撞傷,1,1,0.00%
1718,中纖,800,642,654,608,22.06%,3,0.50%,,0,0,0
1720,生達,980,830,879,760,34.29%,11,1.37%,,0,0,0
1721,三晃,871,715,709,675,26.32%,3,1.86%,,0,0,0
1722,台肥,"1,857","1,636","1,514","1,352",15.56%,4,3.20%,,0,0,0
1723,中碳,"1,867","1,649","1,470","1,368",9.50%,0,0.00%,,0,0,0
1725,元禎,951,756,716,623,13.33%,0,0.00%,,0,0,0
1726,永記,934,801,778,711,6.00%,10,7.87%,廠內職災主要為：噴濺、割傷、摔傷等                  廠外職災主要為：交通事故,0,0,0
1727,中華化,764,625,611,577,18.18%,8,3.16%,,0,0,0
1730,花仙子,"1,268","1,075",899,817,50.00%,0,0.00%,,0,0,0
1731,美吾華,970,832,721,614,50.00%,0,0.00%,,0,0,0
1732,毛寶,640,536,524,450,42.90%,1,0.67%,N/A,0,0,0
1733,五鼎,672,554,587,459,38.64%,4,0.56%,交通事故,0,0,0
1734,杏輝,800,661,640,532,43.90%,5,0.66%,,0,0,0
1735,日勝化,987,835,788,703,23.33%,1,0.49%,,0,0,0
1736,喬山,885,747,719,599,46.00%,30,0.90%,,0,0,0
1737,臺鹽,"1,200","1,020","1,012",924,5.85%,2,0.28%,N/A,0,0,0
1752,南光,724,603,579,506,20.69%,18,2.76%,,0,0,0
1760,寶齡富錦,957,801,742,598,34.43%,6,1.07%,,0,0,0
1762,中化生,"1,070",893,861,758,17.86%,7,2.02%,112年發生7起職災案件，其中5起為上下班途中發生交通事故，共7名員工受傷。未來持續推動傷害預防方案、強化同仁日常安全意識、宣導交通安全及行車安全之重要性，朝零災害目標前進。,0,0,0.00%
1773,勝一,"1,309","1,142","1,014",870,6.67%,0,0.00%,,0,0,0
1776,展宇,828,687,622,498,25.00%,3,2.46%,,0,0,0
1783,和康生,"1,142",982,774,607,50.00%,1,0.76%,,0,0,0
1786,科妍,"1,114",942,715,616,31.00%,0,0.00%,,0,0,0
1789,神隆,"1,059",898,853,780,35.05%,5,0.68%,,0,0,0
1795,美時,"1,420","1,084","1,143",840,39.00%,2,0.29%,,0,0,0
1802,台玻,713,591,613,583,3.33%,56,1.47%,,0,0,0
1805,寶徠,"1,286","1,124",706,675,33.33%,0,0.00%,N/A,0,0,0
1806,冠軍,777,625,675,603,18.75%,2,0.28%,N/A,0,0,0
1808,潤隆,"1,501","1,156","1,067",947,25.81%,0,0.00%,,0,0,0
1809,中釉,811,686,720,622,12.90%,0,0.00%,,0,0,0
1810,和成,696,601,584,508,12.92%,0,0.00%,無,0,0,0
1817,凱撒衛,922,769,757,633,25.00%,1,0.56%,112年僅發生一次交通事故車禍職災.,0,0,0
1903,士紙,828,677,560,531,23.21%,0,0.00%,N/A,0,0,0
1904,正隆,"1,015",868,844,786,6.76%,14,0.38%,,0,0,0
1905,華紙,926,776,727,673,12.35%,21,0.73%,捲夾，墜落/跌倒，灼燙傷，觸電，割/擦傷，扭傷，噪音，物體墜落，被撞，壓傷，人因工程，刺傷，化學品噴濺，滑倒,0,0,0
1906,寶隆,"1,557","1,270",734,805,7.00%,0,0.00%,,0,0,0
1907,永豐餘,"2,593","2,380",775,691,20.00%,36,0.40%,2023年本公司職業傷害的主要類型為：被夾、被捲。,0,0,0
1909,榮成,951,812,751,721,1.30%,3,0.32%,,0,0,0
2002,中鋼,"1,548","1,294","1,240","1,156",2.43%,8,0.08%,墜落/跌倒、捲入、感電、割擦傷、灼燙傷、其他,5,0,0.00%
2006,東和鋼鐵,"1,246","1,098","1,136","1,073",10.67%,11,0.53%,墜落/跌倒類4件、碰撞類1件、物體飛落、倒塌類2件、機械性傷害3件、其他類1件。,1,0,0.00%
2007,燁興,802,590,625,588,6.60%,2,0.44%,,0,0,0
2008,高興昌,695,568,550,480,8.33%,0,0.00%,,0,0,0
2009,第一銅,663,535,548,524,2.22%,9,3.98%,,1,0,0.00%
2010,春源,833,675,717,623,1.55%,23,1.66%,,0,0,0
2012,春雨,690,592,664,538,20.69%,3,0.60%,本廠職業災害類別，彙整112年度發生的職業災害共計3件，均屬輕微傷害，經本廠廠護初步處理後均可恢復正常工作。捲夾傷2件，噴濺1件。 ,0,0,0
2013,中鋼構,"1,970","1,735","1,679","1,502",1.92%,4,0.86%,,0,0,0
2014,中鴻,"1,116",849,830,796,4.27%,2,0.18%,,0,0,0
2015,豐興,"1,230","1,043","1,015",928,28.57%,11,1.15%,,0,0,0
2017,官田鋼,600,487,506,440,28.57%,9,3.09%,,0,0,0
2020,美亞,"1,029",693,819,694,2.33%,6,2.07%,被夾、被捲，被切、割，與高低溫接觸，不當動作。,0,0,0
2022,聚亨,740,626,569,522,10.81%,1,0.90%,,0,0,0
2023,燁輝,"1,067",803,866,842,4.00%,1,0.07%,,0,0,0
2024,志聯,662,524,519,481,30.77%,1,0.64%,,0,0,0
2025,千興,649,530,568,549,40.00%,1,1.47%,切、割、擦傷,0,0,0
2027,大成鋼,615,491,480,458,21.66%,2,0.19%,,0,0,0
2028,威致,938,682,784,737,33.33%,7,1.86%,,0,0,0
2029,盛餘,"1,307","1,025","1,140","1,050",9.38%,2,0.39%,,0,0,0
2030,彰源,805,682,655,581,0.04%,11,7.63%,夾捲傷、割傷、撞擊、物體飛落、不當動作等,0,0,0
2031,新光鋼,"1,059",888,807,703,5.73%,1,0.03%,壓傷、物體倒塌,0,0,0.00%
2032,新鋼,645,507,520,494,26.67%,1,0.62%,,0,0,0
2033,佳大,704,550,522,496,11.11%,0,0.00%,,0,0,0
2034,允強,789,628,605,559,17.65%,13,1.52%,職業傷害類型主要為扭傷、壓傷、切割擦傷及跌倒，本公司已採取改善措施，包含加強安全宣導、教育訓練以及提供安全上下設備 ，以降低危害發生之機率。,0,0,0
2038,海光,757,645,622,574,1.34%,0,0.00%,,0,0,0
2049,上銀,824,685,798,760,13.60%,2,0.04%,交通事故、被夾被捲,0,0,0
2059,川湖,796,679,669,498,28.21%,0,0.00%,,0,0,0
2062,橋椿,700,581,552,477,48.06%,18,1.90%,,0,0,0
2069,運錩,698,549,532,473,56.00%,2,0.09%,,0,0,0
2101,南港,877,761,727,639,5.00%,34,1.76%,,0,0,0
2102,泰豐,"1,840",527,711,657,0.00%,0,0.00%,,0,0,0
2103,台橡,"1,525","1,177","1,158","1,042",26.30%,6,0.34%,2023年台橡集團員工總計發生6 件職業傷害事件，包含滑倒骨折、捲夾撕裂傷骨折、手指夾傷、接觸化學品皮膚輕微灼傷等。,0,0,0
2104,國際中橡,"1,895","1,650","1,070",935,22.40%,1,0.40%,,0,0,0
2105,正新,866,743,703,664,0.40%,62,7.16%,職業傷害:因工作環境因素致勞工立即性傷害、疾病、失能、死亡。 本公司112年可紀錄職災62人包含嚴重職災3人。,0,0,0
2106,建大,776,666,585,543,14.00%,6,0.34%,,0,0,0
2107,厚生,958,848,663,605,12.50%,3,1.58%,本公司職安危害風險類型主要類別包含：捲夾、跌倒滑倒、割傷等。,0,0,0
2108,南帝,"1,237","1,068","1,115","1,058",4.54%,0,0.00%,N/A,0,0,0
2109,華豐,778,667,570,498,3.00%,17,3.13%,,0,0,0
2114,鑫永銓,794,684,580,554,28.00%,1,1.00%,,0,0,0
2115,六暉-KY,,,,,28.95%,0,0.00%,,0,0,0
2201,裕隆,"1,253","1,027",898,847,7.14%,4,0.35%,,0,0,0
2204,中華,"1,284","1,136","1,207","1,075",12.84%,20,0.87%,,1,0,0.00%
2206,三陽工業,"1,415","1,219","1,177","1,122",12.03%,2,0.08%,,0,0,0
2207,和泰車,"3,535","3,118","2,630","1,991",24.78%,0,0.00%,,0,0,0
2208,台船,"1,181",969,956,907,11.02%,7,0.24%,,9,0,0.00%
2211,長榮鋼,"1,256","1,060","1,086","1,044",20.69%,2,3.31%,,0,0,0
2227,裕日車,"1,445","1,187","1,205","1,142",12.00%,0,0.00%,無,0,0,0
2228,劍麟,818,701,641,540,15.38%,0,0.00%,,0,0,0
2231,為升,761,655,643,549,17.95%,2,0.51%,,0,0,0
2233,宇隆,850,722,631,522,32.00%,0,0.00%,,0,0,0
2236,百達-KY,N/A,N/A,N/A,N/A,0.00%,0,0.00%,,0,0,0
2239,英利-KY,N/A,N/A,N/A,N/A,20.00%,0,0.00%,,0,0,0
2241,艾姆勒,945,761,739,675,13.16%,5,1.50%,上下班公路交通事故、被夾、被捲,0,0,0
2243,宏旭-KY,N/A,N/A,N/A,N/A,4.35%,0,0.00%,,0,0,0
2247,汎德永業,"1,255","1,059","1,117",849,37.20%,5,0.30%,,0,0,0
2250,IKKA-KY,N/A,N/A,N/A,N/A,43.00%,0,0.00%,,0,0,0
2254,巨鎧精密-創,643,528,467,426,18.18%,3,2.11%,,0,0,0
2258,鴻華先進-創,"1,552","1,341","1,294","1,083",11.00%,9,6.00%,,0,0,0
2301,光寶科,"1,693","1,514","1,414","1,130",23.18%,37,0.12%,1. 機械安全 2. 化學品安全 3. 工作方法,1,0,0.00%
2302,麗正,886,739,733,557,8.33%,0,0.00%,,0,0,0
2303,聯電,"2,227","2,015","1,851","1,577",22.50%,10,0.05%,走路受傷 6人、化學品接觸受傷 2人、砸/敲傷 1人、夾/壓傷 1人,0,0,0
2305,全友,"1,099",927,807,790,21.21%,0,0.00%,無,0,0,0
2308,台達電,"1,881","1,647","1,734","1,466",32.00%,11,0.09%,損失工時職業災害 ,0,0,0
2312,金寶,"1,892","1,590","1,469","1,236",32.80%,66,0.33%,本公司依據勞動部職業安全署要求申報之職業傷害類別，蒐集全球廠區職業傷害人數。職業傷害類別包含墜落、滾落、跌倒、衝撞、物體飛落、物體倒塌、被撞、被夾/捲、切割擦傷、踩踏、與高溫/低溫接觸、與有害物接觸、趕店、爆炸、物體破裂、火災、不當動作、其他傷害。,0,0,0
2313,華通,"1,027",853,912,814,3.40%,31,0.10%,除上下班途中之交通事故外，傷害類別主要為以作業環境事件為主，其中設備捲夾與物體飛落出現較頻繁，均已針對各事件進行事故調查及原因分析，並請權責單位針對環境變化擬定適當改善措施及預防再發，以降低同仁及工作者作業風險，針對交通事故我們也加強員工交通安全宣導及教育訓練。,0,0,0
2314,台揚,"1,125",944,850,635,35.80%,2,0.33%,機台操作及安全防護不慎,0,0,0
2316,楠梓電,585,472,495,450,38.00%,4,0.36%,,0,0,0
2317,鴻海,"2,859","2,395","2,517","1,772",21.55%,31,0.77%,主要為上下班交通事故(佔81%)其餘事故主要為跌倒事件,0,0,0
2321,東訊,"1,084",902,781,644,11.90%,0,0.00%,,0,0,0
2323,中環,775,663,623,544,26.00%,9,1.40%,上下班交通事故5件，廠內職災4件,1,0,0.00%
2324,仁寶,"1,620","1,406","1,402","1,255",29.63%,179,0.39%,主要為通勤交通意外,0,0,0
2327,國巨,877,767,745,629,33.99%,38,0.40%,與有害物接觸、跌倒、壓傷等,0,0,0
2328,廣宇,"2,393","2,013","1,569","1,353",12.50%,0,0.00%,不適用,0,0,0
2329,華泰,843,697,731,642,43.58%,9,0.86%,2023 年華泰員工職業災害與虛驚事件統計如下，本年度嚴重職業災害為 1 件、因工傷死亡案件 0 件、一般職業災害 8 件；其中 4 件為跌倒、1 件為壓傷、2 件為被夾、1 件為割傷；虛驚事故總計為 18 件。,0,0,0
2330,台積電,"3,015","2,737","2,842","2,248",14.10%,48,0.07%,碰撞傷、夾傷、跌倒、肌肉骨骼傷害、切、割、擦傷、與有害物質接觸、物體倒塌、崩塌、其他,2,0,0.00%
2331,精英,"1,533","1,337","1,307","1,120",32.03%,8,1.23%,上下班交通事故5人/工作中: 跌倒1人/切割傷1人/下背挫傷1人,0,0,0
2332,友訊,"1,404","1,218","1,139","1,040",57.14%,0,0.00%,未發生職災,0,0,0
2337,旺宏,"1,575","1,344","1,382","1,173",16.00%,4,0.10%,主要職業傷害類型為被夾及跌倒,0,0,0
2338,光罩,"1,102",938,995,849,21.62%,0,0.00%,重大職災,0,0,0
2340,台亞,950,816,820,711,25.84%,8,91.00%,通勤職災,0,0,0
2342,茂矽,997,830,808,715,26.40%,9,0.09%,交通事故,0,0,0
2344,華邦電,"1,766","1,566","1,589","1,382",11.05%,5,0.14%,絆倒、割傷、夾刺、跌倒與壓傷各一件,0,0,0
2345,智邦,"1,545","1,367","1,385",982,24.80%,12,0.22%,切割、擦撞、夾捲、被砸、跌倒,0,0,0
2347,聯強,"1,520","1,313","1,201","1,030",43.09%,18,1.50%,16件為上下班發生之交通事故、2件為同仁執行勤務中因自身安全疏忽發生意外事故。,0,0,0
2348,海悅,"1,820","1,618","1,255","1,058",30.77%,0,0.00%,N/A,0,0,0
2349,錸德,774,671,665,541,14.00%,0,0.00%,2023年無重大職災及因工死亡案例,0,0,0
2351,順德,838,693,692,593,10.53%,4,0.27%,強化執行ISO 45001及TOSHMS職業安全衛生管理系統及外部認證，以預防職業災害事件發生。,0,0,0
2352,佳世達,"2,001","1,730","1,592","1,320",24.20%,3,0.00%,走路跌傷,0,0,0
2353,宏碁,"1,715","1,435","1,422","1,186",31.30%,23,0.28%,分析職業傷害類別以跌倒居多，其次為燙傷及人因傷害,0,0,0
2354,鴻準,"2,871","2,481","2,266","1,553",25.00%,12,0.18%,工作場所及交通,0,0,0
2355,敬鵬,828,709,702,632,23.50%,55,0.01%,墜落、跌倒、衝撞、物體飛落、被夾/被捲、被切割/擦傷、與有害物接觸,0,0,0
2356,英業達,"1,330","1,142","1,129",948,26.56%,14,0.08%,物體飛落、被切割傷、跌倒、被撞、夾捲 ,0,0,0
2357,華碩,"1,917","1,720","1,691","1,375",23.46%,3,0.20%,研發測試和拆解產品未遵循標準流程致手部受傷 (風扇割傷(2件)、斜口鉗劃傷(1件)，均已建立SOP並完成教育訓練宣導),0,0,0
2359,所羅門,"1,111",936,895,783,5.00%,1,0.00%,,0,0,0
2360,致茂,"1,336","1,119","1,154","1,001",7.76%,3,0.00%,跌倒、燒燙傷、切割夾捲,0,0,0
2362,藍天,"1,468","1,252","1,206","1,101",28.05%,1,0.06%,廠區內摔倒,0,0,0
2363,矽統,"2,005","1,795","1,414","1,310",19.00%,0,0.00%,N/A,0,0,0
2364,倫飛,"1,166","1,007",802,665,41.98%,3,3.09%,滑倒、壓傷、燙傷,0,0,0
2365,昆盈,"1,294","1,071",861,770,41.67%,0,0.00%,無職災,0,0,0
2367,燿華,766,640,593,544,15.73%,28,0.62%,28件,0,0,0
2368,金像電,"1,116",963,877,682,36.10%,25,34.84%,物體倒塌(壓砸傷)、跌倒、有害物接觸等為主要類別,0,0,0
2369,菱生,685,555,588,531,15.38%,0,0.00%,無,0,0,0
2371,大同,890,762,739,659,20.75%,8,0.32%,跌倒2起、衝撞1起、墜落1起、感電1起、夾傷1起、物體破裂1起、被切割傷1起，合計8起。,0,0,0
2373,震旦行,859,724,749,650,15.00%,1,0.56%,夾傷,0,0,0
2374,佳能,"1,224","1,047","1,148","1,090",21.05%,0,0.00%,無,0,0,0
2375,凱美,"1,038",840,777,730,24.00%,1,0.05%,,0,0,0
2376,技嘉,"1,489","1,302","1,232",856,27.87%,4,0.07%,作業過程中發生夾傷或割傷,0,0,0
2377,微星,"1,708","1,510","1,395","1,213",16.42%,23,0.50%,一般職業傷害,0,0,0
2379,瑞昱,"3,480","3,167","3,149","2,593",1.77%,2,0.03%,跌倒、不當動作,0,0,0
2380,虹光,"1,078",874,893,803,18.00%,4,5.47%,上下班交通事故2件、割傷事件1件、跌倒事故1件,0,0,0
2382,廣達,"1,851","1,628","1,522","1,291",23.72%,120,0.23%,交通傷害、撞傷、壓傷、跌傷、割傷、機械傷害、扭傷與物件打擊,0,0,0
2383,台光電,"1,456","1,288","1,070",805,0.37%,27,0.63%,化學品洩漏、火災、交通事件等,1,0,0.00%
2385,群光,"2,699","2,441","2,099","1,808",7.70%,23,0.12%,交通事故、物體飛落、被夾捲、壓傷砸傷、被刺/割/擦傷、跌倒、感電、與有害物接觸,0,0,0
2387,精元,"1,128",973,742,672,7.69%,0,0.00%,N/A,0,0,0
2388,威盛,"1,995","1,733","1,692","1,515",27.45%,0,0.00%,無,0,0,0
2390,云辰,974,801,811,760,23.53%,0,0.00%,N/A,0,0,0
2392,正崴,"1,283","1,085","1,246","1,086",31.00%,32,0.12%,切割傷,1,0,0.00%
2393,億光,"1,049",883,927,735,40.30%,19,0.49%,跌倒、被捲夾、壓傷、夾傷、機器劃傷、皮膚過敏、擦傷,0,0,0
2395,研華,"1,338","1,094","1,232","1,059",20.00%,20,0.00%,上下班交通事故/跌倒/不當動作,0,0,0
2397,友通,969,812,819,644,26.30%,2,0.01%,跌倒,0,0,0
2399,映泰,"1,127",963,868,742,10.00%,0,0.00%,當年度未發生,0,0,0
2401,凌陽,"1,636","1,414","1,421","1,246",28.92%,0,0.00%,無職業災害發生,0,0,0
2402,毅嘉,"1,012",884,592,493,28.00%,1,0.44%,割傷,0,0,0
2404,漢唐,"1,904","1,735","1,577","1,387",13.73%,0,0.00%,墜落、壓、撞傷、感電 ,0,0,0
2405,輔信,"1,199","1,023",956,807,19.57%,0,0.00%,N/A,0,0,0
2406,國碩,860,719,697,625,26.09%,0,0.00%,無職災,0,0,0
2408,南亞科,"1,377","1,203","1,220","1,054",35.00%,3,0.08%,不當動作1件、跌倒2件,0,0,0
2409,友達,"1,274","1,069","1,099",839,28.04%,40,0.11%,滑跌倒傷、扭挫傷、刺切割傷、夾捲壓傷、砸撞擊傷、墜落傷,0,0,0.00%
2412,中華電,"1,712",881,"1,526","1,487",23.39%,8,0.04%,跌倒、墜落、交通事故,2,0,0.00%
2413,環科,656,554,547,467,3.80%,2,0.25%,,0,0,0
2414,精技,"1,109",942,875,788,20.63%,0,0.00%,無職災發生,0,0,0
2415,錩新,"1,370","1,160","1,020",886,39.13%,0,0.00%,,0,0,0
2417,圓剛,"1,370","1,190","1,157","1,114",41.94%,0,0.00%,,0,0,0
2419,仲琦,"1,600","1,355","1,266","1,105",24.19%,0,0.00%,不適用,0,0,0
2420,新巨,745,637,596,483,32.00%,0,0.00%,,0,0,0
2421,建準,"1,303","1,096","1,082",876,41.10%,13,0.20%,主要為人員未依規定操作機台所造成之傷害。,0,0,0
2423,固緯,"1,222","1,053",995,898,20.80%,0,0.00%,,0,0,0
2424,隴華,978,830,859,712,37.50%,0,0.00%,,0,0,0
2425,承啟,"1,378","1,184","1,036",910,30.00%,0,0.00%,,0,0,0
2426,鼎元,673,539,569,465,29.76%,3,0.39%,人力搬運1 件；跌倒1 件； 被夾、被捲 1件,0,0,0
2427,三商電,"1,030",887,794,741,23.00%,1,0.12%,跌倒,0,0,0
2428,興勤,967,815,815,604,48.00%,0,0.00%,,0,0,0
2429,銘旺科,925,759,437,333,1.00%,0,0.00%,,0,0,0
2430,燦坤,596,473,663,629,20.41%,8,0.00%,,0,0,0
2431,聯昌,"1,232","1,034",976,837,0.00%,0,0.00%,,0,0,0
2432,倚天酷碁-創,"1,931","1,741","1,476","1,277",20.00%,0,0.00%,不適用,0,0,0
2433,互盛電,824,611,717,662,3.92%,0,0.00%,,0,0,0
2434,統懋,690,565,536,493,12.50%,0,0.00%,N/A,0,0,0
2436,偉詮電,"1,464","1,267","1,279","1,202",13.00%,0,0.00%,,0,0,0
2438,翔耀,772,637,515,459,28.57%,0,0.00%,N/A,0,0,0
2439,美律,"1,535","1,169","1,116",812,30.41%,0,0.00%,2023年無重大職業災害發生,0,0,0
2440,太空梭,"1,084",898,857,761,22.22%,0,0.00%,,0,0,0
2441,超豐,809,689,737,610,7.01%,2,0.05%,跌倒、其他,0,0,0
2442,新美齊,"1,718",955,"1,154",951,19.05%,0,0.00%,,0,0,0
2444,兆勁,645,525,516,468,25.00%,0,0.00%,,0,0,0
2449,京元電子,886,748,792,665,33.42%,20,1.08%,物理性,0,0,0
2450,神腦,790,643,632,589,35.00%,2,0.00%,跌倒、燙傷,0,0,0
2451,創見,912,767,763,618,17.05%,5,2.56%,被切、割、擦傷4件，跌傷1件,0,0,0
2453,凌群,"1,288","1,101",998,895,21.09%,7,0.55%,,0,0,0
2454,聯發科,"4,177","3,845","3,754","3,094",10.30%,30,0.24%,29件上下班交通事故、1件扭傷,1,0,0.00%
2455,全新,"1,131",953,900,654,17.39%,2,0.67%,,0,0,0
2457,飛宏,"1,534","1,379","1,010",877,28.73%,10,0.00%,職業傷害與通勤職災,0,0,0
2458,義隆,"2,071","1,823","1,864","1,715",4.20%,1,0.09%,墜落,0,0,0
2459,敦吉,"1,339","1,199","1,034",977,0.00%,0,0.00%,,0,0,0
2460,建通,724,588,590,524,31.03%,0,0.00%,,0,0,0
2461,光群雷,939,810,723,616,23.53%,0,0.00%,,0,0,0
2462,良得電,"1,677","1,463","1,292","1,055",8.50%,0,0.00%,N/A,0,0,0
2464,盟立,"1,223","1,037","1,035",880,10.15%,0,0.00%,,0,0,0
2465,麗臺,"1,003",830,876,775,34.10%,8,2.40%,,0,0,0
2466,冠西電,714,600,538,360,8.23%,1,0.63%,,0,0,0
2467,志聖,"1,157",985,"1,133","1,018",4.18%,0,0.00%,,0,0,0
2468,華經,976,810,737,627,31.25%,1,0.28%,,0,0,0
2471,資通,"1,507","1,313","1,264","1,123",21.43%,0,0.00%,,0,0,0
2472,立隆電,"1,563","1,352","1,163","1,110",37.25%,0,0.00%,,0,0,0
2474,可成,741,618,671,564,22.22%,7,0.26%,被切、割、擦傷3件，跌倒3件，不當動作1件,0,0,0
2476,鉅祥,794,690,674,598,27.00%,6,0.94%,交通事故、跌倒,0,0,0
2477,美隆電,960,824,734,638,7.00%,1,0.00%,割傷,0,0,0
2478,大毅,956,820,697,579,26.00%,1,0.10%,,0,0,0
2480,敦陽科,"1,234","1,058","1,014",941,24.07%,4,0.01%,,0,0,0
2481,強茂,859,711,745,554,40.79%,4,0.28%,係跌倒、夾傷、物體飛落之物理性傷害及與有害物等接觸之化學性傷害,0,0,0
2482,連宇,"1,016",859,835,663,31.58%,1,0.58%,,0,0,0
2483,百容,615,515,501,426,11.00%,19,3.00%,,0,0,0
2484,希華,758,630,635,556,25.37%,0,0.00%,,0,0,0
2485,兆赫,678,564,581,426,39.53%,24,2.05%,1.與高低溫之接觸 2.非上下班交通事故 3.上下班交通事故 4.被切、割、擦傷 5.被夾、被捲 6.物體飛落 7.跌倒 8.被撞 9.其他,0,0,0
2486,一詮,820,638,625,550,12.00%,4,0.50%,跌倒；被切、割、擦傷；不當動作；物體倒塌、崩塌,0,0,0
2488,漢平,"1,205","1,034",905,742,0.00%,0,0.00%,N/A,0,0,0
2489,瑞軒,"1,359","1,163","1,302","1,155",16.45%,4,0.00%,主要職災類別為機械傷害、交通事故與夾傷,0,0,0
2491,吉祥全,986,844,600,549,19.00%,0,0.00%,N/A,0,0,0
2492,華新科,646,522,657,595,46.46%,12,0.20%,跌倒、物體飛落、被撞、被切/割/擦傷、被夾、被捲、與高溫、低溫之接觸,0,0,0
2493,揚博,"1,288","1,127","1,017",858,22.22%,0,0.00%,N/A,0,0,0
2495,普安,"1,110",965,962,812,14.63%,0,0.00%,N/A,0,0,0
2496,卓越,"2,654","2,269",820,665,100.00%,0,0.00%,,0,0,0
2497,怡利電,871,744,679,606,1.06%,0,0.00%,,0,0,0
2498,宏達電,"1,395","1,185","1,208",937,28.17%,0,0.00%,HTC 2023未發生可記錄職業傷害；就職業病方面而言，HTC公司的工作環境並非重度污染或有毒作業環境，在2023年內未發生任何因工作性質或場所而導致的職業病危害情況,0,0,0
2501,國建,"1,413","1,250","1,032",978,33.33%,1,0.64%,,1,0,0.00%
2504,國產,"1,515","1,384","1,007","1,001",12.50%,8,1.25%,,0,0,0
2505,國揚,"1,524","1,331",990,915,4.00%,0,0.00%,,0,0,0
2506,太設,600,499,753,680,0.00%,0,0.00%,,0,0,0
2509,全坤建,995,834,780,760,54.55%,0,0.00%,,0,0,0
2511,太子,"1,090",947,782,709,38.52%,0,0.00%,,0,0,0
2514,龍邦,"1,280","1,107",966,908,17.00%,0,0.00%,,0,0,0
2515,中工,"1,244","1,083",742,665,49.00%,15,0.85%,,0,0,0
2516,新建,813,704,620,469,8.00%,13,1.39%,,0,0,0
2520,冠德,"1,938","1,693","1,090",989,42.00%,0,0.00%,,0,0,0
2524,京城,"1,347","1,107",909,820,37.50%,0,0.00%,N/A,0,0,0
2527,宏璟,"1,516","1,294",817,831,45.45%,0,0.00%,,0,0,0
2528,皇普,"1,142",993,794,633,0.00%,0,0.00%,,0,0,0
2530,華建,"1,565","1,345","1,135",959,40.00%,0,0.00%,,0,0,0
2534,宏盛,"1,020",850,890,784,13.00%,0,0.00%,,0,0,0
2535,達欣工,"1,560","1,349","1,176","1,115",9.50%,3,0.50%,滑倒、鋼筋切斷機切、夾傷。,0,0,0
2536,宏普,"1,875","1,697","1,434","1,343",37.50%,0,0.00%,,0,0,0
2537,聯上發,"1,090",916,838,869,40.00%,0,0.00%,N/A,0,0,0
2538,基泰,"5,640","1,481","1,639","1,075",0.00%,0,0.00%,,0,0,0
2539,櫻花建,"1,227","1,019",960,836,25.00%,1,1.32%,職業災害事件：巡視工地時上方模板用之鐵片掉落，砸中安全帽後擊傷眼睛。,0,0,0
2540,愛山林,"5,894","5,526","3,659","2,817",33.33%,0,0.00%,,0,0,0
2542,興富發,"1,170","1,042","1,017",806,40.00%,0,0.00%,,0,0,0
2543,皇昌,832,661,719,514,16.67%,2,0.63%,,0,0,0
2545,皇翔,"1,159",957,"1,139","1,045",4.49%,0,0.00%,,0,0,0
2546,根基,954,821,836,767,9.52%,3,0.51%,,0,0,0
2547,日勝生,"1,450","1,212",939,830,49.00%,0,0.00%,,0,0,0
2548,華固,"4,050","3,671","2,073","1,960",25.00%,0,0.00%,,0,0,0
2597,潤弘,"1,478","1,283","1,146",961,10.83%,0,0.00%,,2,0,0.00%
2601,益航,"1,608","1,382",939,862,43.75%,0,0.00%,,0,0,0
2603,長榮,"1,955","1,659","1,539","1,410",20.66%,8,0.26%,2023年度陸勤人員職業災害類別皆為跌倒。 2023年度海勤人員職業災害主要類型為(1)被夾被捲(2)與高、低溫接觸。,0,0,0
2605,新興,"2,251","1,970","1,396","1,202",40.00%,0,0.00%,,0,0,0
2606,裕民,"2,117","1,726","1,561","1,333",26.80%,0,0.00%,,0,0,0
2607,榮運,"1,184",999,991,985,26.00%,8,0.77%,職業傷害,2,0,0.00%
2608,嘉里大榮,798,650,678,645,14.14%,83,9.75%,因產業特性，勞動場所意外事故中，主要為公路交通事故,0,0,0
2609,陽明,"1,724","1,357","1,284","1,130",30.32%,4,0.20%,跌倒、被夾捲,0,0,0
2610,華航,"2,217","1,526","2,075","1,545",28.68%,55,0.56%,,0,0,0
2611,志信,"1,268","1,153",659,689,14.29%,0,0.00%,N/A,0,0,0
2612,中航,"1,614","1,420","1,192","1,135",26.90%,0,0.00%,,0,0,0
2613,中櫃,769,627,619,592,0.00%,5,0.70%,職業傷害：因工作環境因素致立即性傷害、疾病、失能、死亡。 職業疾病：與工作內容有關因子促發疾病發生致傷害、疾病、失能、死亡。 通勤職災：通勤時發生意外事故致傷害、疾病、失能、死亡。,0,0,0
2614,東森,"1,368","1,189",943,871,50.00%,1,0.39%,被夾、被捲,0,0,0
2615,萬海,"1,532","1,321","1,278","1,069",37.87%,34,1.06%,,1,0,0.00%
2616,山隆,656,553,746,642,21.43%,8,0.35%,,0,0,0
2617,台航,"1,464","1,241","1,332","1,016",0.00%,0,0.00%,N/A,0,0,0
2618,長榮航,"2,182","1,632","1,930","1,379",32.64%,179,1.82%,交通事故、跌倒、衝撞、不當動作、與高低溫接觸、墜落滾落、物體飛落、被切割擦傷、被夾被捲、被撞、物體倒塌崩塌、法定傳染病、其他。 ,0,0,0
2630,亞航,826,681,662,612,20.00%,1,0.09%,,0,0,0
2633,台灣高鐵,"1,293","1,109","1,079",991,4.75%,7,0.03%,,1,0,0.00%
2634,漢翔,"1,323","1,127","1,085",906,22.30%,26,0.40%,,0,0,0
2636,台驊投控,"4,004","3,732",706,505,58.03%,0,0.00%,,0,0,0
2637,慧洋-KY,N/A,N/A,N/A,N/A,51.61%,0,0.00%,,0,0,0
2642,宅配通,661,541,586,558,24.60%,43,2.01%,,2,0,0.00%
2645,長榮航太,"1,530","1,290","1,260","1,199",0.30%,21,0.62%,,0,0,0
2646,星宇航空,N/A,N/A,N/A,N/A,3.51%,14,2.44%,,0,0,0
2701,萬企,619,500,513,471,50.00%,0,0.00%,,0,0,0
2702,華園,654,554,551,458,24.00%,0,0.00%,,0,0,0
2704,國賓,860,712,710,560,49.00%,8,1.60%,工傷,1,0,0.00%
2705,六福,591,492,558,483,49.47%,108,0.44%,以上下班途中意外、切割傷等為大宗,0,0,0
2706,第一店,578,470,456,452,43.00%,32,8.00%,N/A,0,0,0
2707,晶華,760,635,699,571,54.00%,30,2.89%,,0,0,0
2712,遠雄來,650,537,551,446,41.10%,3,0.80%,,0,0,0
2722,夏都,662,547,484,350,48.94%,17,3.91%,1.被切、割、擦傷 2.不當動作 3.上下班公路交通事故 4.與高溫、低溫之接觸 5.跌倒 6.COVID-19 ,0,0,0
2723,美食-KY,N/A,N/A,N/A,N/A,22.00%,13,0.93%,,0,0,0
2727,王品,570,479,729,595,52.54%,176,1.62%,,1,0,0.00%
2731,雄獅,867,736,672,543,62.96%,1,0.18%,,0,0,0
2739,寒舍,907,754,686,586,45.19%,106,7.54%,1.上下班交通事故 2.滑倒 3.切割傷 4.燙傷,0,0,0
2748,雲品,897,761,627,562,48.13%,16,0.97%,2023年由職安委員會每月定期檢視與追蹤前一月份之職業傷害事件，主要發生之職業傷害的主要類型，包括燒燙傷、切割傷及跌倒等。,0,0,0
2753,八方雲集,"1,126",960,860,773,57.14%,19,6.90%,,0,0,0
2762,世界健身-KY,N/A,N/A,N/A,N/A,31.46%,73,1.23%,,0,0,0
2801,彰銀,"1,820","1,475","1,394","1,302",59.40%,5,0.07%,,0,0,0
2812,台中銀,"1,367","1,166","1,110",936,40.66%,1,0.03%,,0,0,0
2816,旺旺保,"1,245","1,085","1,056",831,43.32%,2,0.18%,非上下班公路交通事故,0,0,0
2820,華票,"2,076","1,677","1,489","1,320",12.50%,0,0.00%,,0,0,0
2832,台產,"1,221","1,087","1,055",831,39.50%,0,0.00%,N/A,0,0,0
2834,臺企銀,"1,593","1,308","1,279","1,132",46.21%,18,0.32%,,0,0,0
2836,高雄銀,"1,596","1,330","1,209","1,079",49.38%,4,0.36%,公傷,0,0,0
2838,聯邦銀,"1,088",928,912,805,53.02%,59,1.48%,上下班事故及公出事故,0,0,0
2845,遠東銀,"1,643","1,369","1,271","1,136",38.30%,0,0.00%,,0,0,0
2849,安泰銀,"1,243","1,084","1,020",859,49.15%,9,0.06%,通勤職災及職業傷害,0,0,0
2850,新產,"1,334","1,227","1,216",973,19.23%,3,0.20%,,0,0,0.00%
2851,中再保,"1,955","1,703","1,629","1,383",48.84%,0,0.00%,,0,0,0
2852,第一保,"1,263","1,130","1,094",853,39.00%,4,0.47%,,0,0,0
2855,統一證,"1,877","1,656","1,449",961,36.89%,0,0.00%,依《職業安全衛生法》第37條所稱之職業災害計算。,0,0,0
2867,三商壽,"1,194","1,005",911,789,46.75%,6,0.33%,通勤期間的交通意外類型：6人(僅揭露內勤資訊),0,0,0.00%
2880,華南金,"1,737","1,419","1,360","1,178",51.27%,40,0.36%,職災類型多為出差或通勤時間之交通事故,0,0,0
2881,富邦金,"1,388","1,151","1,442","1,164",56.10%,44,0.23%,交通意外事故,0,0,0
2882,國泰金,"1,291","1,132","1,443","1,179",29.60%,134,0.30%,跌倒、上下班途中交通事故等,0,0,0
2883,開發金,"1,679","1,440","1,359","1,100",49.70%,0,0.00%,,0,0,0
2884,玉山金,"1,657","1,427","1,283","1,156",41.48%,21,0.23%,,0,0,0
2885,元大金,"1,947","1,684","1,368","1,160",54.51%,0,0.00%,,0,0,0
2886,兆豐金,"2,165","1,658","1,562","1,304",53.09%,0,0.00%,,0,0,0
2887,台新金,"1,621","1,383","1,376","1,114",48.00%,0,0.00%,,0,0,0
2889,國票金,"1,551","1,415","1,183",892,4.65%,0,0.00%,,0,0,0
2890,永豐金,"1,763","1,478","1,360","1,154",48.73%,36,0.38%,,0,0,0
2891,中信金,"2,038","1,797","1,593","1,314",56.79%,51,0.21%,包含上下班途中交通事故、執行職務時摔傷跌倒或遭紙張或設備割傷等，無因公死亡事件發生。,0,0,0
2892,第一金,"1,835","1,577","1,397","1,293",49.30%,20,0.19%,,0,0,0
2897,王道銀行,"1,725","1,513","1,317","1,081",40.91%,8,0.67%,,0,0,0
2901,欣欣,"1,063",880,769,707,40.00%,0,0.00%,N/A,0,0,0
2903,遠百,987,840,798,741,23.33%,3,0.08%,機械捲夾1件、上下班交通意外2件,0,0,0
2904,匯僑,"1,094",906,683,669,23.08%,1,1.28%,,0,0,0
2905,三商,"5,149","4,949",914,786,65.94%,33,0.33%,跌倒/滑倒、燙傷、肌肉骨骼傷害為主。,0,0,0
2906,高林,671,555,617,571,23.44%,0,0.00%,,0,0,0
2908,特力,"1,169",933,963,850,61.40%,3,0.82%,,0,0,0
2910,統領,818,677,664,607,18.18%,0,0.00%,,0,0,0
2911,麗嬰房,609,507,520,477,41.67%,0,0.00%,,0,0,0
2912,統一超,936,793,"1,083",922,53.88%,26,0.30%,,1,0,0.00%
2913,農林,875,673,543,489,49.00%,3,1.32%,,0,0,0
2915,潤泰全,809,686,579,440,7.92%,2,0.38%,,0,0,0
2923,鼎固-KY,N/A,N/A,N/A,N/A,42.00%,0,0.00%,,0,0,0
2929,淘帝-KY,N/A,N/A,N/A,N/A,28.50%,0,0.00%,N/A,0,0,0
2939,凱羿-KY,N/A,N/A,N/A,N/A,63.64%,0,0.00%,,0,0,0
2945,三商家購,457,370,447,375,60.00%,84,2.21%,,0,0,0
3002,歐格,"1,231","1,083",883,845,55.56%,0,0.00%,,0,0,0
3003,健和興,730,598,667,614,2.36%,1,0.14%,,0,0,0
3004,豐達科,"1,174",992,860,751,27.00%,3,0.63%,,0,0,0
3005,神基,"2,541","2,309","1,750","1,526",25.87%,8,0.10%,8件職業災害，1件為砸傷與推擊，4件為夾捲壓傷，其他3件分別為撞上玻璃門、割傷及跑步絆倒。,0,0,0
3006,晶豪科,"2,305","2,052","2,124","1,970",26.85%,0,0.00%,無,0,0,0
3008,大立光,"1,229","1,089","1,139",858,10.00%,28,0.36%,,0,0,0
3010,華立,"2,118","1,867","1,394","1,153",13.70%,0,0.00%,N/A,0,0,0
3011,今皓,"1,127",987,761,664,22.00%,0,0.00%,N/A,0,0,0
3013,晟銘電,"1,362","1,131",975,914,4.00%,44,1.22%,,0,0,0
3014,聯陽,"2,870","2,630","2,523","2,346",11.22%,0,0.00%,無發生職災,0,0,0
3015,全漢,"1,162",998,971,838,28.67%,0,0.00%,職業傷害造成的死亡事故、嚴重職業傷害、可記錄職業傷害、可記錄職業傷害(承包商)、職業病、可記錄職業病,0,0,0
3016,嘉晶,"1,029",838,895,835,29.00%,0,0.00%,無,0,0,0
3017,奇鋐,"2,613","2,358","1,206","1,046",17.07%,37,1.51%,運行幾台作業過程中所致壓傷、夾傷和刮傷等,0,0,0
3018,隆銘綠能,"1,145",882,847,828,12.50%,0,0.00%,N/A,0,0,0
3019,亞光,983,842,854,716,16.13%,2,0.20%,物理傷害造成,0,0,0
3021,鴻名,771,609,723,608,38.89%,0,0.00%,,0,0,0
3022,威強電,"1,319","1,153","1,137","1,022",25.00%,0,0.00%,N/A,0,0,0
3023,信邦,898,753,729,544,47.20%,26,1.46%,墜落/物體倒塌、崩塌/被夾、被捲/跌倒/與有害物之接觸/被切、割、擦傷/與高溫、低溫之接觸/衝撞/物體飛落/感電/不當動作等,0,0,0
3024,憶聲,920,758,618,539,20.51%,0,0.00%,N/A,0,0,0
3025,星通,"1,386","1,213",979,802,40.00%,0,0.00%,,0,0,0
3026,禾伸堂,"1,026",882,817,707,47.60%,7,0.71%,,0,0,0
3027,盛達,"1,120",944,812,780,25.00%,0,0.00%,,0,0,0
3028,增你強,"1,276","1,093","1,020",916,36.56%,5,0.67%,通勤職災 ,0,0,0
3029,零壹,"1,447","1,221","1,109","1,080",51.00%,0,0.00%,,0,0,0
3030,德律,"1,289","1,095","1,152","1,001",10.13%,2,0.34%,上下班公路交通事故,0,0,0
3031,佰鴻,"1,337","1,163",816,744,27.00%,0,0.00%,,0,0,0
3032,偉訓,"1,937","1,730","1,276","1,175",24.00%,0,0.00%,,0,0,0
3033,威健,"1,505","1,271","1,156","1,033",10.38%,6,1.22%,上下班其他交通事故,0,0,0
3034,聯詠,"4,093","3,784","3,712","3,028",7.33%,0,0.00%,無發生作業現場之職業災害,0,0,0
3035,智原,"2,754","2,495","2,323","1,980",21.02%,0,0.00%,N/A,0,0,0
3036,文曄,"1,985","1,742","1,392","1,117",30.80%,0,0.00%,無,0,0,0
3037,欣興,919,763,854,691,19.37%,41,0.14%,主要類別為設備夾/捲/壓/割/砸/撞傷。 ,1,0,0.00%
3038,全台,813,704,674,556,17.14%,4,0.46%,,0,0,0
3040,遠見,"1,377","1,195",760,806,50.00%,0,0.00%,N/A,0,0,0
3041,揚智,"2,244","1,998","1,713","1,605",13.00%,0,0.00%,,0,0,0
3042,晶技,"1,021",882,940,729,17.07%,1,0.10%,跌倒,0,0,0
3043,科風,665,552,511,415,23.00%,0,0.00%,,0,0,0
3044,健鼎,"1,182","1,049",709,466,18.31%,0,0.00%,N/A,0,0,0
3045,台灣大,"1,286","1,102","1,127",969,47.89%,1,0.00%,跌落,0,0,0
3046,建碁,"1,774","1,356","1,274","1,396",29.00%,0,0.00%,不適用,0,0,0
3047,訊舟,"1,293","1,066","1,050",944,20.51%,0,0.00%,無,0,0,0
3048,益登,"1,141",937,"1,220","1,058",23.10%,0,0.00%,N/A,0,0,0
3049,精金,968,748,751,670,10.00%,0,0.00%,主要類別為非上下班 ,0,0,0
3050,鈺德,780,647,633,582,4.66%,0,0.00%,,0,0,0
3051,力特,762,629,574,531,25.00%,13,0.18%,,0,0,0
3052,夆典,"1,100",951,642,579,14.29%,0,0.00%,,0,0,0
3054,立萬利,"1,176",999,935,790,40.00%,0,0.00%,,0,0,0
3055,蔚華科,"2,097","1,676","1,331","1,207",27.78%,0,0.00%,,0,0,0
3056,富華新,"1,328","1,136",959,702,40.00%,1,0.01%,,0,0,0
3057,喬鼎,"1,421","1,215","1,154",979,23.00%,0,0.00%,無職災情形,0,0,0
3058,立德,888,745,706,522,19.19%,0,0.00%,,0,0,0
3059,華晶科,"1,759","1,555","1,315","1,225",22.22%,2,0.68%,交通意外,0,0,0
3060,銘異,901,745,593,541,22.00%,0,0.00%,,0,0,0
3062,建漢,"1,569","1,375","1,164","1,123",16.33%,0,0.00%,N/A,0,0,0
3090,日電貿,984,824,818,718,46.67%,2,1.34%,上下班途中發生事故,0,0,0
3092,鴻碩,"3,070","2,840",697,705,29.23%,0,0.00%,,0,0,0
3094,聯傑,"1,572","1,353","1,183","1,161",16.67%,0,0.00%,,0,0,0
3130,一零四,"1,584","1,390","1,280","1,132",57.00%,10,1.10%,上下班交通事故,0,0,0
3138,耀登,"1,716","1,512","1,293","1,033",36.36%,0,0.00%,,0,0,0
3149,正達,756,633,609,526,19.82%,3,0.73%,跌倒：人員因設備高低落差腳踝扭傷 壓傷：人員遭玻璃壓到腳指挫傷,0,0,0
3150,鈺寶-創,N/A,N/A,N/A,N/A,9.10%,0,0.00%,,0,0,0
3164,景岳,750,614,596,530,40.74%,0,0.00%,,0,0,0
3167,大量,852,626,640,610,15.38%,1,0.55%,,0,0,0
3168,眾福科,"1,622","1,432","1,095",984,35.00%,0,0.00%,,0,0,0
3189,景碩,728,599,680,568,2.32%,20,0.36%,跌倒、與有害物接觸、割傷、夾捲、物體飛落,0,0,0
3209,全科,"1,323","1,133","1,076",960,8.70%,0,0.00%,無,0,0,0
3229,晟鈦,675,560,544,488,36.00%,0,0.00%,,0,0,0
3231,緯創,"1,663","1,466","1,338","1,196",22.40%,37,0.09%,機械傷害,1,0,0.00%
3257,虹冠電,"2,198","2,007","1,379","1,156",12.50%,0,0.00%,N/A,0,0,0
3266,昇陽,"2,402","2,169","1,713","1,701",20.00%,0,0.00%,,0,0,0
3296,勝德,895,747,666,614,37.84%,0,0.00%,無,0,0,0
3305,昇貿,968,829,681,498,15.00%,0,0.00%,N/A,0,0,0
3308,聯德,"5,411","5,225","3,581","3,749",42.86%,0,0.00%,,0,0,0
3311,閎暉,690,561,677,461,42.50%,0,0.00%,,0,0,0
3312,弘憶股,"1,258","1,088",873,810,13.33%,0,0.00%,,0,0,0
3321,同泰,653,545,534,482,46.15%,3,2.57%,,0,0,0
3338,泰碩,"1,305","1,060",903,797,22.86%,0,0.00%,,0,0,0
3346,麗清,975,756,945,711,38.28%,0,0.00%,N/A,0,0,0
3356,奇偶,"1,162","1,003",980,894,33.33%,0,0.00%,,0,0,0
3376,新日興,658,558,602,535,29.30%,15,3.08%,,0,0,0
3380,明泰,"1,247","1,060","1,132","1,066",28.11%,1,0.09%,工作傷害,0,0,0
3406,玉晶光,"1,055",902,772,610,8.84%,31,3.04%,,0,0,0
3413,京鼎,"1,622","1,472","1,370","1,280",23.02%,20,0.76%,,0,0,0
3416,融程電,"1,026",867,833,703,22.80%,1,0.23%,跌倒手足擦傷,0,0,0
3419,譁裕,"1,174","1,007",902,751,6.15%,3,1.23%,,0,0,0
3432,台端,"1,368","1,181",726,630,50.00%,0,0.00%,,0,0,0
3437,榮創,795,640,652,549,27.20%,9,1.18%,通勤事故與工作中事故,0,0,0
3443,創意,"3,860","3,541","3,134","2,598",14.80%,1,0.11%,,0,0,0
3447,展達,"1,375","1,145","1,233","1,083",16.67%,0,0.00%,,0,0,0
3450,聯鈞,723,531,583,496,28.78%,0,0.00%,,0,0,0
3481,群創,"1,014",847,897,724,19.60%,36,0.10%,本公司前五大職災及占所有災害類別占比：1.跌倒、滑倒，占13.8%；2.被夾、被捲、被撞，占10.3%；3.被切、割、擦傷，占6.9%；4.被壓，占3.4%；5.衝撞，占3.4%,1,0,0.00%
3494,誠研,"1,122",941,589,431,0.50%,0,0.00%,N/A,0,0,0
3501,維熹,785,655,557,404,51.00%,2,0.70%,,0,0,0
3504,揚明光,864,710,728,569,22.73%,5,0.63%,職業災害類別分為：割/刺/壓傷、交通及跌倒三大類。,0,0,0
3515,華擎,"2,047","1,808","1,624","1,429",29.00%,0,0.00%,,0,0,0
3518,柏騰,"1,237","1,050",898,894,26.00%,0,0.00%,,0,0,0
3528,安馳,"1,241","1,006","1,253","1,105",39.29%,0,0.00%,,0,0,0
3530,晶相光,"2,202","1,967","1,527","1,271",1.75%,0,0.00%,,0,0,0
3532,台勝科,"1,272","1,102","1,087","1,039",5.00%,0,0.00%,無資料,0,0,0
3533,嘉澤,"3,048","2,784","1,899","1,578",23.95%,0,0.00%,,0,0,0
3535,晶彩科,"1,079",903,909,774,10.30%,2,1.05%,通勤災害,0,0,0
3543,州巧,902,754,714,609,6.00%,12,0.09%,,0,0,0
3545,敦泰,"1,940","1,681","1,833","1,546",13.79%,0,0.00%,無職災,0,0,0
3550,聯穎,991,826,863,725,35.14%,0,0.00%,,0,0,0
3557,嘉威,"2,437","2,213",998,876,37.00%,34,0.26%,,0,0,0
3563,牧德,"1,357","1,140","1,082",946,23.33%,5,0.16%,交通事故,0,0,0.00%
3576,聯合再生,890,719,687,549,42.00%,7,0.48%,根據各傷害類統計，跌倒佔71.4%，被夾、被捲 佔14.3%，無法歸類佔14.3％。,0,0,0
3583,辛耘,"1,203","1,029",999,886,22.34%,5,1.03%,與有害物接觸一件、上下班交通事故四件,0,0,0
3588,通嘉,"1,831","1,577","1,479","1,412",15.15%,1,0.63%,N/A,0,0,0
3591,艾笛森,"1,160",990,727,556,37.00%,1,0.01%,,0,0,0
3592,瑞鼎,"2,936","2,607","2,556","2,139",8.60%,1,0.11%,體育活動運動傷害,0,0,0
3593,力銘,"1,016",828,612,567,16.67%,0,0.00%,N/A,0,0,0
3596,智易,"2,145","1,906","1,881","1,589",21.00%,0,0.00%,2023年未有職災之情形。,0,0,0
3605,宏致,936,764,740,583,35.43%,9,6.19%,可記錄之職業傷害數量,0,0,0
3607,谷崧,838,641,596,463,26.19%,6,5.88%,,0,0,0
3617,碩天,"1,578","1,382","1,239","1,097",31.30%,0,0.00%,,0,0,0
3622,洋華,"1,341","1,197",967,819,33.00%,0,0.00%,N/A,0,0,0
3645,達邁,813,667,657,618,20.00%,0,0.00%,,0,0,0
3652,精聯,991,845,867,761,22.00%,4,1.19%,交通事故3件 手割傷1件,0,0,0
3653,健策,"1,117","1,013",818,640,25.00%,8,0.46%,,0,0,0
3661,世芯-KY,N/A,N/A,N/A,N/A,26.00%,0,0.00%,,0,0,0
3665,貿聯-KY,N/A,N/A,N/A,N/A,36.26%,41,0.28%,"重傷事故次數共 3件(受傷部位手、腳、胸腔各1件),其他可記錄事故38件.",0,0,0
3669,圓展,"1,146",986,"1,011",894,22.08%,0,0.00%,,0,0,0
3673,TPK-KY,N/A,N/A,N/A,N/A,24.08%,10,0.00%,機械傷害,0,0,0
3679,新至陞,"1,882","1,685",717,654,43.06%,2,0.09%,2023年職業災害的主要類型為砸傷及交通傷害,0,0,0
3686,達能,"1,564","1,311",908,511,16.67%,0,0.00%,,0,0,0
3694,海華,"1,476","1,197","1,138","1,028",4.00%,7,1.10%,,0,0,0
3701,大眾控,"1,724","1,504",991,828,15.49%,2,0.04%,職業災害類別：搬運物品操作不慎導致腿部挫傷、天雨路滑於廠區內跌倒,0,0,0
3702,大聯大,"1,932","1,687","1,408","1,290",31.55%,0,0.00%,N/A,0,0,0
3703,欣陸,"1,970","1,404",914,824,11.16%,4,0.16%,,2,0,0.00%
3704,合勤控,"1,521","1,312","1,167",990,30.60%,1,1.09%,可記錄職業傷害,0,0,0
3705,永信,"1,808","1,512",852,721,38.00%,17,1.12%,,0,0,0
3706,神達,683,683,"1,111",990,26.00%,5,0.39%,衝撞/割傷,0,0,0
3708,上緯投控,"2,666","2,443",689,510,31.88%,2,3.14%,,0,0,0
3711,日月光投控,"3,227","2,647",929,739,29.00%,124,0.15%,物理性、化學性與人因工程性職業災害 ,1,0,0.00%
3712,永崴投控,"1,677","1,582","1,123",867,33.00%,3,0.13%,跌倒 / 扭傷,0,0,0
3714,富采,"1,136",978,914,718,22.83%,14,0.15%,有害物接觸1件/撞傷4件/切割傷2件/壓夾傷2件/跌倒3件/電擊（灼傷）1件/骨折1件,0,0,0
3715,定穎投控,"1,835","1,658","1,068","1,027",85.00%,0,0.00%,無,0,0,0
4104,佳醫,"1,227","1,058",991,787,40.00%,0,0.00%,,0,0,0
4106,雃博,997,839,805,661,32.61%,10,3.80%,上下班事故6位、廠內事故4位,0,0,0
4108,懷特,"1,102",951,698,526,62.00%,0,0.00%,,0,0,0
4119,旭富,"1,247","1,080",850,761,26.47%,0,0.00%,,0,0,0
4133,亞諾法,912,764,643,560,48.50%,0,0.00%,,0,0,0
4137,麗豐-KY,N/A,N/A,N/A,N/A,66.42%,0,0.00%,,0,0,0
4142,國光生,929,792,639,583,32.17%,6,0.09%,,0,0,0
4148,全宇生技-KY,N/A,N/A,N/A,N/A,39.00%,8,1.50%,,0,0,0
4155,訊映,903,753,636,465,20.00%,0,0.00%,N/A,0,0,0
4164,承業醫,"1,538","1,360","1,043",867,5.84%,7,2.55%,,0,0,0
4190,佐登-KY,N/A,N/A,N/A,N/A,80.00%,7,0.00%,,0,0,0
4306,炎洲,682,572,558,517,24.17%,17,1.40%,4699,0,0,0
4414,如興,"1,997","1,790","1,137",839,61.31%,105,0.67%,,0,0,0
4426,利勤,608,507,523,488,46.47%,17,2.68%,,0,0,0
4438,廣越,"1,092",906,869,802,50.60%,0,0.00%,,0,0,0
4439,冠星-KY,N/A,N/A,N/A,N/A,36.92%,31,1.91%,,0,0,0.00%
4440,宜新實業,728,612,507,467,0.00%,1,0.01%,,0,0,0
4526,東台,779,632,663,646,8.75%,8,1.23%,1. 切、割、擦傷 2. 壓、夾傷 3.交通事故 ,0,0,0
4532,瑞智,"1,136",956,876,769,8.70%,0,0.00%,墜落0 切傷0 夾傷0 壓傷0,0,0,0
4536,拓凱,"1,141",957,708,566,29.79%,1,0.35%,,0,0,0
4540,全球傳動,648,537,522,465,17.78%,5,0.48%,夾傷、上下班車禍,0,0,0.00%
4545,銘鈺,754,643,607,485,40.00%,4,0.85%,,0,0,0
4551,智伸科,"1,233","1,043","1,152",901,33.00%,0,0.00%,,0,0,0
4552,力達-KY,N/A,N/A,N/A,N/A,18.18%,0,0.00%,,0,0,0
4555,氣立,688,557,502,435,22.22%,0,0.00%,,0,0,0
4557,永新-KY,N/A,N/A,N/A,N/A,30.52%,0,0.00%,,0,0,0
4560,強信-KY,N/A,N/A,N/A,N/A,12.61%,0,0.00%,N/A,0,0,0
4562,穎漢,716,607,567,480,36.84%,1,0.34%,,0,0,0
4564,元翎,571,451,519,461,21.00%,0,0.00%,,0,0,0
4566,時碩工業,913,784,744,620,20.00%,4,1.00%,,0,0,0
4569,六方科-KY,N/A,N/A,N/A,N/A,36.36%,5,0.48%,,0,0,0
4571,鈞興-KY,N/A,N/A,N/A,N/A,22.02%,12,1.41%,,0,0,0
4572,駐龍,755,644,629,573,22.58%,17,0.45%,N/A,0,0,0
4576,大銀微系統,"1,014",861,823,730,16.06%,3,2.31%,,0,0,0
4581,光隆精密-KY,N/A,N/A,N/A,N/A,20.00%,0,0.00%,,0,0,0
4583,台灣精銳,743,633,658,579,33.33%,5,0.71%,,0,0,0
4588,玖鼎電力,995,868,717,582,31.25%,0,0.00%,112年未發生職業災害,0,0,0
4720,德淵,"1,107",939,768,703,36.00%,2,0.98%,割傷,0,0,0
4722,國精化,954,765,786,724,8.00%,0,0.00%,,0,0,0
4736,泰博,832,702,686,551,43.00%,0,0.00%,,0,0,0
4737,華廣,615,505,551,490,29.20%,13,0.01%,,0,0,0
4739,康普,888,712,788,676,17.17%,12,2.78%,,0,0,0
4746,台耀,"1,124",966,925,860,32.50%,14,38.90%,燙傷、刮傷、噴濺、化學品灼傷、割傷,4,0,0.00%
4755,三福化,"1,091",860,900,810,0.07%,1,0.48%,,0,0,0
4763,材料-KY,N/A,N/A,N/A,N/A,0.38%,14,2.68%,,0,0,0
4764,雙鍵,861,701,681,622,50.00%,0,0.00%,,0,0,0
4766,南寶,"1,131",987,882,767,12.50%,7,1.15%,,0,0,0
4770,上品,"1,217","1,057",904,712,18.19%,9,9.13%,,0,0,0
4771,望隼,"1,013",872,,,4.20%,4,0.83%,,0,0,0
4807,日成-KY,N/A,N/A,N/A,N/A,45.76%,0,0.00%,,0,0,0
4904,遠傳,"1,263","1,070","1,045",927,33.75%,0,0.00%,無,3,0,0.00%
4906,正文,"1,402","1,218","1,200","1,050",23.97%,1,0.54%,切割傷,0,0,0
4912,聯德控股-KY,N/A,N/A,N/A,N/A,62.50%,0,0.00%,,0,0,0
4915,致伸,"2,152","1,897","1,627","1,460",24.10%,52,0.52%,"以扭傷,割傷,碰撞傷為主",4,0,0.00%
4916,事欣科,"1,566","1,360",644,671,25.00%,0,0.00%,,0,0,0
4919,新唐,"1,646","1,472","1,484","1,239",13.40%,2,0.06%,非工作相關跌倒絆倒1件、工作相關噴濺割傷1件,0,0,0.00%
4927,泰鼎-KY,N/A,N/A,N/A,N/A,28.87%,45,0.60%,設備夾／捲／壓傷；工具刺傷／割傷；化學品噴濺,0,0,0
4930,燦星網,920,775,698,704,4.17%,0,0.00%,,0,0,0
4934,太極,"2,077","1,900","1,368","1,251",25.00%,0,0.00%,N/A,0,0,0
4935,茂林-KY,N/A,N/A,N/A,N/A,32.65%,6,0.47%,,0,0,0
4938,和碩,"1,582","1,338","1,346","1,134",16.74%,15,0.02%,上下班交通事故,0,0,0
4942,嘉彰,"1,040",912,741,535,28.00%,0,0.00%,,0,0,0
4943,康控-KY,N/A,N/A,N/A,N/A,0.00%,0,0.00%,,0,0,0
4949,有成精密,888,745,,,42.90%,9,11.63%,,0,0,0
4952,凌通,"1,804","1,571","1,692","1,629",14.90%,0,0.00%,,0,0,0
4956,光鋐,688,566,608,528,30.90%,0,0.00%,,0,0,0
4958,臻鼎-KY,N/A,N/A,N/A,N/A,15.70%,23,0.05%,機械傷害/化學品灼傷,0,0,0
4960,誠美材,889,707,666,653,24.50%,8,0.74%,上下班交通事故4件，勞災事故4件,1,0,0.00%
4961,天鈺,"2,714","2,400","2,426","1,946",15.40%,0,0.00%,報告年度未發生職災事件,0,0,0
4967,十銓,954,799,794,653,46.61%,0,0.00%,,0,0,0
4968,立積,"1,761","1,542","1,465","1,206",4.29%,1,0.33%,一般(跌倒),0,0,0
4976,佳凌,680,571,557,545,22.64%,5,0.71%,交通意外,0,0,0
4977,眾達-KY,N/A,N/A,N/A,N/A,0.01%,0,0.00%,,0,0,0
4989,榮科,"1,154",934,948,922,19.20%,0,0.00%,,0,0,0
4994,傳奇,"1,214","1,042",841,743,46.15%,0,0.00%,,0,0,0
4999,鑫禾,755,638,616,505,20.00%,0,0.00%,,0,0,0
5007,三星,835,690,702,662,8.56%,7,0.49%,,0,0,0
5203,訊連,"1,765","1,504","1,533","1,236",20.50%,0,0.00%,,0,0,0
5215,科嘉-KY,N/A,N/A,N/A,N/A,0.52%,9,0.43%,,0,0,0
5222,全訊,"1,032",852,797,701,0.00%,0,0.00%,,0,0,0
5225,東科-KY,N/A,N/A,N/A,N/A,23.50%,2,0.08%,,0,0,0.00%
5234,達興材料,"1,872","1,674","1,507","1,144",26.92%,1,0.25%,,0,0,0
5243,乙盛-KY,N/A,N/A,N/A,N/A,27.00%,38,1.03%,,0,0,0
5244,弘凱,"1,588","1,430","1,296","1,073",5.00%,1,2.27%,,0,0,0
5258,虹堡,988,838,766,562,29.55%,1,1.04%,,0,0,0
5269,祥碩,"3,733","3,442","2,621","2,054",12.20%,0,0.00%,祥碩全權委託供應商製造，除少數員工需執行測試所需之焊接及ESD 靜電測試工作外，主要的職業傷害類型為辦公室內常見的跌倒、夾傷、撞傷等，不容易發生嚴重職業傷害的事故。,0,0,0
5283,禾聯碩,811,683,663,605,16.88%,14,1.87%,,0,0,0
5284,jpp-KY,N/A,N/A,N/A,N/A,42.31%,27,2.13%,工業傷害,0,0,0
5285,界霖,703,615,535,490,32.65%,3,0.96%,割傷、擦傷、跌倒,0,0,0
5288,豐祥-KY,N/A,N/A,N/A,N/A,8.00%,7,0.15%,,2,0,0.00%
5292,華懋,953,803,758,675,18.00%,0,0.00%,,0,0,0
5306,桂盟,959,805,889,764,35.00%,0,0.00%,1位人因工程事故 3位夾傷事故,0,0,0
5388,中磊,"1,437","1,267","1,023",657,22.68%,7,0.62%,台灣：被夾/被捲、衝撞、與高低溫之接觸 中國：跌倒事故 菲律賓：被刺/割/擦傷、與有害物質接觸,0,0,0
5434,崇越,"2,357","2,085","1,711","1,289",27.00%,0,0.00%,,0,0,0
5469,瀚宇博,"1,107",946,861,730,20.27%,9,1.32%,跌倒、物體飛落、物體倒塌、崩塌、與有害物之接觸及交通事故。,0,0,0
5471,松翰,"1,735","1,482","1,483","1,396",17.00%,0,0.00%,,0,0,0
5484,慧友,787,647,653,582,25.58%,0,0.00%,,0,0,0
5515,建國,"1,055",897,926,780,16.67%,10,2.27%,,0,0,0
5519,隆大,"1,588","1,336","1,138","1,088",1.01%,0,0.00%,,0,0,0
5521,工信,686,588,557,417,12.73%,0,0.00%,,0,0,0
5522,遠雄,"2,300","1,951","1,457","1,347",34.09%,0,0.00%,,0,0,0
5525,順天,"1,820","1,613","1,461","1,261",27.27%,0,0.00%,,0,0,0
5531,鄉林,923,762,718,614,39.24%,1,0.70%,,0,0,0
5533,皇鼎,"1,487",971,851,829,50.00%,0,0.00%,N/A,0,0,0
5534,長虹,"1,827","1,610","1,127","1,127",23.08%,0,0.00%,N/A,0,0,0
5538,東明-KY,N/A,N/A,N/A,N/A,37.14%,0,0.00%,,0,0,0
5546,永固-KY,N/A,N/A,N/A,N/A,30.00%,0,0.00%,,0,0,0
5607,遠雄港,"3,690","3,279",895,831,30.97%,5,0.76%,,0,0,0
5608,四維航,"1,704","1,481","1,008",924,75.00%,0,0.00%,,0,0,0
5706,鳳凰,808,685,867,615,65.00%,0,0.00%,,0,0,0
5871,中租-KY,N/A,N/A,N/A,N/A,31.00%,2,0.02%,交通事故2件,0,0,0
5876,上海商銀,"1,781","1,443","1,390","1,260",48.66%,0,0.00%,N/A,0,0,0
5880,合庫金,"1,794","1,445","1,376","1,290",72.22%,40,0.41%,均為上下班交通事故及辦公場所職業災害,0,0,0
5906,台南-KY,N/A,N/A,N/A,N/A,50.00%,0,0.00%,,0,0,0
5907,大洋-KY,,,,,7.60%,0,0.00%,,0,0,0
6005,群益證,"1,351","1,196",996,773,53.59%,0,0.00%,,0,0,0
6024,群益期,"1,727","1,563","1,333","1,022",35.48%,0,0.00%,,0,0,0
6108,競國,622,528,498,463,20.00%,2,0.43%,,0,0,0
6112,邁達特,"1,259","1,085","1,067",867,44.00%,0,0.00%,,0,0,0
6115,鎰勝,999,861,699,551,25.00%,0,0.00%,N/A,0,0,0
6116,彩晶,865,735,832,724,22.40%,36,1.03%,主要類別為上下班與非上下班其他交通事故,0,0,0
6117,迎廣,775,667,669,542,25.37%,10,1.38%,被捲被夾/跌倒/割傷,0,0,0
6120,達運,"1,419","1,220","1,082",979,24.31%,5,0.08%,2件夾/割傷、1件滑/跌倒、1件墜落、1件撞傷，全數皆已回歸崗位，並由維力中心後續關懷追蹤,0,0,0
6128,上福,750,635,563,463,19.05%,0,0.00%, 無職業災害發生,0,0,0
6133,金橋,"1,089",906,670,556,9.10%,0,0.00%,,0,0,0
6136,富爾特,"1,063",932,776,724,37.00%,0,0.00%,,0,0,0
6139,亞翔,"1,831","1,619","1,042",762,4.59%,4,0.07%,02跌倒、07被夾,0,0,0
6141,柏承,648,532,558,478,0.00%,2,2.88%,,0,0,0
6142,友勁,738,603,582,422,17.65%,6,1.50%,撞傷 切割傷 跌倒,0,0,0
6152,百一,"1,212","1,050","1,014",865,0.03%,0,0.00%,N/A,0,0,0
6153,嘉聯益,740,613,652,558,13.21%,14,0.73%,衝撞、割傷、跌倒、與有害物接觸、夾傷，五大類,0,0,0.00%
6155,鈞寶,586,479,494,450,30.00%,3,1.46%,,0,0,0
6164,華興,"1,058",894,682,691,16.70%,0,0.00%,,0,0,0
6165,浪凡,"1,352","1,183",756,553,33.30%,0,0.00%,1.進行消防安全檢查及演練，以強化員工職安觀念，並預防職業災害的 發生。 2.定期檢視現行安全衛生相關法規，並據以修訂公司內部規範後，公告傳達各單位知悉以利遵循。 ,0,0,0
6166,凌華,"1,396","1,200","1,089",963,26.85%,2,0.91%,夾傷、跌倒,0,0,0
6168,宏齊,816,678,710,607,28.00%,0,0.00%,N/A,0,0,0
6176,瑞儀,"1,664","1,466","1,214",960,19.02%,15,0.12%,瑞儀光電訂有「職業災害事故調查與處理程序」，藉由完整的調查程序以使事故調查更有效率，並確認事實和情況、鑑定原因和決定改善行動，藉以降低事故再發生之機率。2023 年全集團職業傷害統計共15件，共15人。依類型區分，被切/ 割/ 擦傷4件、被夾被捲4件、跌倒共4件、被撞1件，與高低溫接觸 1件、衝撞1件，無死亡職業災害案件。另外，2020至2023年無發生承攬商職業災害案件。,0,0,0
6177,達麗,"1,531","1,275",776,706,25.00%,0,0.00%,,0,0,0
6183,關貿,"1,376","1,187","1,219","1,114",45.45%,0,0.00%,,0,0,0.00%
6184,大豐電,997,859,661,574,40.00%,0,0.00%,,0,0,0
6189,豐藝,"1,454","1,209","1,108",909,48.44%,0,0.00%,N/A,0,0,0
6191,精成科,"3,563","3,212","2,094","1,714",0.18%,0,0.00%,N/A,0,0,0
6192,巨路,"1,451","1,261","1,148","1,043",18.35%,3,0.60%,,0,0,0
6196,帆宣,"2,051","1,819","1,633","1,275",14.59%,1,0.13%,感電,0,0,0
6197,佳必琪,"1,285","1,126",932,763,43.75%,1,0.49%,,0,0,0
6201,亞弘電,801,679,654,608,3.61%,0,0.00%,,0,0,0
6202,盛群,"1,218",980,"1,185","1,100",17.00%,0,0.00%,無,0,0,0
6205,詮欣,"1,006",862,739,539,43.00%,0,0.00%,,0,0,0
6206,飛捷,"1,076",933,841,671,29.00%,0,0.00%,,0,0,0
6209,今國光,595,480,504,459,31.00%,2,0.31%,,0,0,0
6213,聯茂,830,687,661,572,23.30%,6,0.20%,工傷,0,0,0
6214,精誠,"1,213",987,"1,006",822,26.00%,1,0.02%,,0,0,0
6215,和椿,992,833,837,743,11.36%,5,3.33%,,0,0,0
6216,居易,"1,331","1,155","1,078",952,14.29%,0,0.00%,,1,0,0.00%
6224,聚鼎,"1,130",959,831,696,20.24%,0,0.00%,,0,0,0
6225,天瀚,990,845,763,763,60.00%,0,0.00%,,0,0,0
6226,光鼎,"1,123",938,765,616,50.00%,0,0.00%,,0,0,0
6230,尼得科超眾,959,804,867,713,12.00%,0,0.00%,,0,0,0
6235,華孚,"2,924","2,723",997,735,27.27%,0,0.00%,,0,0,0
6239,力成,860,722,804,635,23.00%,16,0.14%,墜落、滾落：1件 跌倒：7件 衝撞：1件 被撞：2件 被夾/被捲：3件 被切/割/擦傷：2件,0,0,0
6243,迅杰,"2,138","1,921","1,489","1,337",8.70%,0,0.00%,,0,0,0
6257,矽格,925,786,770,634,24.12%,29,1.29%,墜落、滾落：2件；跌倒：1件；被撞：1件；被夾、被捲：2件；不當動作：2件；通勤職災：21件,0,0,0
6269,台郡,882,686,647,570,23.10%,5,0.19%,跌倒3件、壓傷2件,0,0,0
6271,同欣電,"1,089",937,948,674,5.89%,5,0.21%,割傷，夾傷，跌倒,0,0,0
6277,宏正,"1,397","1,195","1,115",948,15.79%,14,2.00%,,0,0,0
6278,台表科,889,756,655,514,34.02%,0,0.00%,N/A,0,0,0
6281,全國電,897,742,765,708,27.00%,7,0.42%,,0,0,0
6282,康舒,"1,351","1,166","1,065",864,29.79%,26,5.76%,皆屬職業傷害,0,0,0
6283,淳安,"1,462","1,251",941,983,44.44%,0,0.00%,,0,0,0
6285,啟碁,"1,311","1,120","1,170",702,19.30%,14,0.19%,物理性危害,0,0,0
6405,悅城,669,560,537,469,12.50%,7,3.50%,N/A,0,0,0
6409,旭隼,"3,216","2,998","1,294",880,32.83%,14,1.87%,交通意外,0,0,0
6412,群電,"2,099","1,852","1,830","1,626",31.36%,20,0.00%,壓傷、砸傷、被刺、割傷、切傷、夾傷、跌倒、交通事故、公司活動受傷,0,0,0
6414,樺漢,"2,118","1,885","1,347","1,136",6.34%,0,0.00%,,0,0,0
6415,矽力*-KY,N/A,N/A,N/A,N/A,15.88%,0,0.00%,不適用,0,0,0
6416,瑞祺電通,934,782,723,630,5.38%,0,0.00%,,0,0,0
6426,統新,772,655,620,548,0.00%,6,2.60%,,0,0,0
6431,光麗-KY,N/A,N/A,N/A,N/A,15.38%,0,0.00%,,0,0,0
6438,迅得,"1,107",968,867,926,7.84%,0,0.00%,因公司生產流程屬低度風險、公司未有相關流程(未導入ISO45001)，公司僅提供「安全衛生守則」予員工進行自我風險辨識與評估,0,0,0
6442,光聖,876,761,673,529,34.00%,0,0.00%,,0,0,0
6443,元晶,774,606,561,476,7.00%,41,2.52%,上下班交通、撞傷、夾傷、扭傷等,0,0,0
6446,藥華藥,"3,584","3,400","1,180",918,41.07%,4,0.78%,本公司依勞動部職業安全衛生法規，將職業災害分類為:1.因工作環境因素致勞工立即性傷害造成的職業工傷、2.與作內容有關因子促發疾病的勞工疾病或失能等職業疾病、3.員工通勤時發生意外事故致勞工傷害或失能等通勤職災.,0,0,0
6449,鈺邦,"1,619","1,427","1,096",788,38.00%,0,0.00%,N/A,0,0,0
6451,訊芯-KY,N/A,N/A,N/A,N/A,31.00%,0,0.00%,,0,0,0
6456,GIS-KY,N/A,N/A,N/A,N/A,50.59%,13,0.08%,壓傷1 件、扭傷6 件、割傷2 件、機械傷害3 件、摔傷1 件，共13件。,0,0,0
6464,台數科,"1,621","1,409",588,527,63.64%,0,0.00%,,0,0,0
6472,保瑞,"1,641","1,489",768,538,36.84%,1,0.65%,,0,0,0
6477,安集,627,502,526,480,75.00%,8,3.51%,職業災害有3種類型： 1.職業傷害：因工作環境因素致勞工立即性傷害，2位 2.職業疾病：與工作內容有關因子促發疾病發生致勞工傷害，1位 3.通勤職災：通勤時發生意外事故致勞工傷害，5位。,0,0,0
6491,晶碩,"1,054",918,889,774,31.60%,27,1.60%,,0,0,0
6504,南六,900,734,601,523,40.00%,0,0.00%,N/A,0,0,0
6505,台塑化,"1,561","1,364","1,435","1,323",9.96%,2,0.04%,跌倒、廠內交通事故,0,0,0
6515,穎崴,"1,130",967,"1,081",798,22.90%,15,1.70%,,0,0,0
6525,捷敏-KY,N/A,N/A,N/A,N/A,50.52%,6,0.23%,,0,0,0
6526,達發,"3,125","2,813","2,804","2,347",14.00%,0,0.00%,,0,0,0
6531,愛普*,"2,823","2,507","2,008","1,573",32.61%,0,0.00%,未有事件發生,0,0,0
6533,晶心科,934,699,"2,269","1,916",10.26%,0,0.00%,,0,0,0
6534,正瀚-創,"1,693","1,490","1,341",720,36.36%,0,0.00%,N/A,0,0,0
6541,泰福-KY,N/A,N/A,N/A,N/A,0.00%,0,0.00%,,0,0,0
6550,北極星藥業-KY,N/A,N/A,N/A,N/A,25.00%,0,0.00%,,0,0,0
6552,易華電,532,452,490,460,23.88%,0,0.00%,,0,0,0
6558,興能高,"1,383","1,162",916,772,43.48%,0,0.00%,N/A,0,0,0
6573,虹揚-KY,N/A,N/A,N/A,N/A,27.50%,3,0.91%,職業傷害2人；通勤職災1人,0,0,0
6579,研揚,"1,291","1,152","1,053",891,19.82%,1,0.19%,職業傷害：因工作環境因素致勞工立即性傷害、疾病、失能、死亡。 職業疾病：與工作內容有關因子促發疾病發生致勞工傷害、疾病、失能、死亡。 通勤職災：通勤時發生意外事故致勞工傷害、疾病、失能、死亡。,0,0,0
6581,鋼聯,"1,246","1,068",928,893,16.00%,0,0.00%,無。,0,0,0
6582,申豐,748,601,676,614,22.22%,0,0.00%,,0,0,0
6585,鼎基,933,796,759,703,13.04%,1,0.01%,物體飛落,0,0,0
6589,台康生技,"1,537","1,348","1,009",898,38.60%,0,0.00%,,0,0,0
6591,動力-KY,N/A,N/A,N/A,N/A,1.90%,0,0.00%,N/A,0,0,0
6592,和潤企業,"1,567","1,330","1,348","1,068",25.81%,0,0.00%,2023年有3起上班途中交通事故所造成的職業傷害，三名同仁於上班途中受傷，造成傷害原因為遭其他汽機車衝撞，在事故發生後，和潤企業提醒各單位應加強宣導行車安全，要求同仁上下班途中多留意路口號誌及其他汽機車經過，避免再有危害同仁健康之事故發生。,0,0,0
6598,ABC-KY,N/A,N/A,N/A,N/A,30.77%,0,0.00%,,0,0,0
6605,帝寶,752,633,664,601,25.70%,7,0.26%,,0,0,0
6606,建德工業,940,801,629,618,16.67%,0,0.00%,N/A,0,0,0
6625,必應,"1,364","1,229","1,149",949,40.00%,1,0.34%,,0,0,0
6641,基士德-KY,N/A,N/A,N/A,N/A,36.54%,2,0.33%,,0,0,0
6645,金萬林-創,"1,004",845,765,643,50.00%,0,0.00%,,0,0,0
6655,科定,916,814,705,645,42.00%,10,2.00%,,0,0,0
6657,華安,"2,126","1,851",792,835,33.33%,0,0.00%,,0,0,0
6658,聯策,"1,067",888,675,606,25.00%,0,0.00%,,0,0,0
6666,羅麗芬-KY,N/A,N/A,N/A,N/A,46.67%,0,0.00%,N/A,0,0,0
6668,中揚光,792,662,668,531,16.67%,2,0.77%,,0,0,0
6669,緯穎,"1,124",976,"1,291",910,35.06%,33,0.45%,傷害類型多數為與高溫設備接觸、夾傷、跌倒、挫傷及扭傷等,0,0,0
6670,復盛應用,927,763,890,714,12.50%,6,0.63%,,0,0,0
6671,三能-KY,N/A,N/A,N/A,N/A,33.72%,2,0.27%,,0,0,0
6672,騰輝電子-KY,,,,,15.78%,3,0.38%,,0,0,0
6674,鋐寶科技,"1,257","1,088",833,702,12.90%,0,0.00%,,0,0,0
6689,伊雲谷,"1,171","1,003","1,005",805,31.62%,3,0.42%,,0,0,0
6691,洋基工程,"3,037","2,863","1,468","1,180",14.14%,3,0.58%,墜落、壓傷、飛濺,0,0,0.00%
6695,芯鼎,"1,881","1,650","1,616","1,517",12.12%,0,0.00%,,0,0,0.00%
6698,旭暉應材,671,547,575,492,28.57%,0,0.00%,,0,0,0
6706,惠特,635,502,764,626,16.92%,8,1.52%,,0,0,0
6715,嘉基,"1,623","1,410","1,042",952,20.69%,0,0.00%,,0,0,0
6719,力智,"1,654","1,417","1,265","1,135",19.48%,0,0.00%,,0,0,0
6742,澤米,742,648,666,581,25.00%,1,0.40%, 1.噪音傷害  2.高處墜落傷害 公司以這2樣勞動為職業傷害大宗故而特別加強此2類職災防護 ,0,0,0
6743,安普新,"1,225","1,065",976,867,10.40%,0,0.00%,,0,0,0
6753,龍德造船,916,786,739,639,11.11%,59,7.65%,,0,0,0
6754,匯僑設計,"1,244","1,067","1,036",887,25.00%,0,0.00%,,0,0,0
6756,威鋒電子,"2,392","2,133","2,054","1,661",17.50%,0,0.00%,N/A,0,0,0
6757,台灣虎航-創,"1,720","1,569","1,683","1,096",42.00%,4,0.49%,踩踏、被撞、燙傷、倒塌,0,0,0
6768,志強-KY,N/A,N/A,N/A,N/A,40.00%,0,0.00%,,0,0,0
6770,力積電,"1,332","1,113","1,097","1,045",28.21%,6,0.07%,(1)割傷*1件 (2)墜落跌倒絆倒*3件 (3)非上下班公路交通事故*1件 (4)物品擊中*1件,0,0,0
6771,平和環保-創,792,672,,,0.00%,0,0.00%,,0,0,0
6776,展碁國際,"1,381","1,145","1,075",913,45.00%,0,0.00%,不適用,0,0,0
6781,AES-KY,N/A,N/A,N/A,N/A,4.50%,1,0.27%,,0,0,0
6782,視陽,"1,564","1,352","1,166",973,29.17%,1,0.83%,,0,0,0
6789,采鈺,"1,255","1,064","1,230","1,019",20.00%,1,0.01%,人員遭推車擦撞傷事故,0,0,0
6790,永豐實,"1,066",861,866,752,31.76%,6,0.81%,,0,0,0
6792,詠業,900,760,723,599,14.29%,3,0.59%,本公司依職業安全衛生法令規定，設置職業安全委員會，規劃、推動、監督職業安全衛生業務，依循ISO 45001之要求，由各部門代表與職業安全衛生管理委員會，每年進行1次危害鑑別與風險評鑑作業，針對鑑別與評鑑結果進行管理。並對所有員工提供安全教育訓練及舉辦定期健康檢查。本公司於112年4月通過ISO 45001職業安全衛生管理系統驗證。,0,0,0
6794,向榮生技-創,"1,031",866,,,72.00%,0,0.00%,,0,0,0
6796,晉弘,"1,140",970,960,853,28.90%,0,0.00%,,0,0,0
6799,來頡,"1,600","1,360","1,024",956,28.57%,0,0.00%,,0,0,0
6805,富世達,"2,063","1,833",861,782,20.00%,0,0.00%,,0,0,0
6806,森崴能源,"1,249","1,109","1,076",907,26.09%,0,0.00%,無,0,0,0
6807,峰源-KY,N/A,N/A,N/A,N/A,28.89%,256,12.69%,,0,0,0
6830,汎銓,"1,406","1,170","1,220",989,2.72%,0,0.00%,,0,0,0
6834,天二科技,614,505,483,442,4.82%,3,0.72%,,0,0,0
6835,圓裕,"1,145",977,804,743,41.94%,2,0.40%,,0,0,0
6854,錼創科技-KY創,N/A,N/A,N/A,N/A,20.34%,0,0.00%,,0,0,0
6861,睿生光電,"1,249","1,009","1,003",854,13.04%,0,0.00%,零職災,0,0,0
6863,永道-KY,N/A,N/A,N/A,N/A,1.32%,5,0.34%,,0,0,0
6869,雲豹能源-創,"1,829","1,587","1,064",855,30.76%,0,0.00%,,0,0,0
6873,泓德能源-創,"1,472","1,275","1,160",946,41.10%,1,0.50%,,0,0,0
6890,來億-KY,N/A,N/A,N/A,N/A,0.36%,117,0.22%,,0,0,0
6901,鑽石投資,"4,807","3,192","1,916","1,350",58.00%,0,0.00%,,0,0,0
6902,走著瞧-創,"1,923","1,674","1,363","1,179",25.00%,1,0.56%,,0,0,0
6906,現觀科,"1,409","1,218",,,30.00%,0,0.00%,,0,0,0
6914,阜爾運通,829,697,,,18.00%,3,1.27%,墜落、滾落*1件; 被切、割、擦傷*2件,0,0,0
6916,華凌,914,752,630,613,30.00%,0,0.00%,,0,0,0
6928,攸泰科技,"1,155","1,002",,,13.04%,1,0.00%,,0,0,0
6931,青松健康,N/A,N/A,N/A,N/A,53.33%,6,1.28%,,0,0,0
6933,AMAX-KY,N/A,N/A,N/A,N/A,40.00%,0,0.00%,,0,0,0
6937,天虹,"1,020",840,940,766,21.57%,6,2.10%,上下班交通事故5人，人員手指割傷 1 人共計 6 人。,0,0,0
6949,沛爾生醫-創,"2,593",896,,,53.33%,0,0.00%,,0,0,0
6951,青新-創,N/A,N/A,N/A,N/A,28.00%,5,2.50%,,0,0,0
6952,大武山,N/A,N/A,N/A,N/A,33.30%,0,0.00%,N/A,0,0,0
6957,裕慶-KY,N/A,N/A,N/A,N/A,38.60%,2,0.42%,均屬一般傷害(管件掉落致一趾骨骨折、手套遭夾捲致一指骨骨折)。,0,0,0
6969,成信實業*-創,N/A,N/A,N/A,N/A,10.71%,2,11.59%,切傷、燒燙傷,0,0,0
8011,台通,820,699,620,571,33.33%,10,3.70%,,0,0,0
8016,矽創,"2,771","2,450","2,493","2,327",28.75%,0,0.00%,N/A,0,0,0
8021,尖點,821,711,691,606,25.40%,4,1.19%,,0,0,0
8028,昇陽半導體,986,818,795,705,4.00%,15,1.76%,112年主要職災為上下班交通意外事件,0,0,0
8033,雷虎,950,824,578,545,20.00%,0,0.00%,,0,0,0
8039,台虹,"1,052",840,776,705,12.90%,1,0.63%,燙傷,0,0,0
8046,南電,"1,000",850,910,872,3.20%,0,0.00%,不適用,0,0,0
8070,長華*,"1,781","1,547","1,545","1,260",30.48%,6,0.27%,跌倒：32%，2件 不當動作：17%，1件 墜落、滾落：17%，1件 被切、割、擦傷：17%，1件 與有害物之接觸：17%，1件 ,0,0,0
8072,陞泰,"1,061",941,645,480,60.00%,0,0.00%,,0,0,0
8081,致新,"2,625","2,370","2,250","2,044",23.00%,0,0.00%,,0,0,0
8101,華冠,"1,332","1,121",806,787,12.00%,0,0.00%,N/A,0,0,0
8103,瀚荃,"1,211","1,021",842,762,30.00%,0,0.00%,,0,0,0
8104,錸寶,"1,001",862,706,606,15.63%,2,1.10%,上下班交通事故 ,0,0,0
8105,凌巨,974,828,827,740,23.30%,2,0.13%,夾捲傷害、切割傷害,0,0,0.00%
8110,華東,691,582,550,471,25.00%,2,0.13%,絆倒、夾燙傷,0,0,0
8112,至上,"2,367","2,058","1,361","1,186",17.14%,0,0.00%,N/A,0,0,0
8114,振樺電,842,703,736,591,44.12%,0,0.00%,,0,0,0
8131,福懋科,743,643,591,561,8.16%,2,0.43%,職業傷害,0,0,0
8150,南茂,"1,100",897,940,837,21.00%,5,0.09%,跌倒、撞傷、拉傷,0,0,0
8162,微矽電子,638,521,511,449,28.57%,0,0.00%,,0,0,0
8163,達方,"1,507","1,342","1,246","1,035",16.50%,8,0.12%,2023年造成職業災害的原因為夾傷、滑倒居多，以及員工操作疏失所致，達方已持續加強宣導以提升工作人員之危害意識。,0,0,0
8201,無敵,"1,122",914,819,768,12.79%,0,0.00%,,0,0,0
8210,勤誠,"1,428","1,258","1,098",875,23.78%,7,1.43%,,0,0,0
8213,志超,"1,693","1,465","1,518","1,500",23.00%,3,1.03%,跌倒：1人、被撞：1人、被切、割、擦傷：1人,0,0,0
8215,明基材,"1,144",963,959,759,34.48%,4,0.21%,夾捲、切割傷,0,0,0
8222,寶一,726,609,602,579,15.38%,0,0.00%,,0,0,0
8249,菱光,"2,440","2,083","1,647","1,368",26.00%,0,0.00%,,0,0,0
8261,富鼎,"2,266","1,654","1,414","1,130",15.00%,0,0.00%,N/A,0,0,0
8271,宇瞻,"1,463","1,268","1,130","1,023",41.75%,0,0.00%,,0,0,0
8341,日友,"1,249","1,077",806,673,14.10%,8,2.21%,上下班公路交通事故：6件；跌倒：1件；不當動作：1件。,0,0,0
8367,建新國際,907,755,729,695,36.36%,9,1.96%,,0,0,0
8374,羅昇,"1,091",914,862,801,25.00%,0,0.00%,,0,0,0
8404,百和興業-KY,N/A,N/A,N/A,N/A,44.10%,13,0.34%,,0,0,0
8411,福貞-KY,N/A,N/A,N/A,N/A,34.35%,14,1.41%,交通事故、衝撞、夾傷、割傷、物體飛落砸傷、跌倒,0,0,0
8422,可寧衛,"1,393","1,215",859,662,0.00%,5,1.43%,,0,0,0
8429,金麗-KY,N/A,N/A,N/A,N/A,0.00%,0,0.00%,N/A,0,0,0
8438,昶昕,876,750,646,565,28.57%,2,0.88%,,0,0,0
8442,威宏-KY,N/A,N/A,N/A,N/A,1.00%,23,0.30%,,0,0,0
8443,阿瘦,620,511,603,558,60.00%,3,0.62%,N/A,0,0,0
8454,富邦媒,995,816,852,737,51.90%,52,1.73%,上下班公路交通事故 跌倒 衝撞、物體飛落 被切、割、擦傷 被夾、被捲 被撞,0,0,0
8462,柏文,"1,318","1,186",708,588,49.00%,21,1.32%,,0,0,0
8463,潤泰材,963,796,734,630,8.16%,1,0.35%,被撞,0,0,0
8464,億豐,"2,152","1,920","1,455","1,173",27.03%,1,0.39%,億豐的工傷主源包含運補作業時的撞、壓傷及換模 / 線時的挫、割傷。,0,0,0.00%
8466,美吉吉-KY,N/A,N/A,N/A,N/A,25.49%,12,1.49%,,0,0,0
8467,波力-KY,N/A,N/A,N/A,N/A,31.25%,20,12.49%,,0,0,0
8473,山林水,637,516,579,505,23.07%,0,0.00%,N/A,0,0,0
8476,台境,981,790,790,680,6.00%,2,1.30%,,0,0,0
8478,東哥遊艇,"1,245","1,123",929,850,18.94%,0,0.00%,N/A,0,0,0
8481,政伸,990,848,805,759,38.00%,1,0.18%,,0,0,0
8482,商億-KY,N/A,N/A,N/A,N/A,5.00%,82,3.22%,,0,0,0
8487,愛爾達,"1,840","1,648","1,120","1,000",56.52%,0,0.00%,N/A,0,0,0
8488,吉源-KY,N/A,N/A,N/A,N/A,22.22%,0,0.00%,,1,0,0.00%
8499,鼎炫-KY,N/A,N/A,N/A,N/A,27.00%,8,1.19%,,0,0,0
8926,台汽電,"2,538","2,284","1,315","1,128",18.18%,0,0.00%,,0,0,0.00%
8940,新天地,645,546,602,514,44.10%,6,1.57%,,0,0,0
8996,高力,"1,187","1,011",942,877,6.28%,0,0.00%,職業傷害：因工作環境因素致勞工立即性傷害、疾病、失能、死亡。 職業疾病：與工作內容有關因子促發疾病發生致勞工傷害、疾病、失能、死亡。 通勤職災：通勤時發生意外事故致勞工傷害、疾病、失能、死亡。,0,0,0
9802,鈺齊-KY,N/A,N/A,N/A,N/A,61.81%,11,0.06%,,0,0,0
9902,台火,956,734,600,595,37.50%,0,0.00%,,0,0,0
9904,寶成,968,829,877,679,58.30%,3,0.00%,,0,0,0
9905,大華,722,592,615,564,18.37%,5,2.28%,物理性災害,0,0,0
9906,欣巴巴,"1,135",970,804,663,33.00%,1,1.05%,,0,0,0
9907,統一實,875,722,743,728,9.77%,7,0.63%,,0,0,0
9908,大台北,"1,298","1,115","1,131","1,012",31.82%,0,0.00%,,0,0,0
9910,豐泰,"1,350","1,167","1,240",960,41.60%,84,0.06%,分析 2023 年事故類別，因機台不當操作造成的意外占職業傷害總件數的 44%為最多，其他（譬如昆蟲咬傷，遭樹幹砸傷，看板割傷等）類型占職業傷害總件數的 21% 為次多。,0,0,0
9911,櫻花,930,810,775,659,26.92%,3,0.34%,職業傷害,0,0,0
9912,偉聯,"1,362","1,144",859,771,42.86%,0,0.00%,N/A,0,0,0
9914,美利達,754,643,692,574,6.52%,0,0.00%,1.分廠內職災跟廠外職災。 2.在ESG報告中，填寫數據平台備註說明：可記錄的職業傷害不包含上下班通勤所造成的職業傷害。,0,0,0
9917,中保科,979,822,789,718,13.00%,32,1.26%,,0,0,0
9918,欣天然,"1,332","1,139","1,058",892,23.33%,0,0.00%,,0,0,0
9919,康那香,757,635,562,496,46.06%,7,0.60%,被捲被夾、切割傷,1,0,0.00%
9921,巨大,789,650,686,554,25.63%,44,0.41%,2023 年巨大集團員工職業災害統計各廠依據向政府呈報的職安數據作為來源統計數值 ，可記錄之職業傷害率(FR)、失能傷害嚴重率 (SR)、總合傷害指數 (FSI)。針對發生的工傷事件，我們進行了嚴格的分析和追蹤，並遵循政府法規和公司處理程序進行後續處置。為此，我們已採取了相應的預防和改進措施，以降低員工受傷風險。我們將持續努力改進我們的職業安全管理。,0,0,0
9924,福興,741,628,607,514,31.58%,6,0.50%,N/A,0,0,0
9925,新保,846,703,698,656,8.40%,15,0.84%,以公出交通事故8人最多，墜落、滾落有3人次之、另跌倒2人、衝撞1人。,0,0,0
9926,新海,"1,322","1,110","1,279","1,266",23.00%,0,0.00%,,0,0,0
9927,泰銘,"1,043",884,764,736,8.33%,0,0.00%,,0,0,0
9928,中視,782,648,684,615,40.00%,0,0.00%,N/A,0,0,0
9929,秋雨,693,567,520,484,7.00%,0,0.00%,,0,0,0
9930,中聯資源,"1,823","1,574","1,449","1,355",8.11%,1,0.36%,跌倒,0,0,0
9931,欣高,"1,086",918,850,795,20.00%,0,0.00%,,0,0,0
9933,中鼎,"1,461","1,269","1,032",866,14.97%,0,0.00%,,0,0,0
9934,成霖,"1,646","1,470",796,787,28.60%,3,0.15%,,0,0,0
9935,慶豐富,667,571,530,450,28.57%,1,0.94%,,0,0,0
9937,全國,487,408,680,630,49.89%,14,0.68%,,0,0,0
9938,百和,753,644,615,496,43.18%,3,0.30%,暫時性失能傷害,0,0,0
9939,宏全,851,754,708,653,22.70%,10,2.39%,2023年，共發生捲、夾傷害2件、與高溫接觸1件、跌倒傷害2件、割傷1件、與有害物接觸1件、被撞2件、墜落傷害1件。主要原因為人員於維修及保養時，未依照SOP進行作業，安全意識不足及未落實監督管理，除進行人員安全衛生教育訓練，並針對事發地點工程改善、增加警示標語。,0,0,0
9940,信義,"1,322","1,154","1,236",880,21.76%,137,2.80%,為增進工作者安全與健康，信義以職業安全衛生法規為架構建置並執行法令要求，並取得ISO 45001 職業安全衛生管理系統標準以達成職業安全衛生持續性改善。並依據職業安全衛生法、ISO 45001 管理系統中風險鑑別及相關勞動法令，透過各式問卷、自主檢查及多向溝通管道評估，鑑別本公司主要職業傷害類型：因外勤同仁佔全體員工90%，交通事故發生率較高。為求交通事故減少，持續宣導交通安全，聘請外部顧問錄製全工作者必修線上課程，相關訓練時數依職業安全衛生教育訓練規則訂定。 除加強教育訓練宣導外，亦透過相關施策防範可能的職業災害發生： 1. 持續提供業務區交通安全宣導資料，以利業務單位進行宣導，強化同仁安全駕駛及防衛駕駛觀念，進而降低交通事故之發生。 2. 大型集會加強外勤同仁交通安全觀念輔導 3. 針對嚴重事故，由幸福健管中心-職安人員通知區主管主動進行關懷。 4. 提供機車任意第三人責任保險 5. 彈性福利列入購置交通安全相關設備補助 6. 提案全體業務同仁配戴全罩式安全帽。 7. 推動分店聚焦經營分店所在之社區，改以行走或腳踏車做為交通工具，減少長途帶看而導致之交通事故。,0,0,0
9941,裕融,"1,478","1,282","1,231","1,033",24.53%,2,0.25%,,0,0,0
9942,茂順,813,673,597,488,20.00%,8,0.73%,職業傷害,1,1,0.09%
9943,好樂迪,527,443,575,525,55.00%,48,21.84%,,0,0,0
9944,新麗,689,583,565,471,31.25%,0,0.00%,,0,0,0
9945,潤泰新,"1,198","1,054",679,434,37.50%,1,1.04%,,0,0,0
9946,三發地產,"1,272","1,097",898,805,40.86%,0,0.00%,,0,0,0.00%
9955,佳龍,885,675,572,476,40.00%,0,0.00%,,0,0,0
9958,世紀鋼,860,724,696,625,27.35%,2,7.40%,,0,0,0
