"報告年度:2024","議題:水資源管理"
"公司代號","公司名稱","用水量(公噸(t))-用水量(公噸(t))","資料邊界-資料邊界","用水密集度-用水密集度","用水密集度-單位","驗證標準-取得驗證"
"=""1101""","台泥","15,870,000.0000","台灣與中國大陸水泥事業，包含台泥水泥廠、製品廠及轄下發貨站、粉磨站、辦公室，以及子公司萬青水泥、鳳勝實業、Hong Kong Cement、礦業公司、環保科技公司100%營運據點","250.7999","公噸/百萬元營業額","ISO 46001"
"=""1102""","亞泥","2,590,000.0000","母公司","0.8520","噸-水/噸-水泥膠結材料","ISO 46001"
"=""1103""","嘉泥","164,232.0000","已完成合併財務報表之母子公司","55.0034","公噸/百萬元營業額","N/A"
"=""1104""","環泥","297,000.0000","母公司","48.3792","公噸/百萬元營業額","N/A"
"=""1108""","幸福","N/A","N/A","N/A","N/A","N/A"
"=""1109""","信大","359,119.0000","母公司","0.6124","公噸/產品","N/A"
"=""1110""","東泥","2,458.0000","母公司。","0.0013","公噸/千元營業額","N/A"
"=""1201""","味全","2,045,621.6812","母公司6大單位:總部 中研所 營業所 台中廠 斗六廠 高雄廠","0.2460","百萬公升/佰萬元","N/A"
"=""1203""","味王","341,681.0000","母公司","0.1540","百萬公升／百萬元","N/A"
"=""1210""","大成","620.6245","大成長城母公司與台灣子公司","0.3687","公噸/產品","N/A"
"=""1213""","大飲","90,210.4000","依據生產排程 計算每日用水量。","597.2372","公噸/百萬元營業額","N/A"
"=""1215""","卜蜂","1,084,587.0000","南投肉食品加工廠、台中飼料廠、高雄飼料廠、雲林飼料廠","N/A","N/A","N/A"
"=""1216""","統一","4,592,406.0000","永康總廠、新市總廠(含冰品廠、冷調食品廠)、台中總廠、楊梅總廠(含瑞芳礦泉水廠)及中壢總廠 (含麻豆麵包廠)、TMR、物流倉庫、台北分公司、高雄辦公室、內湖辦公室、五股辦公室、湖口園區(含冰塊廠)等廠區","90.0896","公噸/百萬元營業額","ISO 46001"
"=""1217""","愛之味","389.6480","愛之味股份有限公司","0.0900","公噸/百萬元營業額","N/A"
"=""1218""","泰山","N/A","N/A","0.0327","公噸/百萬元營業額","N/A"
"=""1219""","福壽","445,185.0000","母公司與子公司福壽新、萬集盛與洽富","31.0600","公噸/百萬元營業額","N/A"
"=""1220""","台榮","746,930.0000","本公司雲林廠+高雄廠","2.7770","公噸/百萬元營業額","N/A"
"=""1225""","福懋油","N/A","N/A","N/A","N/A","N/A"
"=""1227""","佳格","652,320.0000","佳格食品集團 母公司：佳格食品股份有限公司台北總公司及6處營業所、大園廠(含宿舍)及中壢廠 子公司：佳乳食品股份有限公司湖口廠","40.3890","公噸/百萬元營業額","N/A"
"=""1229""","聯華","52,449.9000","母公司-聯華實業投資控股(股)公司 以及   子公司-聯華製粉食品(股)公司、聯華置產(股)公司","6.5513","公噸/百萬元營業額","N/A"
"=""1231""","聯華食","600.6600","本公司在臺灣的各工廠為主","0.0492","公噸/百萬元營業額","N/A"
"=""1232""","大統益","266,636.0000","僅母公司","16.0915","公噸/百萬元營業額","N/A"
"=""1233""","天仁","94,481.0000","包括國內非商場門市據點、總公司、工廠、業務中心、茶文化館、子公司等，共61處。","80.6937","公噸/百萬元營業額","N/A"
"=""1234""","黑松","764,000.0000","母公司(含台北總公司、中壢廠、斗六廠)","3.8668","公噸/產品","N/A"
"=""1235""","興泰","3,065.0000","依113年台灣自來水公司使用度數資訊 ","27.1966","公噸/百萬元營業額","N/A"
"=""1236""","宏亞","90,668.0000","桃園工廠","45.8300","公噸/百萬元營業額","N/A"
"=""1256""","鮮活果汁-KY","393,519.0000","鮮活控股股份有限公司旗下主要營運所在地之蘇州鮮活飲品股份有限公司、鮮活果汁工業（天津）有限公司及廣東鮮活果汁生物科技有限公司。","98.2997","公噸/百萬元營業額","N/A"
"=""1301""","台塑","21,901,600.0000","母公司","0.1500","百萬公升/個體財報營收百萬元","ISO 14046:2014"
"=""1303""","南亞","15,959,684.0504","南亞母公司+台灣子公司","107.8975","公噸/百萬元營業額","ISO 46001,ISO 14046"
"=""1304""","台聚","938,423.0000","台聚高雄廠","4.9655","公噸/產品","ISO 46001"
"=""1305""","華夏","2,594,867.4286","華夏頭份總廠、台氯林園廠、華聚林園廠","3.5967","公噸/產品","ISO 46001"
"=""1307""","三芳","142,200.0000","母公司","231.5500","公噸/百萬元營業額","N/A"
"=""1308""","亞聚","485,689.0000","林園廠","3.7046","公噸/產品","N/A"
"=""1309""","台達化","1,073,092.1786","林園廠/前鎮廠/頭份廠/中山廠","2.1644","公噸/產品","ISAE 3000"
"=""1310""","台苯","1,179,166.3180","台苯高雄廠(高雄市林園區工業一路7號)","3.7947","公噸/產品","N/A"
"=""1312""","國喬","207,004,000.0000","僅限國喬石油化學(股)公司高雄廠","15,898.6268","公噸/百萬元營業額","N/A"
"=""1313""","聯成","249,910.0000","林園廠、臨海廠","2.1800","公噸/產品","N/A"
"=""1314""","中石化","3,114,000.0000","主要生產廠及台北總公司","0.2154","公噸/百萬元營業額","ISO 46001"
"=""1315""","達新","11,283.0000","母公司","0.0063","取水量(百萬公升)/組織特定度量值","N/A"
"=""1316""","上曜","485.0000","上曜建設及營造相關子公司上裕營造及永輝室內裝修辦公室","0.3178","公噸/百萬元營業額","N/A"
"=""1319""","東陽","818,455.0000","台灣營運地區（台南總部、桃園觀音廠、台北辦事處）","41.2902","公噸/百萬元營業額","N/A"
"=""1321""","大洋","147.4600","母公司","1.1206","公噸/產品","N/A"
"=""1323""","永裕","69,260.0000","已完成母公司 ","46.1385","公噸/百萬元營業額","N/A"
"=""1324""","地球","10,312.6400","總公司（含台中營業所及高雄營業所)、幼獅一廠及幼獅二廠","12.9719","公噸/百萬元營業額","N/A"
"=""1325""","恆大","N/A","N/A","N/A","N/A","N/A"
"=""1326""","台化","N/A","N/A","N/A","N/A","N/A"
"=""1337""","再生-KY","N/A","N/A","N/A","N/A","N/A"
"=""1338""","廣華-KY","318,479.0000","東莞廣澤汽車飾件有限公司","453.7200","公噸/百萬元營業額","N/A"
"=""1339""","昭輝","113,455.0000","母公司","72.7275","公噸/百萬元營業額","N/A"
"=""1340""","勝悅-KY","N/A","N/A","N/A","N/A","N/A"
"=""1341""","富林-KY","58.0994","海防總公司  同奈分公司  台灣分公司","0.0208","公噸/百萬元營業額","N/A"
"=""1342""","八貫","N/A","N/A","N/A","N/A","N/A"
"=""1402""","遠東新","991,732,000.0000","本公司生產事業主要據點","149.1100","公噸/產品","ISO 46001"
"=""1409""","新纖","1,777,600.0000","新光合成纖維股份有限公司","N/A","N/A","N/A"
"=""1410""","南染","14,580.0000","全廠區用水","56.9531","公噸/百萬元營業額","N/A"
"=""1413""","宏洲","212,570.0000","宏洲纖維工業份有限公司桃園廠","92.1812","公噸/百萬元營業額","N/A"
"=""1414""","東和","31.5800","麻豆工廠","0.0600","公噸/百萬元營業額","N/A"
"=""1416""","廣豐","3,126.5204","廣豐實業宗公司與各子公司","9.3746","公噸/百萬元營業額","N/A"
"=""1417""","嘉裕","54,717.0000","台北總公司及桃園中壢廠，不包含營業門市。","123.5147","公噸/百萬元營業額","N/A"
"=""1418""","東華","540.6000","新竹廠區","52.7400","公噸/百萬元營業額","N/A"
"=""1419""","新紡","30,634.0000","大溪廠及大園廠","7.6854","公噸/百萬元營業額","N/A"
"=""1423""","利華","N/A","N/A","0.0199","公噸/百萬元營業額","N/A"
"=""1432""","大魯閣","91,658.6087","大魯閣實業本體","80.2553","公噸/百萬元營業額","N/A"
"=""1434""","福懋","5,931,000.0000","母公司","278.4100","公噸/百萬元營業額","ISO 46001"
"=""1435""","中福","173.7800","母公司","0.1627","公噸/百萬元營業額","N/A"
"=""1436""","華友聯","0.1707","已完成母公司","N/A","N/A","N/A"
"=""1437""","勤益控","N/A","N/A","N/A","N/A","N/A"
"=""1438""","三地開發","255.1400","母公司","N/A","N/A","N/A"
"=""1439""","雋揚","N/A","N/A","N/A","N/A","N/A"
"=""1440""","南紡","605,150.0000","僅母公司","80.0000","公噸/百萬元營業額","ISO14001、確信準則3000號「非屬歷史性財務資訊查核或核閱之確信案件」"
"=""1441""","大東","N/A","N/A","N/A","N/A","N/A"
"=""1442""","名軒","209.2820","母公司","N/A","N/A","N/A"
"=""1443""","立益物流","N/A","N/A","N/A","N/A","N/A"
"=""1444""","力麗","379,955.4000","彰化廠區","1.8227","公噸/產品","N/A"
"=""1445""","大宇","72,630.0000","數據揭露範疇包含總公司、蘆竹廠及彰濱廠。","73.4288","公噸/百萬元營業額","N/A"
"=""1446""","宏和","11,874.0000","母公司","3.2319","公噸/百萬元營業額","N/A"
"=""1447""","力鵬","4,917,249.0000","楊梅廠區、彰化尼龍總廠、彰化紡織廠 ","141.1979","公噸/百萬元營業額","N/A"
"=""1449""","佳和","1,890,382.0000","佳和官田廠","232.7771","公噸/產品","N/A"
"=""1451""","年興","2,105,734.0000","台灣後龍廠區+越南成衣廠區+墨西哥紡織廠+賴索托成衣廠+賴索托紡織廠","327.9622","公噸/百萬元營業額","N/A"
"=""1452""","宏益","44,731.0000","已完成母公司","1.8441","公噸/產品","N/A"
"=""1453""","大將","262.5000","本公司營運據點","13.1250","公噸/服務","N/A"
"=""1454""","台富","400.1520","母公司","0.2465","公噸/百萬元營業額","N/A"
"=""1455""","集盛","588,123.0000","一至五廠區","3.2855","公噸/產品","N/A"
"=""1456""","怡華","1,978,789.0000","台南官田廠","N/A","N/A","1.經濟部發布之用水回收率查驗作業指引 2.用水計畫審核管理辦法 3.耗水費徵收管理辦法"
"=""1457""","宜進","2,570.0000","「宜進實業股份有限公司及子公司(光明絲織廠股份有限公司、宏洲纖維工業股份有限公司、億東纖維股份有限公司、欣懋投資股份有限公司、大田國際開發股份有限公司、大宜國際開發股份有限公司) 台北公司","2.9204","公噸/百萬元營業額","N/A"
"=""1459""","聯發","2,924.0000","工廠","6.1400","公噸/百萬元營業額","N/A"
"=""1460""","宏遠","1,786,500.0000","母公司","162.9360","公噸/產品","N/A"
"=""1463""","強盛新","592,000.0000","母公司","N/A","N/A","N/A"
"=""1464""","得力","N/A","N/A","0.4850","公升/碼","N/A"
"=""1465""","偉全","N/A","N/A","N/A","N/A","N/A"
"=""1466""","聚隆","189,199.0000","母公司","79.5578","公噸/百萬元營業額","N/A"
"=""1467""","南緯","38,090.0000","台灣總部、越南產區","23.2900","公噸/百萬元營業額","N/A"
"=""1468""","昶和","1,097,466.7328","本公司以下營運據點：昶和纖維(紹興)有限公司、昶和纖維興業股份有限公司_台北辦事處、昶和纖維興業股份有限公司_南崁","64.4633","公噸/百萬元營業額","N/A"
"=""1470""","大統新創","664,534.0000","母公司桃園廠","180.0000","公噸/產品","N/A"
"=""1471""","首利","N/A","N/A","N/A","N/A","N/A"
"=""1472""","三洋實業","10,104.6489","三洋實業及子公司總部據點及各施工案場","43.2661","公噸/百萬元營業額","N/A"
"=""1473""","台南","N/A","N/A","N/A","N/A","N/A"
"=""1474""","弘裕","718,147.0000","弘裕企業公司(伸港廠、全興廠、和美廠)","343.1606","公噸/百萬元營業額","N/A"
"=""1475""","業旺","0.1996","母公司","0.0001","公噸/百萬元營業額","N/A"
"=""1476""","儒鴻","2,713,122.0000","包含合併財務報表之母子公司","73.6691","公噸/百萬元營業額","N/A"
"=""1477""","聚陽","6,825,100.0000","包含合併財務報表之母子公司","192.1264","公噸/百萬元營業額","ISO 14046(驗證範圍-聚陽台北總公司) 、ISAE3000(下述資料邊界範圍)"
"=""1503""","士電","196.5600","四大事業群(三廠區)及台北總部，不包含及各地分公司；台北總部取水量以仰德大樓每月之自來水水費單分配計算。","0.0069","百萬公升/百萬元","AA1000AS v3 第二類型中度保證等級"
"=""1504""","東元","80,020.0000","台灣地區、大陸/越南地區、美國地區、義大利地區 ","1.5000","公噸/百萬元營業額","N/A"
"=""1506""","正道","43,240.0000","正道工業(股)公司台灣仁德廠區及馬來西亞廠區","41.7125","公噸/百萬元營業額","N/A"
"=""1512""","瑞利","N/A","N/A","N/A","N/A","N/A"
"=""1513""","中興電","125,925.0000","113年度","4.8926","公噸/百萬元營業額","N/A"
"=""1514""","亞力","26,748.5821","本公司以下營運據點：亞力電機股份有限公司新莊廠、亞力電機股份有限公司楊梅廠、亞力電機股份有限公司總公司","3.1865","公噸/百萬元營業額","ISO 14001"
"=""1515""","力山","12,336.0000","母公司+子公司力山科技","2.0226","公噸/百萬元營業額","N/A"
"=""1516""","川飛","N/A","N/A","N/A","N/A","N/A"
"=""1517""","利奇","3,564.8571","母公司","2.7485","公噸/百萬元營業額","N/A"
"=""1519""","華城","55.1150","包含合併財務報表之母子公司","47.1875","N/A","N/A"
"=""1521""","大億","50,462.0000","總公司：台南市南區新信路11號 安工廠：台南市南區新樂路39號1-3樓","13.6476","公噸/百萬元營業額","N/A"
"=""1522""","堤維西","109,300.0000","安平廠及科工1、科工2、科工3 廠","0.8175","百萬公升／億元營收","N/A"
"=""1524""","耿鼎","70,368.0000","母公司","0.0331","公噸/產品","N/A"
"=""1525""","江申","23,337.0000","母公司","2.5500","公噸/產品","N/A"
"=""1526""","日馳","9,129.0000","日馳企業股份有限公司","18.6165","公噸/百萬元營業額","N/A"
"=""1527""","鑽全","N/A","N/A","N/A","N/A","N/A"
"=""1528""","恩德","4,592.1629","後龍廠、梧棲廠","4.3693","公噸/百萬元營業額","N/A"
"=""1529""","樂事綠能","3,914.5500","楊梅工廠、台南工廠、台南辦公室","5.6208","公噸/百萬元營業額","N/A"
"=""1530""","亞崴","25,875.0000","已完成母公司","20.0113","公噸/百萬元營業額","N/A"
"=""1531""","高林股","54,437.0000","總公司、桃園廠與高銀廠","N/A","N/A","N/A"
"=""1532""","勤美","401,744.0000","勤美金屬成型事業處、蘇州勤美達精密機械有限公司(CMS)、勤威(天津)工業有限公司(CMW)、蘇州勤堡精密機械有限公司(CMB)及勤美達（武漢）精密機械有限公司(CMH)","44.0000","公噸/百萬元營業額","N/A"
"=""1533""","車王電","9,364.0000","台灣母公司","24.8666","公噸/百萬元營業額","N/A"
"=""1535""","中宇","8,554.0000","包含合併財務報表之母子公司","0.7878","公噸/百萬元營業額","ISO14064-1"
"=""1536""","和大","N/A","N/A","N/A","N/A","N/A"
"=""1537""","廣隆","380,352.0000","包含合併財務報表之母子公司","N/A","N/A","N/A"
"=""1538""","正峰","809.0000","水費單","N/A","N/A","N/A"
"=""1539""","巨庭","5,982.0000","自來水帳單","4.4675","公噸/百萬元營業額","N/A"
"=""1540""","喬福","1,358.0000","母公司","2.3622","公噸/百萬元營業額","N/A"
"=""1541""","錩泰","35,430.0000","包含財務報表之母子公司","11.8600","公噸/百萬元營業額","N/A"
"=""1558""","伸興","132,999.0000","合併財務報表之母子公司(不含宇隆、喜佳、三道)","0.0700","公噸/產品","ESG報告書AA1000"
"=""1560""","中砂","1,600.3290","母公司五個製造工廠","0.2700","百萬公升/百萬元","N/A"
"=""1563""","巧新","658.6800","僅母公司","0.0881","公噸/百萬元營業額","N/A"
"=""1568""","倉佑","13,780.0000","母公司各工廠                                                                   ","1.0120","公噸/百萬元營業額","N/A"
"=""1582""","信錦","N/A","N/A","N/A","N/A","N/A"
"=""1583""","程泰","24,655.1389","已完成母公司","15.2327","公噸/百萬元營業額","N/A"
"=""1587""","吉茂","22,067.0000","母公司","13.7962","公噸/百萬元營業額","N/A"
"=""1589""","永冠-KY","310,253.0000","合併財務報表之母子公司","43.0773","公噸/百萬元營業額","N/A"
"=""1590""","亞德客-KY","939,087.0000","考量揭露訊息之重大性以及實際管理需求，涵蓋主要銷售據點、主要生產基地和營運總部，合計揭露比重佔 2024 年合併營業收入達96%，亦達2024年度生產產值100%。","30.6291","公噸/百萬元營業額","N/A"
"=""1597""","直得","25,058.0000","母公司","30.8877","公噸/百萬元營業額","ISO14001"
"=""1598""","岱宇","22.6030","彰化本廠、二廠、五廠、台中","0.0031","公噸/百萬元營業額","N/A"
"=""1603""","華電","31,168.5500","母公司全部","0.0371","公噸/百萬元營業額","N/A"
"=""1604""","聲寶","101,190.0000","聲寶及德寶股份有限公司","91.1622","取水量公噸/員工人數","N/A"
"=""1605""","華新","14,942,400.0000","華新麗華股份有限公司個體公司及子公司( 包括上海華新、江陰合金、煙台華新、常熟華新、華新精密)","10.4900","公噸/產品","ISO 46001"
"=""1608""","華榮","78,485.5873","高楠廠生產工廠","9.5667","公噸/百萬元營業額","N/A"
"=""1609""","大亞","94,709.1603","大亞公司(個體)","2.2047","公噸/產品","N/A"
"=""1611""","中電","N/A","N/A","N/A","N/A","N/A"
"=""1612""","宏泰","59,940.0000","僅母公司","9.0970","公噸/百萬元營業額","N/A"
"=""1614""","三洋電","52,974.0000","台灣三洋電機股份有限公司及三洋全能股份有限公司","9.3103","公噸/百萬元營業額","N/A"
"=""1615""","大山","40,325.0000","1.斗六總廠 2.斗六虎溪廠 3.桃園營業處 4.高雄聯絡處","0.0068","百萬公升 / 佰萬營收","N/A"
"=""1616""","億泰","54,000.0000","桃園市中壢區中正路二段363巷32號","11.9080","公噸/百萬元營業額","N/A"
"=""1617""","榮星","46,742.0000","台南市仁德區中正路三段231號、台北市松山區復興北路181號13樓之3","29.5835","公噸/百萬元營業額","N/A"
"=""1618""","合機","7.3300","以公司個體廠區為邊界範圍，包含桃園二 、三、五廠 、新廠、品保實驗室、台北辦公室等，惟桃園六廠因小部分租賃予其他企業組織且未生產製造，故排除盤查範圍","0.0016","公噸/百萬元營業額","N/A"
"=""1626""","艾美特-KY","223.1250","主要營運據點艾美特電器（深圳）有限公司、艾美特電器（九江）有限公司","N/A","N/A","N/A"
"=""1702""","南僑","1,868,089.0000","涵蓋台灣、中國大陸、泰國地區之製造單位及台灣、中國大陸餐飲事業","0.0793","公噸/千元","N/A"
"=""1707""","葡萄王","381,052.0000","葡萄王生技股份有限公司、葡眾企業股份有限公司、溢昭股份有限公司、上海葡萄王企業有限公司","30.2000","公噸/百萬元營業額","N/A"
"=""1708""","東鹼","684,170.0000","東南實業股份有限公司蘇澳總廠","1.2860","公噸/產品","N/A"
"=""1709""","和益","138,550.0000","母公司和益及子公司聯超、和協","13.0000","公噸/百萬元營業額","確信準則3000號"
"=""1710""","東聯","1,628,582.0000","高雄林園廠","142.0090","公噸/百萬元營業額","ISO 46001"
"=""1711""","永光","628,545.5540","桃園地區四個廠區、新竹全通科技、大陸地區的蘇州永光，已取得ISO 14001認證之生產型廠區及子公司","N/A","N/A","ISO14001 DNV、KPMG會計師確信"
"=""1712""","興農","575,867.0000","母公司王田廠、王田二廠、王田三廠、生物工廠、大肚廠、彰濱廠","30.4241","公噸/百萬元營業額","N/A"
"=""1713""","國化","63,110.0000","屏南工廠","119.5326","公噸/百萬元營業額","N/A"
"=""1714""","和桐","11.2760","高雄廠","0.0003","公噸/產品","N/A"
"=""1717""","長興","783,960.0000","台灣、大陸、馬來西亞、美國、日本、義大利、泰國等工廠及高雄公司、北區營業所、中區營業所、韓國、越南等辦事處等。辦事處據點無法統計排水量，故不揭露排水量及其耗水量。","1.5700","公噸/產品","N/A"
"=""1718""","中纖","1,975,000.0000","中國人造纖維股份有限公司高雄總廠及汽電二廠","347.6501","公噸/百萬元營業額","N/A"
"=""1720""","生達","173,202.0000","生達一廠+生達二廠","53.6894","公噸/百萬元營業額","N/A"
"=""1721""","三晃","220,110.0000","僅母公司","14.5788","公噸/產品","確信準則3000號"
"=""1722""","台肥","N/A","N/A","N/A","N/A","N/A"
"=""1723""","中碳","286,000.0000","母公司","38.1842","公噸/百萬元營業額","N/A"
"=""1725""","元禎","3,174.0000","母公司","0.4695","公噸/百萬元營業額","N/A"
"=""1726""","永記","63,180.0000","20240101~20241231","0.7484","公噸/產品","N/A"
"=""1727""","中華化","350.8250","一廠、二廠、彰化廠","2.4994","公噸/產品","N/A"
"=""1730""","花仙子","8,154.6364","台灣花仙子、蘇州太倉廠","3.5728","公噸/百萬元營業額","N/A"
"=""1731""","美吾華","48,113.0000","台北總公司、中南部辦公室及楊梅廠與外倉","N/A","N/A","N/A"
"=""1732""","毛寶","18,165.0000","母公司","32.5500","公噸/百萬元營業額","N/A"
"=""1733""","五鼎","46,369.0000","僅包含台灣各廠區","0.0560","公噸/千片試片","N/A"
"=""1734""","杏輝","179,591.0000","母公司","62.7870","公噸/百萬元營業額","ISO14001:2015"
"=""1735""","日勝化","43,382.0000","僅母公司","25.6516","公噸/百萬元營業額","N/A"
"=""1736""","喬山","305,840.0000","集團總部與台灣廠、上海廠、越南廠之地下水與第三方用水","8.6400","公噸/百萬元營業額","N/A"
"=""1737""","臺鹽","32,738.5600","113年度環境會計年度列帳資料，自來水","10.4142","公噸/百萬元營業額","N/A"
"=""1752""","南光","141,023.0000","總公司與台北辦公室","64.1207","公噸/百萬元營業額","N/A"
"=""1760""","寶齡富錦","154.8215","南港總公司, 平鎮廠, 正峰大園廠, 汐科廠, 龍潭研發中心 ","0.0763","公噸/百萬元營業額","N/A"
"=""1762""","中化生","114,932.0000","中化合成生技股份有限公司","86.5709","公噸/百萬元營業額","N/A"
"=""1773""","勝一","415,386.0000","母公司","40.5809","公噸/百萬元營業額","N/A"
"=""1776""","展宇","11,435.0000","僅母公司","15.9960","公噸/百萬元營業額","N/A"
"=""1783""","和康生","14,530.0000","母公司","21.3360","公噸/百萬元營業額","N/A"
"=""1786""","科妍","30,588.0000","母公司","N/A","N/A","N/A"
"=""1789""","神隆","158,720.0000","僅母公司","0.0079","百萬公升/公斤","N/A"
"=""1795""","美時","117.8842","美時台灣南投廠、韓國公州廠及韓國鄉南廠","0.0966","百萬公升/人","N/A"
"=""1802""","台玻","N/A","N/A","N/A","N/A","ISO 46001"
"=""1805""","寶徠","N/A","N/A","N/A","N/A","N/A"
"=""1806""","冠軍","318,302.0000","苗栗縣造橋鄉豐湖村一鄰乳姑山2號","0.0336","公噸/產品","N/A"
"=""1808""","潤隆","322.0000","本公司台北、台中及台南辦公室。","0.0368","公噸/百萬元營業額","N/A"
"=""1809""","中釉","45,088.6000","母公司","N/A","N/A","N/A"
"=""1810""","和成","171,676.0000","新北市鶯歌區八德路1號(二廠).桃園市八德區大發里後庄街89號.1355號(八德廠).桃園市八德區大發里6鄰福德一路405號.台北市中山區濱江街105號.基隆市中山區德安路4-1號.桃園市八德區大發里後庄街89號.新竹縣湖口鄉德興路440巷16號.苗栗市水源里11鄰水流娘22-9號.台中市西屯區台灣大道四段16巷312號.嘉義縣水上鄉粗溪136-20號.宜蘭縣壯圍鄉大福路3段41巷7號.南投市新興里南崗三路37號","0.0762","公噸/百萬元營業額","N/A"
"=""1817""","凱撒衛","1,720.0000","台灣地區 ","0.6164","公噸/百萬元營業額","N/A"
"=""1903""","士紙","8.2200","本公司用水包含員工生活用水、旅館與餐經經營用水，水源皆屬於水庫之自來水。","N/A","N/A","N/A"
"=""1904""","正隆","2,574,550.0000","母公司","8.4200","公噸/產品","N/A"
"=""1905""","華紙","28,655,000.0000","台灣(觀音廠、久堂廠、花蓮廠、台東廠)及中國鼎豐","33.8144","公噸/產品","N/A"
"=""1906""","寶隆","1,238.0800","母公司","0.3854","公噸/百萬元營業額","N/A"
"=""1907""","永豐餘","45,771,181.0000","永豐餘林漿紙、工紙紙器、消費品三大事業群之所有生產據點。","9.9328","公噸/產品","ISO 14001"
"=""1909""","榮成","28,314,594.1900","母公司及合併財部報表子公司","7.4700","公噸/產品","用水回收率"
"=""2002""","中鋼","42,205,812.0000","本公司小港廠區(含第三冷軋廠)","5.1000","公噸/產品","N/A"
"=""2006""","東和鋼鐵","2,244,186.0000","母公司","1.2190","全公司取 水量/鋼胚產量 ","N/A"
"=""2007""","燁興","210,770.0000","本公司","0.0190","千立方公尺/百萬元","N/A"
"=""2008""","高興昌","33,717.0000","個別財報(本公司無子公司) 高雄總公司、屏東分公司、台北分公司","1.0490","公噸/產品","N/A"
"=""2009""","第一銅","201,321.9643","第一伸銅科技股份有限公司臨海廠","N/A","N/A","N/A"
"=""2010""","春源","82,301.0000","僅母公司","0.0002","公噸/產品","N/A"
"=""2012""","春雨","226,310.0000","本廠","N/A","N/A","N/A"
"=""2013""","中鋼構","43,454.0000","母公司","2.2063","公噸/百萬元營業額","N/A"
"=""2014""","中鴻","1,187,958.0000","113/1/1~113/12/31(全公司)","38.9993","公噸/百萬元營業額","N/A"
"=""2015""","豐興","1,805,979.0000","包含合併財務報表之母子公司","52.5310","公噸/百萬元營業額","ISO 14001:2015"
"=""2017""","官田鋼","107,159.0000","母公司","40.4000","公噸/百萬元營業額","N/A"
"=""2020""","美亞","670.0000","埔心總廠","0.1278","公噸/百萬元營業額","N/A"
"=""2022""","聚亨","48,489.0000","母公司(一廠;二廠;三廠)","34.1500","公噸/百萬元營業額","N/A"
"=""2023""","燁輝","371,350.0000","母公司","14.5500","公噸/百萬元營業額","N/A"
"=""2024""","志聯","112,191.0000","志聯公司：桃園市新屋區中興路480號","102.2942","公噸/百萬元營業額","N/A"
"=""2025""","千興","27,370.0000","僅母公司","0.0259","公噸/千元營業額","N/A"
"=""2027""","大成鋼","632,079.9800","合併財務報表之母子公司","6.9922","公噸/百萬元營業額","N/A"
"=""2028""","威致","800,420.0000","個別公司","1.3501","公噸/產品","N/A"
"=""2029""","盛餘","438,785.0000","僅母公司","0.3300","公噸/產品","N/A"
"=""2030""","彰源","107,098.0000","2024年一廠、二廠、三廠、大連廠、元富廠、元山廠","1.1391","公噸/產品","N/A"
"=""2031""","新光鋼","19,070.0000","母公司個體(台灣廠區)","1.5806","公噸/百萬元營業額","N/A"
"=""2032""","新鋼","5,505.0000","新莊廠、大園廠","1.8543","公噸/百萬元營業額","N/A"
"=""2033""","佳大","21,715.5000","113財務報告為邊界","37.5928","公噸/百萬元營業額","N/A"
"=""2034""","允強","110,617.0000","僅母公司","0.8263","公噸/產品","N/A"
"=""2038""","海光","91,140.0000","包含合併財務報表之母子公司","9.3727","公噸/百萬元營業額","N/A"
"=""2049""","上銀","587,350.0000","上銀科技母公司所有營運據點","32.2082","公噸/百萬元營業額","ISO 46001"
"=""2059""","川湖","124,368.3520"," 母公司及子公司川益科技(股)公司兩個廠區","0.0301","平方公尺/產品表面積","N/A"
"=""2062""","橋椿","116,918.0000","2024/1/1~2024/12/31","0.0400","公噸/產品","N/A"
"=""2069""","運錩","13,287.0000","母 公司","N/A","N/A","N/A"
"=""2101""","南港","205,840.0000","包含合併財務報表之母子公司","13.3092","公噸/百萬元營業額","N/A"
"=""2102""","泰豐","16,691.0000","僅母公司","N/A","N/A","N/A"
"=""2103""","台橡","5,441,586.0558","已完成合併財務報表之母子公司","9.8536","公噸/產品","確信準則3000號"
"=""2104""","國際中橡","4,867,117.0000","全集團 ","12.4300","公噸/產品","N/A"
"=""2105""","正新","782,933.0000","台灣正新","46.6554","公噸/百萬元營業額","N/A"
"=""2106""","建大","194,771.0000","台灣地區生產廠 ","5.6946","公噸/百萬元營業額","N/A"
"=""2107""","厚生","N/A","N/A","N/A","N/A","N/A"
"=""2108""","南帝","490,140.0000","僅母公司","3.1400","百萬公升/產量千噸","ISO 14001"
"=""2109""","華豐","N/A","N/A","N/A","N/A","N/A"
"=""2114""","鑫永銓","10,999.0000","母公司","N/A","N/A","N/A"
"=""2115""","六暉-KY","169,788.1239","包含合併財務報表之母子公司","54.3089","公噸/百萬元營業額","N/A"
"=""2201""","裕隆","272,373.4118","裕隆汽車母公司個體營運據點(三義廠區)","10.5123","公噸/百萬元營業額","N/A"
"=""2204""","中華","167,662.0000","楊梅廠","3.2000","公噸/產品","ISO 46001"
"=""2206""","三陽工業","524,825.0000","新竹廠、新豐廠、宿舍","10.5400","公噸/百萬元營業額","N/A"
"=""2207""","和泰車","15,729.0000","和泰母公司","27.0000","公噸/人","N/A"
"=""2208""","台船","425,570.0000","台船公司高雄廠區、基隆廠區","25.1745","公噸/百萬元營業額","N/A"
"=""2211""","長榮鋼","62,202.0000","母公司","6.2143","公噸/百萬元營業額","N/A"
"=""2227""","裕日車","3,576,400.0000","本公司2024年用水量","0.0067","公噸/百萬元營業額","N/A"
"=""2228""","劍麟","25,908.0000","母公司(台北總部與南投廠)","13.0879","公噸/百萬元營業額","N/A"
"=""2231""","為升","23,135.0000","母公司","N/A","N/A","N/A"
"=""2233""","宇隆","26,443.0000","母公司","14.6743","公噸/百萬元營業額","N/A"
"=""2236""","百達-KY","N/A","N/A","N/A","N/A","N/A"
"=""2239""","英利-KY","56,649,260.0000","開曼英利工業股份有限公司、長春英利汽車工業股份有限公司及英利工業股份有限公司","8,950.0000","公噸/百萬元營業額","N/A"
"=""2241""","艾姆勒","29,634.0000","母公司","0.0461","公噸/產品","N/A"
"=""2243""","宏旭-KY","N/A","N/A","N/A","N/A","N/A"
"=""2247""","汎德永業","77,383.3300","合併財務報表全據點","1.3425","公噸/百萬元營業額","N/A"
"=""2248""","華勝-KY","56,618.0000","全公司","N/A","N/A","N/A"
"=""2250""","IKKA-KY","98,429.7000","母公司及合併報表子公司","N/A","N/A","N/A"
"=""2254""","巨鎧精密-創","1.9060","已完成母公司","N/A","N/A","N/A"
"=""2258""","鴻華先進-創","11,412.0000","合併財務報表之母子公司；包括台灣地區營運據點，及中國地區之杭州及福州辦公室。 另，台灣地區僅兩處排除，因苗栗三義（辦公室）實驗室及彰化整車實驗室皆為承租用地與業主共用，未架設獨立水錶，故無用水相關統計數據。","1.3400","公噸/百萬元營業額","確信準則3000號非屬歷史性財務資訊查核或核閱之確信案件"
"=""2301""","光寶科","2,017,668.0000","母公司及重要生產據點子公司","16.0900","公噸/百萬元營業額","ISO 14001"
"=""2302""","麗正","35,123.0000","母+子公司","548.7968","公噸/產品","N/A"
"=""2303""","聯電","27,563,062.0000","母公司、子公司和艦、聯芯、聯穎、USJC ","104.1600","公噸／wafer-m2","ISO 14001(母公司、子公司和艦、聯芯、聯穎、USJC)、ISO 14046(12A第二廠區)"
"=""2305""","全友","13,385.0000","合併報表之母子公司","18.6681","公噸/百萬元營業額","N/A"
"=""2308""","台達電","4,192,700.0000","全球營運據點 ","9.6600","公噸/百萬元營業額","ISO14001 "
"=""2312""","金寶","1,630,562.1100","合併財務報表之母子公司","9.9200","公噸/百萬元營業額","N/A"
"=""2313""","華通","11,759,100.0000","蘆竹廠、大園廠及惠州電腦、惠州精密、重慶廠、蘇州廠、泰國廠","177.1002","公噸/百萬元營業額","N/A"
"=""2314""","台揚","40,068.0000","台灣新竹廠","23.9930","公噸/百萬元營業額","N/A"
"=""2316""","楠梓電","1,273,449.0000","僅母公司","1.0600","公噸/產品","N/A"
"=""2317""","鴻海","82,690,387.2683","合併財務報表之母子公司","12,237.4050","公噸/百萬元營業額","N/A"
"=""2321""","東訊","20,271.0000","台灣自來水帳單資料","N/A","N/A","N/A"
"=""2323""","中環","333,000.0000","僅母公司","660.0000","公噸/員工數","N/A"
"=""2324""","仁寶","1,597,408.5900","個體財報邊界","1.7500","公噸/百萬元營業額","AA1000"
"=""2327""","國巨","1,235,885.0000","母公司","33.9629","公噸/百萬元營業額","N/A"
"=""2328""","廣宇","3,031.1449","母公司","0.3718","公噸/百萬元營業額","ISAE3000"
"=""2329""","華泰","1,248,478.0000","母公司","78.1077","公噸/百萬元營業額","ISO 46001"
"=""2330""","台積電","109,130,163.0000","台灣廠區及部分子公司 用水量：天然水 總取水量、總耗水量：天然水+再生水","161.0000","天然水用量公升/十二吋晶圓當量-光罩數","International Water Stewardship Standard V2.0"
"=""2331""","精英","935,436.0000","精英電腦臺灣總部、精英電腦(美國)股份有限公司、精英電腦(日本)股份有限公司、精英電腦(韓國)股份有限公司、興英數位科技(深圳)有限公司及精強科技股份有限公司","53.4666","公噸/百萬元營業額","N/A"
"=""2332""","友訊","10,970.0000","公司總部大樓","23.9500","員工人數","N/A"
"=""2337""","旺宏","4,456,582.0800","本公司(包括:總部、晶圓二廠、晶圓五廠及測試廠)","106.9756","公噸/百萬元營業額","經濟部發布之用水回收率查驗作業指引、用水計畫審核管理辦法及耗水費徵收辦法等政策之規範"
"=""2338""","光罩","283,811.1002","FAB1+FAB2+FAB3+FAB6","0.6254","公噸/百萬元營業額","N/A"
"=""2340""","台亞","1,381,996.0000","2024年度","64,740.0000","公噸/百萬元營業額","ISO 46001"
"=""2342""","茂矽","N/A","N/A","79.9396","公噸/產品","N/A"
"=""2344""","華邦電","4,564,136.0000","母公司","96.0000","公噸/百萬元營業額","ISO 46001"
"=""2345""","智邦","74,931.0000","母公司","0.6786","公噸/百萬元營業額","N/A"
"=""2347""","聯強","15,737.0000","聯強國際集團母公司及部分同地點涵蓋之子公司","17.0987","公噸/人","N/A"
"=""2348""","海悅","17.1243","母公司","N/A","N/A","N/A"
"=""2349""","錸德","N/A","N/A","N/A","N/A","N/A"
"=""2351""","順德","1,228,488.0000","母公司","151.1000","公噸/百萬元營業額","N/A"
"=""2352""","佳世達","379,656.0000","台灣、蘇州、越南","131.0000","公噸/百萬元營業額","N/A"
"=""2353""","宏碁","179,748.0000","包含合併財務報表之母子公司","0.6791","公噸/百萬元營業額","N/A"
"=""2354""","鴻準","885,595.0000","大陸主要營運據點(瀋陽、煙臺、太原、昆山、佛山、南寧)","11.7379","公噸/百萬元營業額","N/A"
"=""2355""","敬鵬","3,937.7192","已完成合併財務報表之母子公司","0.2408","公噸/百萬元營業額","N/A"
"=""2356""","英業達","1,165,000.0000","合併財務報表之母子公司 ","1.8026","公噸/百萬元營業額","N/A"
"=""2357""","華碩","206,563.0000","華碩全台營運據點","25.6000","公噸/員工人數","ISO 46001"
"=""2359""","所羅門","7,346.0000","母公司","2.0970","公噸/百萬元營業額","N/A"
"=""2360""","致茂","48,573.1000","總公司(含華亞廠)+新竹分公司+高雄分公司","3.8218","公噸/百萬元營業額","N/A"
"=""2362""","藍天","139.8900","台北總部、昆山工廠","0.0053","公噸/百萬元營業額","N/A"
"=""2363""","矽統","N/A","N/A","N/A","N/A","N/A"
"=""2364""","倫飛","7,695.0000","合併財報母子公司","6.1585","公噸/百萬元營業額","N/A"
"=""2365""","昆盈","7,437.0000","台北總公司及東莞廠","N/A","N/A","N/A"
"=""2367""","燿華","2,270,774.0000","母公司","0.1290","公噸/百萬元營業額","N/A"
"=""2368""","金像電","7,884,421.0000","合併財務報表之母子公司","0.2033","百萬公升/百萬營收","N/A"
"=""2369""","菱生","1,014,859.0000","菱生T1~T6廠","220.0543","公噸/百萬元營業額","N/A"
"=""2371""","大同","549,031.0000","總公司、大園廠、桃園電線電纜廠、桃園壹廠、電表中心、三峽廠","31.3812","公噸/百萬元營業額","N/A"
"=""2373""","震旦行","39,914.0000","僅母公司","12.0368","公噸/百萬元營業額","N/A"
"=""2374""","佳能","7,504.0000","佳能企業股份有限公司","12.7402","公噸/人","N/A"
"=""2375""","凱美","1,131.0000","凱美電機股份有限公司","N/A","N/A","N/A"
"=""2376""","技嘉","254,153.0000","技嘉科技營運總部、桃園南平廠、中國東莞及寧波廠","0.9600","公噸/百萬元營業額","N/A"
"=""2377""","微星","592,560.0000","微星科技股份有限公司中和廠(微星台北)、微星科技股份有限公司桃園廠(微星桃園)、恩斯邁電子(深圳)有限公司(恩斯邁電子)及微盟電子(昆山)有限公司(微盟電子)","2.9900","千公升/每百萬新台幣營收","N/A"
"=""2379""","瑞昱","181,590.0000","新竹一、二、三廠/台北、台南辦公室","0.0335","水量/人數","N/A"
"=""2380""","虹光","10,716.0000","僅母公司","300.0000","取水量/員工人數","N/A"
"=""2382""","廣達","756,614.2980","包含母公司；QSMC廣達上海製造城、QCMC廣達重慶製造城、QMB Co, Ltd.、QMH Computer CO. Ltd.、QCG Computer GMBH、Quanta Mexico Manufacture Center、Quanta Manufacturing Fremont、Quanta Manufacturing Nashville","0.5363","公噸/百萬元營業額","N/A"
"=""2383""","台光電","939,511.0000","母公司: 台光電子材料股份有限公司 子公司: 台光電子材料(昆山)股份有限公司、中山台光電子材料有限公司、台光電子材料(黃石)有限公司","0.0098","【總耗水量總計 (百萬公升/年) / 合併營收 (新台幣百萬元)】","N/A"
"=""2385""","群光","3,266.5000","台北總公司、清溪廠、茂瑞廠、吳江廠、重慶廠、泰國廠","0.0529","公噸/百萬元營業額","N/A"
"=""2387""","精元","5,020.3500","台灣總公司","0.3800","公噸/百萬元營業額","N/A"
"=""2388""","威盛","15,470.0000","威盛電子台北總公司","0.9723","公噸/百萬元營業額","N/A"
"=""2390""","云辰","N/A","N/A","N/A","N/A","N/A"
"=""2392""","正崴","2,810,000.0000","正崴主要生產廠區","22.9142","公噸/百萬元營業額","N/A"
"=""2393""","億光","700,447.0000","樹林總部、苗栗苑裡、苗栗銅鑼、蘇州吳江、廣東中山","N/A","N/A","N/A"
"=""2395""","研華","111,198.0000","2024年度","31.8254","人","N/A"
"=""2397""","友通","20,074.5300","地理範疇：包含汐止總部、桃園工廠、新店研發辦公室等擁有營運控制權範圍。 汐止總部：新北市汐止區新台五路一段 97 號 10 樓 桃園工廠：桃園市龜山區山鶯路 157 號 1、3 樓  新店研發：新北市新店區寶橋路 233-2 號 10 樓","6.2305","公噸/百萬元營業額","N/A"
"=""2399""","映泰","6,198.4000","母公司","0.0473","人均用水(百萬公升/人)","N/A"
"=""2401""","凌陽","30,191.0000","母公司(新竹科學園區創新一路19號、19-1號及新竹科學園區研發五路6號)","18.4100","公噸/百萬元營業額","N/A"
"=""2402""","毅嘉","34,807.0000","母公司","5.5236","公噸/百萬元營業額","N/A"
"=""2404""","漢唐","16,772.0000","已完成母公司 ","0.5033","公噸/百萬元營業額","N/A"
"=""2405""","輔信","4,770.0000","母公司","N/A","N/A","N/A"
"=""2406""","國碩","65,080.0000","國碩二廠+新豐廠","149.5777","公噸/百萬元營業額","N/A"
"=""2408""","南亞科","9,545,000.0000","母公司","4.0200","公噸/千顆晶粒","AWS"
"=""2409""","友達","17,530,000.0000","製程總用水量","0.3000","公噸/產品","ISO 46001"
"=""2412""","中華電","2,160,745.2460","數據涵蓋範疇為100%營運據點","9.3958","公噸/百萬元營業額","ISO 46001"
"=""2413""","環科","19,622.0000","台中市南屯區工業27路2號及3號","6.0730","公噸/百萬元營業額","N/A"
"=""2414""","精技","5,661.0000","僅母公司(不含無獨立水表之中壢、台中、台南、高雄分公司)","0.2671","公噸/百萬元營業額","N/A"
"=""2415""","錩新","326,870.0000","總公司+子公司-CX Technology (VN) Corporation+子公司Merrimack River Precision Industrial  (HD) Co.,Ltd.","142.9300","公噸/百萬元營業額","N/A"
"=""2417""","圓剛","N/A","N/A","0.0034","公噸/百萬元營業額","N/A"
"=""2419""","仲琦","26,035.0000","母公司及越南、蘇州子公司","2.8647","公噸/百萬元營業額","N/A"
"=""2420""","新巨","33,506.0000","台灣新店總部+台灣五股廠+台灣樹林廠+中國新豪廠 ","14.9798","公噸/百萬元營業額","N/A"
"=""2421""","建準","265,044.0000","建準電機工業股份有限公司(高雄總部及工廠、台北辦事處) 昆山廣興電子有限公司 北海建準電子有限公司 北海立準電子有限公司 Sunon Electronics Philippines Corp.  Sunon Inc.  Sunon SAS ","18.1240","公噸/百萬元營業額","N/A"
"=""2423""","固緯","14,175.0000","本公司設置於工業區內非生態保育之相關區域，取用水均來自自來水公司，自來水公司供應2024 年取水量為14.18 百萬公升，取水量用途主要用於生活用水，本年度並無發生因本公司營運取水而受顯著影響的水源。","N/A","N/A","N/A"
"=""2424""","隴華","842.9000","隴華母公司","N/A","N/A","N/A"
"=""2425""","承啟","N/A","N/A","N/A","N/A","N/A"
"=""2426""","鼎元","734,620.0000","僅母公司","312.2550","公噸/百萬元營業額","N/A"
"=""2427""","三商電","6,616.0000","全公司","1.3657","公噸/百萬元營業額","N/A"
"=""2428""","興勤","435,922.0000","本公司所有廠區及子公司元耀科技股份有限公司、興勤(常州)電子有限公司、東莞為勤電子有限公司、興勤(宜昌)電子有限公司及江西興勤電子有限公司","33.3660","公噸/百萬PCS產品","N/A"
"=""2429""","銘旺科","N/A","N/A","N/A","N/A","N/A"
"=""2430""","燦坤","293,309.0000","全台門市、4 區物流中心及印尼物業","N/A","N/A","N/A"
"=""2431""","聯昌","N/A","N/A","N/A","N/A","N/A"
"=""2432""","倚天酷碁-創","719.0000","包含合併財務報表之母子公司","0.2760","公噸/百萬元營業額","N/A"
"=""2433""","互盛電","3,823.0000","僅母公司","2.7300","公噸/百萬元營業額","N/A"
"=""2434""","統懋","2,594.0000","母公司","94.6957","公噸/百萬元營業額","N/A"
"=""2436""","偉詮電","8,368.9402","已完成合併財務報表之母子公司","2.7044","公噸/百萬元營業額","N/A"
"=""2438""","翔耀","N/A","N/A","N/A","N/A","N/A"
"=""2439""","美律","261,010.0000","台灣總部、MECL、METC、MEVN、MSCS、MESG、MEST、MECA、MENA、SENM、MEMP、FUXM、ASCX。","11.6100","全集團全年總工時","AA1000 第二類高度保證"
"=""2440""","太空梭","156.6890","涵蓋合併財務報表之兩家子公司用水量；因總公司位於竹北市「昌益科技產發園區」，整個園區無各別廠戶水錶，水費含在管理費用，故無總公司用水量。","0.0393","公噸/百萬元營業額","N/A"
"=""2441""","超豐","1,127,116.0000","母公司","0.0741","公噸/百萬元營業額","N/A"
"=""2442""","新美齊","14,023.0000","113年新美齊新建工程建案","N/A","N/A","N/A"
"=""2444""","兆勁","N/A","N/A","N/A","N/A","N/A"
"=""2449""","京元電子","3,235,436.0000","全集團","87.4437","公噸/百萬元營業額","ISO 46001"
"=""2450""","神腦","34,014.7140","神腦全據點(含辦公室、特約門市、維修門市及倉儲中心)","1.1061","公噸/百萬元營業額","N/A"
"=""2451""","創見","28,110.0000","已完成母公司","2.7900","公噸/百萬元營業額","N/A"
"=""2453""","凌群","13,679.2719","全公司","2.0387","公噸/百萬元營業額","N/A"
"=""2454""","聯發科","525,000.0000","資料範疇：包含竹科/竹北/臺北/臺南辦公室","1.8721","公噸/百萬元營業額","N/A"
"=""2455""","全新","80,915.0000","平鎮廠及平鎮二廠","24.9661","公噸/百萬元營業額","N/A"
"=""2457""","飛宏","266,230.0000","飛宏科技(股)公司(PHT)/飛宏(東莞)電子有限公司(PHC)/東莞達宏電子有限公司(PHP)/越南飛宏有限公司(PHV)/馳諾瓦科技(股)公司(ZTM)/馳諾瓦科技(東莞)有限公司(ZCM)","24.4300","公噸/百萬元營業額","N/A"
"=""2458""","義隆","17,959.0000","義隆電子(新竹)、義晶、義碩 ","28.9200","公噸/人-年 ","N/A"
"=""2459""","敦吉","103,600.0000","母公司：敦吉科技股份有限公司。 子公司：敦吉檢測科技股份有限公司、信華科技(廈門)有限公司。","N/A","N/A","N/A"
"=""2460""","建通","N/A","N/A","N/A","N/A","N/A"
"=""2461""","光群雷","22,868.0000","母公司","13.6427","公噸/百萬元營業額","N/A"
"=""2462""","良得電","1,078.3200","範疇三","0.2646","公噸/百萬元營業額","N/A"
"=""2464""","盟立","50,269.0000","母公司","7.9932","公噸/百萬元營業額","N/A"
"=""2466""","冠西電","10,602.4400","母公司總公司、母公司宜蘭廠","20.5479","公噸/百萬元營業額","N/A"
"=""2467""","志聖","15,729.7000","各廠區自來水費帳單","N/A","N/A","N/A"
"=""2468""","華經","1,567.0000","已完成母公司","0.6977","公噸/百萬元營業額","N/A"
"=""2471""","資通","8,247.0000","包含合併財務報表之母子公司","N/A","N/A","N/A"
"=""2472""","立隆電","188,078.0000","立隆電子、立隆(蘇州)、立隆(惠州)、立隆(蘇州)科技","20.5957","公噸/百萬元營業額","N/A"
"=""2474""","可成","6,433,171.0000","母公司+重要營運據點(宿遷廠)","355.7300","公噸/百萬元營業額","ISO 14001"
"=""2476""","鉅祥","56,507.1000","鉅祥企業股份有限公司「新屋廠」桃園市新屋區九洲路1號、「新屋廠廠外宿舍」桃園市新屋區校前路143巷35,37號","34.6068","公噸/百萬元營業額","N/A"
"=""2477""","美隆電","1.6200","桃園市桃園區幸福路99號","0.0006","公噸/百萬元營業額","N/A"
"=""2478""","大毅","305.9080","2024全年度台灣廠區取水量統計","0.0016","公噸/產品","N/A"
"=""2480""","敦陽科","1,515.0000","新竹總公司","0.7907","公噸/百萬元營業額","N/A"
"=""2481""","強茂","343,572.0000","岡山廠","39.7000","公噸/百萬元營業額","N/A"
"=""2482""","連宇","4,446.0000","母公司","N/A","N/A","N/A"
"=""2483""","百容","44,181.0000","僅母公司","36.4607","公噸/百萬元營業額","N/A"
"=""2484""","希華","76,522.0000","母公司","38.1466","公噸/百萬元營業額","N/A"
"=""2485""","兆赫","47,569.0000","母公司(台北&新竹&嘉義)","14.3334","公噸/百萬元營業額","N/A"
"=""2486""","一詮","212,628.0000","母公司20240101~20241231","81.9713","公噸/百萬元營業額","N/A"
"=""2488""","漢平","6,220.0000","漢平電子台灣總部","0.0020","公噸/百萬元營業額","N/A"
"=""2489""","瑞軒","170,613,000.0000","母公司與部分合併報表子公司","0.0073","公噸/百萬元營業額","N/A"
"=""2491""","吉祥全","1,033.0000","統計資料涵蓋母子公司廠區","5.1400","公噸/百萬元營業額","N/A"
"=""2492""","華新科","N/A","N/A","0.0586","公噸/百萬元營業額","N/A"
"=""2493""","揚博","15,269.0000","合併報表內母子公司","4.1741","公噸/百萬元營業額","N/A"
"=""2495""","普安","11,200.0000","母公司","N/A","N/A","N/A"
"=""2496""","卓越","13,621.0000","本公司及重要子公司（陳立教育事業股份有限公司）","16.2963","公噸/百萬元營業額","N/A"
"=""2497""","怡利電","24,648.0000","僅母公司","11.2566","公噸/百萬元營業額","N/A"
"=""2498""","宏達電","84,588.0000","範圍以HTC台灣區域為主，涵蓋所有HTC在台灣執行營運的母子公司組織範疇","42.6243","公噸/平均每人/年","AA1000"
"=""2501""","國建","1,573.7266","僅母公司","0.1203","公噸/百萬元營業額","N/A"
"=""2504""","國產","180,540.0000","總公司、汐止廠、台中廠、台南廠","N/A","N/A","N/A"
"=""2505""","國揚","1,180.0000","台北總部辦公室及高雄辦事處。","N/A","N/A","N/A"
"=""2506""","太設","N/A","N/A","N/A","N/A","N/A"
"=""2509""","全坤建","1,011.0000","台北辦公室","0.8579","公噸/百萬元營業額","N/A"
"=""2511""","太子","276,895.0000","母公司","N/A","N/A","N/A"
"=""2514""","龍邦","1,368.0000","僅母公司","1.0846","公噸/百萬元營業額","N/A"
"=""2515""","中工","269,072.0000","母公司","11.8173","公噸/百萬元營業額","N/A"
"=""2516""","新建","88,356.0000","公司總部及全國各專案工程施工單位均列入統計範圍。","9.1822","公噸/百萬元營業額","N/A"
"=""2520""","冠德","1,841.1258","1841.1258","17.8750","ETC商業檢驗中心 ","溫盤14064的驗證"
"=""2524""","京城","323.0000","京城建設股份有限公司總部","0.0357","公噸/百萬元營業額","N/A"
"=""2527""","宏璟","86,285.0000","包含合併財報之境內母子公司 ","11.8768","公噸/百萬元營業額","N/A"
"=""2528""","皇普","1,125.0000","本公司","N/A","N/A","N/A"
"=""2530""","華建","19,682.8872","大華建設台北及台中辦公室、華建開發辦公室、工地區域","3.2293","公噸/百萬元營業額","確信準則3000號"
"=""2534""","宏盛","N/A","N/A","N/A","N/A","N/A"
"=""2535""","達欣工","95,867.0000","總部大樓及工地","6.5260","公噸/百萬元營業額","N/A"
"=""2536""","宏普","365.0000","台北市大安區敦化南路二段71號21樓","0.1490","公噸/百萬元營業額","N/A"
"=""2537""","聯上發","N/A","N/A","N/A","N/A","N/A"
"=""2538""","基泰","N/A","N/A","N/A","N/A","N/A"
"=""2539""","櫻花建","49,822.0000","本公司","0.0820","樓地板面積","N/A"
"=""2540""","愛山林","3,727.0000","台北辦公室","N/A","N/A","N/A"
"=""2542""","興富發","2,697.0000","母公司","0.1081","公噸/百萬元營業額","N/A"
"=""2543""","皇昌","147,555.0000","皇昌營造總部據點及各施工案場","11.8699","公噸/百萬元營業額","N/A"
"=""2545""","皇翔","N/A","N/A","N/A","N/A","N/A"
"=""2546""","根基","110,159.6149","公司總部及2024年全國在建工地自來水用量","7.7391","公噸/百萬元營業額","N/A"
"=""2547""","日勝生","1,702.0000","母公司","14.2000","公噸/百萬元營業額","N/A"
"=""2548""","華固","932.0000","總公司7樓辦公區域","13.1300","公噸/公司內業人數","N/A"
"=""2597""","潤弘","100,247.0000","(1) 台北總公司辦公室：台北市中山區八德路二段10樓、12樓(潤弘精密工程事業股份有限公司及潤陽營造股份有限公司) (2) 楊梅預鑄廠：桃園市楊梅區泰圳路1442號 (3)工地","5.0600","立方公尺/百萬營收","N/A"
"=""2601""","益航","1,061,710.0000","益航+大洋商業集團","218.9093","公噸/百萬元營業額","N/A"
"=""2603""","長榮","450,457.1738","已完成合併財務報表之母子公司","0.9717","公噸/百萬元營業額","N/A"
"=""2605""","新興","29,097.0000","已完成母公司及部分子公司之盤查 ","409.8200","公噸/百萬元營業額","N/A"
"=""2606""","裕民","1.3169","船舶艙底水及排泄汙水","0.0000","公噸/千元營業額","ISO 14001"
"=""2607""","榮運","76,164.0000","長榮國際儲運股份有限公司營運場址","N/A","N/A","N/A"
"=""2608""","嘉里大榮","140,730.0000","母公司全組織","14.1400","公噸/百萬元營業額","N/A"
"=""2609""","陽明","306,793.0000","母公司陸地據點含貨櫃場及營運船舶","1.3776","公噸/百萬元營業額","N/A"
"=""2610""","華航","124,017.0000","華航園區、修護廠區、松山園區、台北分公司","0.7079","公噸/百萬元營業額","ISAE 3000"
"=""2611""","志信","0.6290","已完成母公司。","N/A","N/A","N/A"
"=""2612""","中航","11,609.0000","本公司統計數據涵蓋海運、陸運、倉儲物流及商用車等合併公司","N/A","N/A","N/A"
"=""2613""","中櫃","22,110.0000","中櫃公司之五堵、台中站、臺運實業。","6.7300","公噸/百萬元營業額","N/A"
"=""2614""","東森","23,204.0000","已完成母公司","14.9718","公噸/百萬元營業額","N/A"
"=""2615""","萬海","282,330.0000","合併財務報表之母子公司 ","1.7400","公噸/百萬元營業額","N/A"
"=""2616""","山隆","124.1166","母公司","0.0114","公噸/百萬元營業額","N/A"
"=""2617""","台航","1,500.0000","母公司據點","0.3409","公噸/百萬元營業額","N/A"
"=""2618""","長榮航","158.5900","僅母公司","0.7300","自來水度數/樓地板面積(m2)","N/A"
"=""2630""","亞航","48,454.0000","松山廠、台中廠、台南廠(含歸仁場站)、屏東廠、空勤外站(高雄、花蓮、台東機場)、停機線維修(桃園、台中、台南、高雄機場)","9.3179","公噸/百萬元營業額","N/A"
"=""2633""","台灣高鐵","743,719.0000","基地及車站","0.0095","度/旅次","N/A"
"=""2634""","漢翔","1,499,363.0000","母公司(台中廠區、沙鹿廠區、岡山廠區)","38.2000","公噸/百萬元營業額","N/A"
"=""2636""","台驊控股","N/A","N/A","N/A","N/A","N/A"
"=""2637""","慧洋-KY","1,809.0000","母公司總部辦公大樓","11.1667","公噸/員工人數","N/A"
"=""2642""","宅配通","62,607.0000","已完成合併財務報表之母子公司","N/A","N/A","N/A"
"=""2645""","長榮航太","231,800.0000","長榮航太母公司(不包含松山駐點維修站)","0.0080","百萬公升/百萬元營收","N/A"
"=""2646""","星宇航空","133,680.0000","2024年統計範圍星宇航空全球營運據點，包含臺灣新增之辦公室據點，以及海外10處分公司及其營運據點。","0.0040","百萬公升/百萬元營業額","N/A"
"=""2701""","萬企","57,700.0000","以萬華企業為主體","198.9700","公噸/百萬元營業額","N/A"
"=""2702""","華園","11,667.0000","華園飯店股份有限公司（華園飯店）及華園開發股份有限公司","N/A","N/A","N/A"
"=""2704""","國賓","135,035.0000","台北館、新竹館","103.7135","公噸/百萬元營業額","N/A"
"=""2705""","六福","1,004,950.0000","母公司","432.3327","公噸/百萬元營業額","N/A"
"=""2706""","第一店","17,110.0000","本公司以下營運據點：第一華僑大飯店股份有限公司","48.0780","公噸/百萬元營業額","N/A"
"=""2707""","晶華","931,389.0000","母公司+子公司","165.6392","公噸/百萬元營業額","N/A"
"=""2712""","遠雄來","150,399.2777","母公司","423.6599","公噸/百萬元營業額","N/A"
"=""2722""","夏都","208,064.0000","包含合併財務報表之母子公司","329.5035","公噸/百萬元營業額","N/A"
"=""2723""","美食-KY","140.5600","同永續報告書","N/A","N/A","N/A"
"=""2727""","王品","2,252,180.0000","合併財務報表之台灣地區公司","125.1281","公噸/百萬元營業額","確信準則3000號"
"=""2731""","雄獅","21,688.0000","母公司。","0.7991","公噸/百萬元營業額","N/A"
"=""2739""","寒舍","878,362.0000","母公司","174.6000","公噸/百萬元營業額","N/A"
"=""2748""","雲品","348,122.0000","總管理處、君品酒店、雲品溫泉酒店、頤品大飯店。","142.4600","公噸/百萬元營業額","N/A"
"=""2753""","八方雲集","317,359.9294","水資源統計涵蓋據點包含台灣地區的各倉儲、廠區、辦公室及直營門市。","6.3949","公噸/產品","N/A"
"=""2762""","世界健身-KY","2,804,744.0000","母公司暨子公司至2024年12月31日止最後一間開幕會所：土城海山。","285.7610","公噸/百萬元營業額","N/A"
"=""2801""","彰銀","134,728.3341","國內、外及子公司全數營業據點","3.2217","公噸/百萬元營業額","ISO 46001"
"=""2812""","台中銀","55,840.0000","母公司全行各單位","N/A","N/A","N/A"
"=""2816""","旺旺保","13.9920","總公司及分公司及其所轄單位","11.9000","公噸/服務","N/A"
"=""2820""","華票","2,395.0000","本公司所屬行業別為票券金融業，數據邊界範圍為總公司及5 間分公司營業據點，涵蓋範圍包括所使用辦公樓層，盤查涵蓋範圍為100%。","1.0700","公噸/百萬元營業額","N/A"
"=""2832""","台產","12,609.0000","總分公司","1.7178","公噸/百萬元營業額","環保署飲用水水質標準"
"=""2834""","臺企銀","117,856.6000","合併財務報表母子公司","3.4550","公噸/百萬元營業額","ISO 14064-1"
"=""2836""","高雄銀","23.2265","高雄銀行全行據點","0.0053","公噸/百萬元營業額","N/A"
"=""2838""","聯邦銀","81,444.9544","已完成合併財務報表之母子公司","4.1078","公噸/百萬元營業額","N/A"
"=""2845""","遠東銀","66,231.0000","已完成合併財務報表之母子公司","24.9900","人均","N/A"
"=""2849""","安泰銀","40,490.0000","已完成母公司(安泰商業銀行股份有限公司53個據點)","7.3038","公噸/百萬元營業額","ISAE3410"
"=""2850""","新產","6,473.6630","總公司+新竹分公司","0.8372","公噸/百萬元營業額","N/A"
"=""2851""","中再保","3,385.0000","已完成母公司","0.1479","公噸/百萬元營業額","N/A"
"=""2852""","第一保","7,270.0000","總公司","8.6137","公噸/員工人數(人)","N/A"
"=""2855""","統一證","34,668.0000","總公司及分公司","2.8830","公噸/百萬元營業額","ISO 14064-3"
"=""2867""","三商壽","8.1352","全公司","0.5945","公噸/百萬元營業額","N/A"
"=""2880""","華南金","288,116.0000","已完成合併財務報表之母子公司","24.9106","公噸/人","ISO 46001"
"=""2881""","富邦金","554,285.2345","富邦金控、富邦人壽、台北富邦銀行、富邦產險、富邦證券、富邦銀行（香港）、富邦證券投資信託、富邦華一銀行、富邦期貨、富邦育樂、富邦運動場館、北富銀創投、富邦證券投資顧問、富邦私募股權、富邦財產保險（廈門）、富邦綜合保險代理人、富邦金控創業投資、富邦資產管理、富邦現代生命保險、富邦基金管理（香港）。","13.2649","公噸/員工人數","N/A"
"=""2882""","國泰金","731,639.1284","包含集團(金控、人壽、銀行、產險、證券、投信、投顧、創投、期貨、私募、電業)之國內據點，以及部份海外分支機構數據","16.2760","人均用水量，度/人 (度/總員工數)","ISO 46001"
"=""2883""","凱基金","225,500.0000","凱基金控及其子公司全球所有營運據點（ 除凱基證券海外據點及清算中的凱基銀行海外據點－中華開發國際租賃)","0.0000","公噸/百萬元營業額","其他"
"=""2884""","玉山金","236,647.7482","包含母公司個體之海內外營運據點","3.1079","公噸/百萬元營業額","ISO 14046"
"=""2885""","元大金","178,890.0000","本公司及旗下所有子公司合計327 處營運據點","625.0400","公升/平方公尺","ISO 14046"
"=""2886""","兆豐金","195,970.0000","全臺營運據點 ","20.8200","度/人","ISAE 3000"
"=""2887""","台新金","240,852.0000","合併財務報表之母子公司，排除15家無法拆分用水量之銀行分行、台新融資租賃(中國)及其他海外辦公據點","2.7809","公噸/百萬元營業額","N/A"
"=""2889""","國票金","27,023.0500","2024年度盤查邊界包括國票金融控股公司、國票創業投資股份有限公司、國票證券投資顧問股份有限公司、國票證創業投資股份有限公司、國票期貨股份有限公司、國票綜合證券股份有限公司、國際票券金融股份有限公司、國票金租賃股份有限公司、國旺國際融資租賃有限公司、IBF Financial Holding (BVI) Co., Ltd.等共計49據點。因樂天網銀不在國票金控合併財報內，為符合金管會要求，故將樂天網銀移出組織邊界外","3.2900","公噸/百萬元營業額","N/A"
"=""2890""","永豐金","171,417.0000","金控及旗下5家主要子公司（永豐銀行、永豐金證券、永豐投信、永豐金租賃、永豐創業投資)之國內外所有營運據點納入統計範疇(與合併財報數據邊界一致)","15.8800","公噸/總人數","AA1000 ASv3第二類型高度保證等級"
"=""2891""","中信金","514,256.0000","中信金控、中信銀行(含海外分行及新增美、泰、菲、日子行)、台灣人壽(含中信產險) 、台灣彩券、中信證券(含中信證投顧及中信證創投)、中信投信、中信創投(含中信育樂、中信資本、和順興)、中信資產、中信保全、中信資融。","18.8600","立方米/人","ISO 46001,ISO14064-1"
"=""2892""","第一金","235,450.0000","第一銀行、第一金證券、第一金投信、第一金人壽及第一金AMC之國內全數分支機構及第一銀行海外營運據點。","3.2647","公噸/百萬元營業額","N/A"
"=""2897""","王道銀行","18,840.0000","包含母公司個體之全球營運據點","2.4200","公噸/百萬元營業額","N/A"
"=""2901""","欣欣","16,325.0000","已完成母公司","22.1976","公噸/百萬元營業額","N/A"
"=""2903""","遠百","N/A","N/A","N/A","N/A","N/A"
"=""2904""","匯僑","7,029.0000","臺中港西二槽區及西五槽區","14.2856","公噸/百萬元營業額","N/A"
"=""2905""","三商","2,087.0000","母公司","0.0100","公噸/百萬元營業額","N/A"
"=""2906""","高林","7,593.2775","用水管理之盤查邊界涵蓋總部辦公室、樹林物流中心與全台G2000 19 家具營運控制權之門市。","N/A","N/A","委託正大聯合會計師事務所依據中華民國確信準則公報第3000號對本報告特定項 目進行有限確信，確信報告請參閱本報告書附錄之會計師有限確信報告。"
"=""2908""","特力","14,356.0000","特力股份有限公司","0.8251","公噸/百萬元營業額","N/A"
"=""2910""","統領","N/A","N/A","N/A","N/A","N/A"
"=""2911""","麗嬰房","0.5486","辦公室主要一般用水","N/A","N/A","N/A"
"=""2912""","統一超","4,092,852.3000","母公司","499.3500","度/門市","中華民國確信準則3000號"
"=""2913""","農林","562,877.5000","台灣農林2024年統計各分公司使用水量，範疇包括苗栗分公司、南投分公司、屏東老埤茶 廠、大溪老茶廠、銅鑼茶廠、企總小舖以及鹿篙咖啡莊園 註：屏東老埤農場及鹿篙咖啡莊園抽取地下水使用，揭露數據為抽取地下水水量。 ","N/A","N/A","N/A"
"=""2915""","潤泰全","14,040.7000","母公司","4.8500","公噸/百萬元營業額","N/A"
"=""2923""","鼎固-KY","838,714.0000","包含母子公司主要項目據點、上海打浦橋日月光中心、上海嘉定日月光中心、上海嘉定日月光辦公樓、上海御華山以及重慶日月光中心。","97.9400","公噸/百萬元營業額","N/A"
"=""2929""","淘帝-KY","1,639.0000","福州總部","0.7731","公噸/百萬元營業額","N/A"
"=""2939""","永邑-KY","N/A","N/A","N/A","N/A","N/A"
"=""2945""","三商家購","126,203.7582","統計範圍包含三商家購總部、物流中心及納入能取得水單之門市(美廉社及心樸市集)及子公司門市(寵物好事及特美事)","N/A","N/A","N/A"
"=""3002""","歐格","930.0000","母公司","2.6111","公噸/百萬元營業額","N/A"
"=""3003""","健和興","64,650.0000","彰濱線西總廠、南二廠、彰濱三廠、金屬表面處理廠","21.6269","公噸/百萬元營業額","N/A"
"=""3004""","豐達科","127,740.0000","母公司各廠區","41.0911","公噸/百萬元營業額","N/A"
"=""3005""","神基","629,870.6535","資料範圍涵蓋神基控股暨合併財務報表之八家重要子公司，覆蓋率達合併營收約90%。","17.6591","公噸/百萬元營業額","AA1000 Type2中度保證"
"=""3006""","晶豪科","22,182.0000","竹科總部、台北辦公室","38.1100","人均用水量","N/A"
"=""3008""","大立光","1,143,007.0000","精密機械園區之廠區(LP5、6、7)","25.0934","公噸/百萬元營業額","N/A"
"=""3010""","華立","7,845.3000","母公司華立及子公司全順､國軒","0.0160","公噸/百萬元營業額","N/A"
"=""3011""","今皓","44,751.1217","本公司以下營運據點：今晧實業股份有限公司、今皓光電(崑山)有限公司、泰國廠  J.B.T Industrial Co., Ltd. (J.B.T)","38.9075","公噸/百萬元營業額","N/A"
"=""3013""","晟銘電","388,708.0000","包含合併財務報表之母子公司","N/A","N/A","N/A"
"=""3014""","聯陽","13.1680","用量統計範圍為新竹區辦公室；用水量以當月水費單之80%來計算。 ","0.0020","公噸/百萬元營業額","N/A"
"=""3015""","全漢","217,409.0000","時間為2024年1⽉1⽇~12⽉31⽇；廠區包含全漢企業股份有限公司總部、桃⼆廠區與桃三廠、全漢企業股份有限公司⾼雄分公司、輝⼒廠、仲漢電⼦(深圳)有限公司、深圳市眾漢科技有限公司福永廠、無錫全漢科技有限公司、東莞普特、善元科技","18.7400","公噸/百萬元營業額","N/A"
"=""3016""","嘉晶","668,559.8000","邊界為嘉晶主要生產製造廠區。(嘉積廠於2024.11.26取得工廠登記證，故以上數字並未含嘉積廠)。","162.7668","公噸/百萬元營業額","N/A"
"=""3017""","奇鋐","1,921,857.0000","包含合併報表所有公司，除富世達為上市公司單獨出具相關報告。","26.7800","公噸/百萬元營業額","N/A"
"=""3018""","隆銘綠能","N/A","N/A","N/A","N/A","N/A"
"=""3019""","亞光","96,917.5900","台灣廠區","4.2052","公噸/百萬元營業額","N/A"
"=""3021""","鴻名","1,773.0000","臺北總公司及泰山工廠。","2.0600","公噸/百萬元營業額","N/A"
"=""3022""","威強電","7,714.0000","已完成母公司","1.7421","公噸/百萬元營業額","N/A"
"=""3023""","信邦","59,970.0000","本公司、100%持股子公司","1.8100","公噸/百萬元營業額","N/A"
"=""3024""","憶聲","N/A","N/A","N/A","N/A","N/A"
"=""3025""","星通","8,335.3000","合併財務報表之母公司","N/A","N/A","N/A"
"=""3026""","禾伸堂","266,153.9095","臺北總公司、桃園龍潭一廠、桃園龍潭二廠、宜蘭利澤工廠","20.0834","公噸/產品","N/A"
"=""3027""","盛達","204.2000","盛達宜蘭廠","0.0072","公噸/百萬元營業額","N/A"
"=""3028""","增你強","4,633.0000","台北總公司、新竹、台中及高雄營運據點","0.3342","公噸/百萬元營業額","N/A"
"=""3029""","零壹","N/A","N/A","N/A","N/A","N/A"
"=""3030""","德律","16,857.0000","台北據點+林口據點+竹北據點","2.6522","公噸/百萬元營業額","N/A"
"=""3031""","佰鴻","119,760.0000","已完成合併財務報表之母子公司","101.6640","公噸/百萬元營業額","N/A"
"=""3032""","偉訓","N/A","N/A","N/A","N/A","N/A"
"=""3033""","威健","4,586.0000","母公司台灣營業據點","0.1029","公噸/百萬元營業額","N/A"
"=""3034""","聯詠","115,653.0000","已完成合併財務報表之母子公司","1.1148","公噸/百萬元營業額","N/A"
"=""3035""","智原","20,758.3200","僅⺟公司(新⽵營運據點、台北及台南辦公室)為統計邊界","1.8800","公噸/百萬元營業額","AA1000 (高度保證)"
"=""3036""","文曄","12,281.0000","台灣區中和總部辦公室","0.0007","單位面積用水量(百萬公升/ m2）","依據AA1000保證標準V3為中度保證等級"
"=""3037""","欣興","33,807,096.0000","母公司及部分子公司","223.8100","公噸/百萬元營業額","N/A"
"=""3038""","全台","204,719.0000","母公司及東莞廠","47.6900","公噸/KPCS","N/A"
"=""3040""","遠見","334.9600","本集團","2.4272","公噸/百萬元營業額","N/A"
"=""3041""","揚智","5,554.0000","僅母公司","3.4115","公噸/百萬元營業額","N/A"
"=""3042""","晶技","360,400.0000","平鎮廠","0.0367","百萬公升/百萬元營業額","確信準則3000號「非屬歷史性財務資訊查核或核閱之確信案件」(係參考國際確信準則ISAE 3000 Revised訂定)進行獨立有限確信。"
"=""3043""","科風","5,359.0000","本廠與家美廠","N/A","N/A","N/A"
"=""3044""","健鼎","23,184,712.0000","包含合併財務報告子公司","272.0000","公噸/百萬元營業額","Alliance for Water Stewardship Platinum Level / AWS可持續水管理認證白金等級"
"=""3045""","台灣大","251,910.0000","含合併財務報表之母子公司共29家","N/A","N/A","N/A"
"=""3046""","建碁","196.0000","含合併財務報表之母子公司","0.0282","公噸/百萬元營業額","N/A"
"=""3047""","訊舟","8,480.0000","母公司(台北總公司)","3.2429","公噸/百萬元營業額","N/A"
"=""3048""","益登","2,919.0000","總公司設於商業辦公大樓內，依自來水公司憑據計算；桃園倉庫則設有獨立水表，並加計公共用水分攤","N/A","N/A","N/A"
"=""3049""","精金","293.9370","精金科技公司的取水來源皆為台灣自來水公司供應之自來水（曾文-烏山頭水庫），主要用途為一般生活用水與製程用水。","N/A","N/A","N/A"
"=""3050""","鈺德","32.3780","僅母公司","N/A","N/A","N/A"
"=""3051""","力特","194,528.0000","母公司","103.0670","公噸/百萬元營業額","N/A"
"=""3052""","夆典","1,070.0000","範圍為企業總部(新北市新民街)辦公處所。","0.0005","百萬公升 / 營業收入(百萬元)","企業總部(新北市新民街)溫室氣體盤查範疇三確信項目中包含用水造成的排放。"
"=""3054""","立萬利","N/A","N/A","N/A","N/A","N/A"
"=""3055""","蔚華科","12,648.0000","蔚華總公司辦公大樓(蔚華科技及子公司思衛科技)","18.7858","公噸/百萬元營業額","N/A"
"=""3056""","富華新","74,459.0000","資料涵蓋母公司及子公司總太營造","N/A","N/A","N/A"
"=""3057""","喬鼎","4,453.0000","母公司","7.7714","公噸/百萬元營業額","N/A"
"=""3058""","立德","143,747.0000","集團主要營運據點","45.9000","公噸/百萬元營業額","N/A"
"=""3059""","華晶科","25,012.0000","新竹總部、台北辦公室","N/A","N/A","N/A"
"=""3060""","銘異","52,078.0000","僅母公司桃園市龜山區範疇","N/A","N/A","N/A"
"=""3062""","建漢","24.7600","台灣總部與越南製造中心","0.0070","公噸/百萬元營業額","N/A"
"=""3090""","日電貿","1,411.3700","盤查範圍為日電貿公司(僅母公司)/新店、中和","0.8060","公噸/百萬元營業額","N/A"
"=""3092""","鴻碩","69,542.0000","合併財務報表-重要子公司-鴻碩精密電工(湖北)有限公司","35.9762","公噸/百萬元營業額","ISO 46001"
"=""3094""","聯傑","4,736.0000","母公司","32.4673","公噸/百萬元營業額","N/A"
"=""3130""","一零四","9,903.0000","包含新店總公司","10.5500","度/每人-每年","N/A"
"=""3138""","耀登","2,398.0000","母公司","17.7407","公噸/人","N/A"
"=""3149""","正達","155,237.0000","母公司(包含出租廠房之用水量)","246.8100","公噸/百萬元營業額","N/A"
"=""3150""","鈺寶-創","313.0000","已完成母公司","0.9100","公噸/百萬元營業額","N/A"
"=""3164""","景岳","N/A","N/A","317.6132","公噸/產品","N/A"
"=""3167""","大量","3,553.9000","僅母公司","N/A","N/A","N/A"
"=""3168""","眾福科","51.2489","眾福科技股份有限公司（含桃園工廠）及眾福科技（蘇州）股份有限公司為揭露範疇","0.0150","公噸/百萬元營業額","N/A"
"=""3189""","景碩","6,543,173.6400","石磊廠、清華廠、新豐廠、幼獅廠","1,023.6737","公升/片","N/A"
"=""3209""","全科","1,943.0000","本公司營運總部。","0.0423","公噸/百萬元營業額","N/A"
"=""3229""","晟鈦","51,071.1070","合併財務報表之母子公司","55.6330","公噸/百萬元營業額","N/A"
"=""3231""","緯創","2,487,960.7200","邊界包括緯創資通股份有限公司、製造廠區性質之子公司以及專業投資/控股事業，與前一報告期間相較，新增納入所有售後服務據點性質之子公司。","3.6000","千公噸取水／十億元新台幣； ","AA1000AS:2018 / Type II / High Assurance標準"
"=""3257""","虹冠電","1,583.4600","母公司","1.9149","公噸/百萬元營業額","N/A"
"=""3266""","昇陽","1.2400","總公司辦公區域","0.0163","公噸/人","N/A"
"=""3296""","勝德","21,086.6667","採營運控制權法定義 包含勝德國際研發股份有限公司、東莞詮盛電器有限公司、勝興(越南-海陽)科技責任有限公司","N/A","N/A","ISO14001"
"=""3305""","昇貿","19,713.6785","本公司以下營運據點：昇貿科技股份有限公司","7.8124","公噸/百萬元營業額","N/A"
"=""3308""","聯德","N/A","N/A","N/A","N/A","N/A"
"=""3311""","閎暉","36,160.0000","母公司","31.7337","公噸/百萬元營業額","N/A"
"=""3312""","弘憶股","N/A","N/A","N/A","N/A","N/A"
"=""3321""","同泰","262,300.0000","母公司","200.0000","公噸/百萬元營業額","N/A"
"=""3338""","泰碩","N/A","N/A","N/A","N/A","N/A"
"=""3346""","麗清","11.2620","母公司 (中和廠辦及觀音廠 2024.1.1~2024.12.31)","4.0501","公噸/百萬元營業額","N/A"
"=""3356""","奇偶","5,083.0000","內湖總公司、港墘辦公室、汐止辦公室及廠房","7.9174","公噸/百萬元營業額","N/A"
"=""3376""","新日興","3,410,480.0000","新日興及海外子公司","25.3000","公噸/百萬元營業額","N/A"
"=""3380""","明泰","N/A","N/A","N/A","N/A","N/A"
"=""3406""","玉晶光","N/A","N/A","N/A","N/A","N/A"
"=""3413""","京鼎","310,431.0000","全廠區(台灣+海外)","0.0189","ton/營收(千元) ","N/A"
"=""3416""","融程電","1,500.3587","母公司","0.5330","公噸/百萬元營業額","ISAE 3000 "
"=""3419""","譁裕","10,327.0000","台灣(新竹總部、鳳山製造中心)","8.2484","公噸/百萬元營業額","N/A"
"=""3432""","台端","N/A","N/A","N/A","N/A","N/A"
"=""3437""","榮創","47,627.0000","母公司(湖口/四維廠區)","25.8535","公噸/百萬元營業額","N/A"
"=""3443""","創意","17.2350","母公司新竹總部","33.4000","使用量(度)/員工數","N/A"
"=""3447""","展達","144,699.4000","母公司(台北總部)、合併財務報表之子公司(蘇州工廠、泰國工廠)","56.5600","公噸/百萬元營業額","N/A"
"=""3450""","聯鈞","8,190.0000","母公司","N/A","N/A","N/A"
"=""3481""","群創","N/A","N/A","69.7460","公噸/百萬元營業額","其他"
"=""3494""","誠研","N/A","N/A","N/A","N/A","N/A"
"=""3501""","維熹","98,212.5500","合併財務報表之母子公司(不含美日子公司)","16.5800","公噸/百萬元營業額","N/A"
"=""3504""","揚明光","61,607.0000","新竹科學園區新安路7號地下1樓至3樓","28.7492","公噸/百萬元營業額","N/A"
"=""3515""","華擎","5,337.0000","母公司(台灣)","16.3000","員工人均用水量","N/A"
"=""3518""","柏騰","N/A","N/A","N/A","N/A","N/A"
"=""3528""","安馳","N/A","N/A","N/A","N/A","N/A"
"=""3530""","晶相光","N/A","N/A","N/A","N/A","N/A"
"=""3532""","台勝科","0.0040","母公司","0.3600","ml/千片","ISO 46001"
"=""3533""","嘉澤","668,190.0000","本公司廣州廠、中山廠、蘇州廠、越南廠","22.2000","公噸/百萬元營業額","N/A"
"=""3535""","晶彩科","4,898.0000","總公司","7.5100","公噸/百萬元營業額","N/A"
"=""3543""","州巧","163,515.0000","新竹、台南、蘇州、廈門、越南","0.0375","公噸/百萬元營業額","N/A"
"=""3545""","敦泰","N/A","N/A","N/A","N/A","N/A"
"=""3550""","聯穎","1,416.8400","本公司台灣營運範圍(新北市中和區建八路16號4樓)","6.4390","公噸/百萬元營業額","N/A"
"=""3557""","嘉威","418,320.0000","母公司及大陸子公司","73.0700","公噸/百萬元營業額","N/A"
"=""3563""","牧德","4,628.0717","新竹市工業東二路2~3號","2.8904","公噸/百萬元營業額","N/A"
"=""3576""","聯合再生","325,190.0000","自來水單","75.6000","公噸/百萬元營業額","N/A"
"=""3583""","辛耘","465,000.0000","湖口廠","48.0000","公噸/百萬元營業額","N/A"
"=""3588""","通嘉","4,483.8400","母公司","2.2000","用水度數/人/月","N/A"
"=""3591""","艾笛森","73,565.0000","母公司及全球生產基地","28.7500","公噸/百萬元營業額","N/A"
"=""3592""","瑞鼎","11,669.0000","母公司 ","12.6700","人均用水量","N/A"
"=""3593""","力銘","53,670.0000","涵蓋力銘臺灣總公司、蘇州隆登、蘇州瑞登資訊，力銘總公司無製程用水僅有生活用水使用自來水，由關係企業提供，不需支付水費","0.0001","取水量(百萬公升)/營業額(仟元","N/A"
"=""3596""","智易","112,440.0000","1.智易科技股份有限公司 2.仁寶網路資訊(昆山)有限公司 3.Arcadyan Technology (Vietnam) Co., Ltd.","2.0962","人均用水量","N/A"
"=""3605""","宏致","345,304.8900","【母公司】宏致電子股份有限公司、【合併財務報表之(部分)子公司】廣迎新工業股份有限公司、龍翰科技股份有限公司、志展實業股份有限公司、香港商創世紀有限公司台灣分公司、昆山宏致電子有限公司、蘇州市加利斯精密金屬工藝製品有限公司、蘇州龍翰電子有限公司、東莞宏致電子有限公司、東莞奇翰電子有限公司、東莞廣迎五金塑膠製品有限公司、菲律賓龍翰股份有限公司、宏致精密責任有限公司","25.4700","公噸/百萬元營業額","N/A"
"=""3607""","谷崧","8,672.0000","母公司","8.8118","公噸/百萬元營業額","N/A"
"=""3617""","碩天","96,577.6120","母公司、中國及菲律賓部份子公司(東莞市碩擎能源科技有限公司、碩擎能源科技（深圳）有限公司、碩天電源（深圳）有限公司、碩達電子（深圳）有限公司、廣升電子（深圳）有限公司、寧遠縣碩寧電子有限公司、Cyber Power Systems Manufacturing, Inc.與 Phisonic Technology Corporation)","1.0422","母公司：1.0422 公噸 CO₂e/百萬營業額；中國及菲律賓部份子公司：28.8643 公噸 CO₂e/百萬營業額","N/A"
"=""3622""","洋華","8,948.0000","母公司","5.6741","公噸/百萬元營業額","N/A"
"=""3645""","達邁","202.9556","母公司","0.1208","公噸/產品","ISO 46001"
"=""3652""","精聯","6,813.4800","母公司","3.2741","公噸/百萬元營業額","N/A"
"=""3653""","健策","1,058,984.0000","母公司 ","79.4675","公噸/百萬元營業額","ISO 14001"
"=""3661""","世芯-KY","2,043.2000","台北及新竹營運據點","15.0200","水資源年度使用量(度)/工作者人數"," AA1000AP(2018)"
"=""3665""","貿聯-KY","452,727.0000","統計範圍涵蓋集團35個生產據點:昆山貿聯廠、昆山翔光廠、常州廠、常州BCNC廠、深圳通盈廠、翔耀廠、康聯廠、廈門新視廠、百事聯廠、佛山城鉞廠、台灣台南廠、新加坡加冷廠、馬來西亞柔佛廠、馬來西亞檳城廠、加州廠、密西根廠、德州廠、墨西哥廠、加拿大廠、塞爾維亞廠、斯洛伐克廠、德國廠、法國廠、捷克廠、義大利廠、印尼巴淡廠。","8.3714","公噸/百萬元營業額","N/A"
"=""3669""","圓展","23,781.0000","母公司 ","9.1114","公噸/百萬元營業額","N/A"
"=""3673""","TPK-KY","2,541,904.5886","包含合併財務報表之母子公司","36.9068","公噸/百萬元營業額","N/A"
"=""3679""","新至陞","199.8060","新至陞現行水資源管理範疇邊界為實質營運地區為台北廠、昆山廠及越南廠","0.0470","公噸/百萬元營業額","N/A"
"=""3686""","達能","122.1900","包含合併財務報表之母子公司","1.4804","公噸/百萬元營業額","N/A"
"=""3694""","海華","89,868.0000","紘華(上海)","144.4800","立方公尺/員工人數","N/A"
"=""3701""","大眾控","178.1138","台灣地區: 包含大眾投控(母公司)、大眾電腦、眾晶科技、3CEMS Corp.（Cayman）、攸泰科技、睿剛電訊、廣仁電科 中國大陸地區: 包含廣上科技、才眾電腦","0.0042","公噸/百萬元營業額","N/A"
"=""3702""","大聯大","51,706.0000","辦公區域統計範圍：包含台灣地區（臺北、高雄、新竹）、中國大陸（含外點：香港、深圳、上海、成都、杭州、寧波、西安、合肥、青島、廈門，共10城市）、其他海外地區含韓國、新加坡、檳城（大山腳、峇六拜）、Kuala Lumpur吉隆坡、Bangkok曼谷、Manila馬尼拉，共7城市。 物流倉庫統計範圍：臺灣地區（林口）、中國大陸（東莞、香港）。","12.6020","公噸/資料邊界各據點員工合計數","依照確信準則3000號「非屬歷史性財務資訊查核或核閱之確信案件」進行有限確信驗證，指標揭露內容參照GRI 303-3：2018 取水量"
"=""3703""","欣陸","346,967.7771","母公司及主要營運子公司","11.3014","公噸/百萬元營業額","ISO 14001，驗證範圍：淡水水資源回收中心、鳳山水資源中心、安平水資源中心、臨海水資源中心"
"=""3704""","合勤控","151.9800","合勤投控及其子公司合勤科技、兆勤科技及盟創科技於台灣廠區","5.8500","公噸/百萬元營業額","N/A"
"=""3705""","永信","309,534.0000","永信藥品工業股份有限公司之幼獅廠(含二、三廠)及頂店廠、永鴻國際生技股份有限公司之新竹廠、CARLSBAD TECHNOLOGY INC.、CHEMIX Inc.","38.5376","公噸/百萬元營業額","N/A"
"=""3706""","神達","440,690.0000","神達控股股份有限公司 (母公司)，神達電腦股份有限公司，神雲科技股份有限公司，神達數位股份有限公司，昆達電腦科技（昆山）有限公司，璽達信息科技(昆山)有限公司，佛山市順德區順達電腦廠有限公司，MiTAC Information Systems Corp.","7.1820","公噸/百萬元營業額","AA1000"
"=""3708""","上緯投控","21,076.0000","上緯興業股份有限公司、上偉碳纖複合材料股份有限公司、旺來企業股份有限公司、磁震科技開發股份有限公司","2.6780","公噸/百萬元營業額","N/A"
"=""3711""","日月光投控","21,886,295.3000","日月光半導體製造股份有限公司高雄廠、中壢廠、無錫廠、上海材料廠、上海月芯半導體、日本廠、韓國廠、新加坡廠、馬來西亞廠、ISE Labs、矽品精密工業股份有限公司大豐廠、中山廠、中科廠、二林廠、中工廠、新竹廠、彰化廠、蘇州廠、環電股份有限公司南投廠、張江廠、昆山廠、金橋廠、惠州廠、蘇州廠、墨西哥廠、越南廠。","36.7589","公噸/百萬元營業額","取證廠區：日月光半導體製造股份有限公司高雄廠、中壢廠、矽品精密工業股份有限公司大豐廠、中山廠、中科廠"
"=""3712""","永崴投控","143.6886","永崴含子公司:勁永國際股份有限公司、崴強科技股份有限公司、光燿科技股份有限公司及富崴廠、耀崴廠、富康廠、富彰廠、中旋實業有限公司。","0.0197","公噸/百萬元營業額","N/A"
"=""3714""","富采","2,975,000.0000","包含：富采、晶元光電、隆達電子、晶成半導體、晶品光電(常州)、晶宇光電(廈門)、江蘇璨揚光電、達亮電子(滁州)","12.1976","公噸/百萬元營業額","N/A"
"=""3715""","定穎投控","41,774,615.0000","包含合併財務報表之母子公司","299.0001","公噸/百萬元營業額","AWS"
"=""3716""","中化控股","300,412.0000","中化控股公司、中化製藥公司7座工廠及研究中心","66.7804","公噸/百萬元營業額","N/A"
"=""4104""","佳醫","2,035.0000","僅母公司","0.3846","公噸/百萬元營業額","N/A"
"=""4106""","雃博","7,889.0000","母公司(土城廠)","8.5286","公噸/百萬元營業額","N/A"
"=""4108""","懷特","14,860.7800","台北總公司、楊梅精製廠","N/A","N/A","N/A"
"=""4119""","旭富","281,942.0000","僅母公司 ","185.0331","公噸/百萬元營業額","N/A"
"=""4133""","亞諾法","4,775.0000","資料涵蓋範圍: 合併公司113年用水量及之廢棄物量資料涵蓋範圍包含亞諾法各營運據點(台北總公司及中壢青埔廠)，因合併子公司皆無實質營運據點及員工，故無產生用水及廢棄物。113年為基準年。(合併公司所使用之水源來自於臺灣自來水公司，未取用地下水或其他水源。)","N/A","N/A","N/A"
"=""4137""","麗豐-KY","11,836.0000","本集團子公司暨供應鏈-微碩（上海）日用品有限公司","N/A","N/A","N/A"
"=""4142""","國光生","160,650.0000","台中巿潭子區潭興路一段3號 ","103.1799","公噸/百萬元營業額","N/A"
"=""4148""","全宇生技-KY","N/A","N/A","N/A","N/A","N/A"
"=""4155""","訊映","N/A","N/A","N/A","N/A","N/A"
"=""4164""","承業醫","24,291.0000","包含合併財務報表之母子公司","6.7464","公噸/百萬元營業額","N/A"
"=""4190""","佐登-KY","34,268.0000","佐登妮絲嘉義生技園區","N/A","N/A","N/A"
"=""4306""","炎洲","36,413.4161","總部+彰化薄膜及膠帶","6.7886","公噸/百萬元營業額","N/A"
"=""4414""","如興","N/A","N/A","N/A","N/A","N/A"
"=""4426""","利勤","0.0891","母公司","N/A","N/A","N/A"
"=""4438""","廣越","3,131.2200","用水量統計邊界為台灣據點（包含廣越台北內湖總公司 (廣越企業股份有限公司)、台北尚弘(尚弘羽絨股份有限公司）、台北金漢(金漢實業股份有限公司)）","9.1289","公噸/人","N/A"
"=""4439""","冠星-KY","1,494,540.5980","TOP SPORTS TEXTILE LTD.","89.4253","公噸/產品","EMeRet"
"=""4440""","宜新實業","38,290.0000","彰化廠","31.2800","公噸/百萬元營業額","N/A"
"=""4526""","東台","19.4540","路科一廠","0.0054","公噸/百萬元營業額","ISO 46001"
"=""4532""","瑞智","40,264.0000","桃園觀音營運總部","4.6500","公噸/百萬元營業額","N/A"
"=""4536""","拓凱","14,624.6000","本用水量統計範圍僅包含台灣廠區","N/A","N/A","N/A"
"=""4540""","全球傳動","N/A","N/A","393.2172","公噸/百萬元營業額","N/A"
"=""4545""","銘鈺","258,637.0000","僅母公司(包含辦公室、廠房及員工宿舍)","180.0000","公噸/百萬元營業額","N/A"
"=""4551""","智伸科","366,380.0000","母公司智伸科技股份有限公司；子公司：旭申國際科技股份有限公司、東莞海益機械配件有限公司、浙江智泓科技有限公司、嘉興智興科技有限公司","47.6530","公噸/百萬元營業額","N/A"
"=""4552""","力達-KY","182.5700","泉州廠","182.5700","公噸/百萬元營業額","N/A"
"=""4555""","氣立","5,288.0000","母公司","3.5466","公噸/百萬元營業額","N/A"
"=""4557""","永新-KY","N/A","N/A","14.1822","公噸/百萬元營業額","N/A"
"=""4560""","強信-KY","38,990.0000","已完成合併財務報表之母子公司","0.0200","百萬公升/百萬元營業額","N/A"
"=""4562""","穎漢","10.2440","科技一廠/科技二廠/永康廠","0.0150","公噸/百萬元營業額","N/A"
"=""4564""","元翎","106,290.0000","臺灣總公司","1.2918","公噸/產品","N/A"
"=""4566""","時碩工業","24,373.0000","時碩公司台灣廠區","N/A","N/A","N/A"
"=""4569""","六方科-KY","161,450.0000","本公司主要營運據點之子公司Global-Thaixon Precision Industry Co., Ltd.及Thaixon Tech Co., Ltd.。","111.2000","公噸/百萬元營業額","N/A"
"=""4571""","鈞興-KY","140,046.0000","合併財務報表之母子公司","45.7382","公噸/百萬元營業額","N/A"
"=""4572""","駐龍","36,610.0000","已完成母公司","42.0104","公噸/百萬元營業額","N/A"
"=""4576""","大銀微系統","27,562.0000","母公司總部及二廠","13.8307","公噸/百萬元營業額","N/A"
"=""4581""","光隆精密-KY","25,493.0000","包含合併財務報表之母子公司","23.5419","公噸/百萬元營業額","N/A"
"=""4583""","台灣精銳","79,137.0000","母公司所有廠區","33.2508","公噸/百萬元營業額","N/A"
"=""4588""","玖鼎電力","2,955.0000","本公司","2.7600","公噸/百萬元營業額","N/A"
"=""4720""","德淵","11,693.0000","總公司及桃園廠","8.8792","公噸/百萬元營業額","N/A"
"=""4722""","國精化","101,152.0000","母公司","N/A","N/A","N/A"
"=""4736""","泰博","69,994.0000","已完成母公司","18.5467","公噸/百萬元營業額","N/A"
"=""4737""","華廣","29,526.0000","母公司","16.7000","公噸/百萬元營業額","N/A"
"=""4739""","康普","464,380.0000","康普,天弘,恆誼","127.0000","公噸/百萬元營業額","N/A"
"=""4746""","台耀","452,421.9548","母公司","98.2419","公噸/百萬元營業額","N/A"
"=""4755""","三福化","134,690.0000","2024年 三福化工之台北總公司、竹北辦公室、善化廠、柳科廠、高雄廠、子公司國際日東","N/A","N/A","N/A"
"=""4763""","材料-KY","1,262,451.0000","合併財務報表之母子公司","80.3427","公噸/百萬元營業額","N/A"
"=""4764""","雙鍵","24,833.0000","母公司","9.1891","公噸/百萬元營業額","N/A"
"=""4766""","南寶","299,603.0000","母公司及部分子公司(佛山南寶、佛山高盛高新、東莞南寶、東莞佳勤、福清南寶、昆山南寶、越南南寶、越南大登及越南寧平、越南NNV、印尼南寶及泰國南寶)。","0.0173","百萬公升/百萬元營業額","N/A"
"=""4770""","上品","65.3650","個體公司","0.0100","公噸/百萬元營業額","N/A"
"=""4771""","望隼","30,664.0000","製造生產之廠區(一、二廠)","1.0200","公噸/產品","N/A"
"=""4807""","日成-KY","146,094.0000","1.重要子公司Regal Jewelry Manufacture Co., Ltd.  2.重要子公司 Regal Plating Co., Ltd. 3.子公司 Regal Precious Metal Innovation Co., Ltd. ","82.1237","公噸/百萬元營業額","Thailand Greenhouse Gas Management Organization"
"=""4904""","遠傳","310,013.1467","已完成合併財務報表之母子公司","2.9631","公噸/百萬元營業額","ISO 46001"
"=""4906""","正文","174,480.0000","台灣總部、正鵬(崑山)廠及越南大陸廠","6.8000","公噸/百萬元營業額","N/A"
"=""4912""","聯德控股-KY","53,303.7300","1.聯德控股股份有限公司 2.聯德精密材料(中國)股份有限公司 3.聯德電子科技(常熟)有限公司 4.昆山聯德滑軌科技有限公司)","9.1900","立方公尺/百萬元新台幣","N/A"
"=""4915""","致伸","771,150.5200","母公司與主要生產基地","13.2401","公噸/百萬元營業額"," "
"=""4916""","事欣科","N/A","N/A","N/A","N/A","N/A"
"=""4919""","新唐","3,933,895.0000","新唐科技股份有限公司(含合併財報子公司中之新唐日本)","123.2307","公噸/百萬元營業額","N/A"
"=""4927""","泰鼎-KY","4,148,000.0000","合併財務報告子公司","332.9272","公噸/百萬元營業額","N/A"
"=""4930""","燦星網","146,667.0000","總公司及主要營運據點（廈門燦坤實業股份有限公司、漳州燦坤實業有限公司、上海燦坤實業有限公司、PT. STAR COMGISTIC INDONESIA、燦坤日本電器株式會社、金鑛連鎖企業股份有限公司）為揭露範疇。","N/A","N/A","N/A"
"=""4934""","太極","75,263.8900","母公司及越南子公司","331.5600","公噸/年底員工人數","N/A"
"=""4935""","茂林-KY","79,078.0000","母公司及台灣廠區","11.3846","公噸/百萬元營業額","N/A"
"=""4938""","和碩","2,030,544.9773","和碩聯合科技(股)公司、名碩電腦(蘇州)、康碩電子(蘇州)、凱碩電腦(蘇州)、昌碩科技(上海)、旭碩科技(重慶)、Pegatron Mexico S.A. de C.V.、PEGATRON Czech s.r.o.、PT. PEGATRON TECHNOLOGY INDONESIA、PEGATRON VIETNAM COMPANY LIMITED、PEGATRON TECHNOLOGY HAI PHONG COMPANY LIMITED、PEGATRON TECHNOLOGY INDIA PRIVATE LIMITED ","1.8044","公噸/百萬元營業額","AA1000"
"=""4942""","嘉彰","35,927.0000","母公司","26.6221","公噸/百萬元營業額","N/A"
"=""4943""","康控-KY","N/A","N/A","N/A","N/A","N/A"
"=""4949""","有成精密","13,330.0000","總公司、新能源產線及半導體產線。","12.8049","公噸/百萬元營業額","N/A"
"=""4952""","凌通","4,656.0000","母公司","21.1600","公噸/人","N/A"
"=""4956""","光鋐","N/A","N/A","N/A","N/A","N/A"
"=""4958""","臻鼎-KY","27,659,000.0000","用水量=取水量+回用水量(不含冷卻塔內循環水量)，資料範圍為臻鼎科技控股股份有限公司及其合併財務報表之子公司","91.8000","公噸/百萬元營業額","The AWS Standard 2.0"
"=""4960""","誠美材","493,219.0000","僅母公司","13.9679","公噸/產品","N/A"
"=""4961""","天鈺","10,010.0000","財務報表合併之子母公司","0.5210","公噸/百萬元營業額","N/A"
"=""4967""","十銓","31.4369","涵蓋範圍僅母公司","N/A","N/A","N/A"
"=""4968""","立積","3,750.3143","母公司","12.4000","百萬公升/千人","N/A"
"=""4976""","佳凌","137,044.0000","全廠","121.3853","公噸/百萬元營業額","N/A"
"=""4977""","眾達-KY","25,102.0000","蘇州廠區 ","0.2299","N/A  ","N/A"
"=""4989""","榮科","301,903.0000","自來水+再生水","37.4755","公升/產品 ","N/A"
"=""4994""","傳奇","3,357.0000","已完成合併財務報表之母子公司","N/A","N/A","N/A"
"=""4999""","鑫禾","36,622.5853","已完成母公司","55.3211","公噸/百萬元營業額","N/A"
"=""5007""","三星","94,772.0000","母公司及三星熱處理及台灣鏵司兩家子公司","13.8824","公噸/百萬元營業額","N/A"
"=""5203""","訊連","9,239.0000","包含合併財務報表之母子公司","4.4700","公噸/百萬元營業額","N/A"
"=""5215""","科嘉-KY","N/A","N/A","N/A","N/A","N/A"
"=""5222""","全訊","29,405.0000","個別報表所有廠區","22.5899","公噸/百萬元營業額","N/A"
"=""5225""","東科-KY","238,549.7714","EASTECH (不含ScS) ","19.2294","公噸/百萬元營業額","ISO 14001"
"=""5234""","達興材料","145,538.0000","包含合併財務報表之母子公司","3.6000","公噸/營運面積m2","N/A"
"=""5243""","乙盛-KY","179,068.0000","昆山乙盛機械工業有限公司","97.1129","公噸/百萬元營業額","會計研究發展基金會確信準則3000號「非屬歷史性財務資訊查核或核閱之確信案件」"
"=""5244""","弘凱","34,941.0000","上述統計為深圳廠用水量，其餘據點為辦公室型態，僅有生活用水，不具重大性，未納入統計。","N/A","N/A","N/A"
"=""5258""","虹堡","13.1600","台灣地區所有辦公室與桃園製造廠，以工時數據推估","0.0017","公噸/百萬元營業額","N/A"
"=""5269""","祥碩","2,764.0000","祥碩總公司辦公室","0.3420","公噸/百萬元營業額","N/A"
"=""5283""","禾聯碩","31,529.3442","禾聯碩股份有限公司、聯碩電器股份有限公司及禾雄電器股份有限公司","4.9133","公噸/百萬元營業額","N/A"
"=""5284""","jpp-KY","122.2800","Jinpao Soi 11 + 12 廠區","7.4853","公噸/員工人數 ","Standard of MWAT "
"=""5285""","界霖","128,939.0000","母公司","68.4006","公噸/百萬元營業額","N/A"
"=""5288""","豐祥-KY","214,613.0000","主要營運孫公司台灣豐祥及越南VPIC1","29.4665","公噸/百萬元營業額","ISO 14001"
"=""5292""","華懋","4,021.0000","母公司工廠","N/A","N/A","N/A"
"=""5306""","桂盟","184,976.2039","桂盟國際股份有限公司、桂盟企業股份有限公司、凱盟股份有限公司、科恩斯工業股份有限公司、桂盟鏈條(深圳)有限公司、超匯桂盟傳動(天津)有限公司、超匯桂盟傳動(蘇州)有限公司、深圳市科恩斯汽車零配件有限公司","33.3903","公噸/百萬元營業額","N/A"
"=""5388""","中磊","184,626.5275","母公司（台北總部、竹南製造中心）以及蘇州、菲律賓製造中心","0.0033","公噸/百萬元營業額","AA1000"
"=""5434""","崇越","9,640.0000","母公司","0.3084","公噸/百萬元營業額","N/A"
"=""5469""","瀚宇博","N/A","N/A","0.2930","公噸/產品","N/A"
"=""5471""","松翰","2,941.0000","已完成母公司","1.2328","公噸/百萬元營業額","N/A"
"=""5484""","慧友","N/A","N/A","N/A","N/A","N/A"
"=""5515""","建國","1,500.4500","總公司","3.7800","(公噸/人)","N/A"
"=""5519""","隆大","18,884.0000","揭露以本公司為主體，部份資訊涵蓋子公司。","3.0210","公噸/百萬元營業額","N/A"
"=""5521""","工信","45,669.0000","母公司","6.5400","公噸/百萬元營業額","N/A"
"=""5522""","遠雄","128,110.4576","包含合併財務報表之母子公司","5.7195","公噸/百萬元營業額","N/A"
"=""5525""","順天","3,852.7598","母公司","1.3829","公噸/百萬元營業額","N/A"
"=""5531""","鄉林","3,839.0000","鄉林建設個體公司統計數據","0.9345","公噸/百萬元營業額","N/A"
"=""5533""","皇鼎","755.0000","母公司","N/A","N/A","N/A"
"=""5534""","長虹","1.1590","僅母公司","22.7255"," 用水度數 / 員工人數","N/A"
"=""5538""","東明-KY","244,096.0000","浙江東明及浙江東和","19.4610","公噸/百萬元營業額","N/A"
"=""5546""","永固-KY","N/A","N/A","N/A","N/A","N/A"
"=""5607""","遠雄港","N/A","N/A","N/A","N/A","N/A"
"=""5608""","四維航","9,828.3197","環境資訊涵蓋母公司（含總部辦公室及客輪1艘）、子孫公司營運船舶（含當年度出售之船舶），不包含合併財務報表之子公司綠舞觀光飯店股份有限公司","17.2125","公噸/員工總人數(海勤船員+辦公室員工)","N/A"
"=""5706""","鳳凰","1,863.0000","已完成母公司","N/A","N/A","N/A"
"=""5871""","中租-KY","83,542.0000","中租控股公司及旗下子公司","0.8200","公噸/百萬元營業額","ISO 46001"
"=""5876""","上海商銀","69,100.0000","本行在臺灣地區之營業據點、海外分行及海外辦事處","2.3900","萬公升/人均取水量","ISO 46001"
"=""5880""","合庫金","284,834.0000","數據涵蓋率依當年度有盤查之營運據點計算比率，數據皆已通過「ISO 14064-1溫室氣體盤查」，並取得第三方查證單位核發之查證聲明書。","4.3272","公噸/百萬元營業額","ISO 46001"
"=""5906""","台南-KY","7.5347","僅就有獨立水錶之據點進行統計","N/A","N/A","N/A"
"=""5907""","大洋-KY","1,061,016.0000","大洋商業集團","327.9885","公噸/百萬元營業額","N/A"
"=""6005""","群益證","54,336.0000","母公司全台各營運據點","3.7186","公噸/百萬元營業額","N/A"
"=""6024""","群益期","5,245.1800","全台營運據點","2.1737","公噸/百萬元營業額","N/A"
"=""6108""","競國","271,139.0000","本公司","221.3300","公噸/百萬元營業額","N/A"
"=""6112""","邁達特","11,669.9558","邁達特及子公司啟迪、逐鹿、聚上雲","17.6283","度／人-年","N/A"
"=""6115""","鎰勝","6,150.0000","母公司","1.9625","公噸/百萬元營業額","N/A"
"=""6116""","彩晶","1,069,819.1094","母公司及子公司(南京瀚宇彩欣科技有限責任公司)","107.3632","公噸/百萬元營業額","N/A"
"=""6117""","迎廣","31,166.0000","母公司","10.8112","公噸/百萬元營業額","N/A"
"=""6120""","達運","810.1530","已完成合併財務報表之母子公司","57.4108","公噸/百萬元營業額","N/A"
"=""6128""","上福","27,190.0000","母公司台灣營運據點","0.0180","公噸/百萬元營業額","N/A"
"=""6133""","金橋","N/A","N/A","N/A","N/A","N/A"
"=""6136""","富爾特","1.5800","此次範疇為臺灣地區．只有辦公大樓，因未從事產品之生產、製造，故無製程用水需求；故取水量＝排水量。公司皆為生活用水。","N/A","N/A","N/A"
"=""6139""","亞翔","618.1476","溫室氣體盤查主要為母公司台灣地區有控制權的汐止 、新竹和台南辦公室，工地為非營運控制權故不納入盤查範疇。","0.0236","公噸/百萬元營業額","N/A"
"=""6141""","柏承","N/A","N/A","N/A","N/A","N/A"
"=""6142""","友勁","20,708.0000","母公司","17.4856","公噸/百萬元營業額","N/A"
"=""6152""","百一","83,841,000.0000","合併財報母公司及子公司","43.6000","百萬公升/新台幣百萬元","N/A"
"=""6153""","嘉聯益","124,000.0000","母公司","17.0275","公噸/百萬元營業額","N/A"
"=""6155""","鈞寶","46,640.0000","母公司","N/A","N/A","N/A"
"=""6164""","華興","43,742.1800","華興電子工業股份有限公司、華能光電科技股份有限公司、肇慶市立得電子有限公司、肇慶市立能電子有限公司","53.1900","公噸/百萬元營業額","N/A"
"=""6165""","浪凡","7.8900","辦公室自來用水","N/A","N/A","N/A"
"=""6166""","凌華","39,880.0000","僅母公司","5.9823","公噸/百萬元營業額","N/A"
"=""6168""","宏齊","42,234.0000","母公司","21.6474","公噸/百萬元營業額","N/A"
"=""6176""","瑞儀","1,026.7524","台灣廠區、吳江廠區、南京廠區及廣州廠區","22.1000","公噸/百萬元營業額","N/A"
"=""6177""","達麗","1,133.7131","本公司以下營運據點：達麗建設事業股份有限公司、寶信營造股份有限公司","0.0920","公噸/百萬元營業額","N/A"
"=""6183""","關貿","13,579.0000","關貿網路總公司南港軟體園區","N/A","N/A","N/A"
"=""6184""","大豐電","4,388.0000","大豐有線電視股份有限公司，未包含合併財務報表中之子公司","5.7718","公噸/百萬元營業額","N/A"
"=""6189""","豐藝","6,007.7675","豐藝電子股份有限公司台北總公司及桃園倉儲。","0.1581","公噸/百萬元營業額","N/A"
"=""6191""","精成科","2,964,193.3400","包含合併財務報表之母子公司","136.7216","公噸/百萬元營業額","N/A"
"=""6192""","巨路","N/A","N/A","N/A","N/A","N/A"
"=""6196""","帆宣","35,386.0000","母公司","1.3000","公噸/百萬元營業額","N/A"
"=""6197""","佳必琪","83,728.0000","母公司及台北廠、大陸子公司(東莞2廠區、昆山1廠區)、越南子公司(胡志明1廠區、北江1廠區)","17.0632","公噸/百萬元營業額","N/A"
"=""6201""","亞弘電","17.8860","台灣總公司","0.0054","公噸/百萬元營業額","N/A"
"=""6202""","盛群","11,420.0000","盛群總部及台北辦公室","4.5640","公噸/百萬元營業額","N/A"
"=""6205""","詮欣","N/A","N/A","N/A","N/A","N/A"
"=""6206""","飛捷","9,500.0000","飛捷母公司","20.8800","人均用水(以2024年底人數計算)","N/A"
"=""6209""","今國光","N/A","N/A","N/A","N/A","N/A"
"=""6213""","聯茂","776.6200","聯茂電子股份有限公司台灣廠及中國廠區(無錫廠、東莞廠、廣州廠及江西廠)","0.0265","公噸/百萬元營業額","N/A"
"=""6214""","精誠","24,615.0000","僅母公司總部大樓","0.6320","公噸/百萬元營業額","N/A"
"=""6215""","和椿","2,302.0000","母公司(含台北總公司、桃園廠、龜山廠、台中及台南辦公室) ","1.1829","公噸/百萬元營業額","N/A"
"=""6216""","居易","4,797.1000","本公司","4.0706","公噸/百萬元營業額","N/A"
"=""6224""","聚鼎","22,590.0000","聚鼎台灣廠區","0.0200","公噸/百萬元營業額","N/A"
"=""6225""","天瀚","225.0000","母公司","4.1500","公噸/百萬元營業額","N/A"
"=""6226""","光鼎","857.2295","本公司以下營運據點：光鼎電子股份有限公司","1.3080","公噸/百萬元營業額","N/A"
"=""6230""","尼得科超眾","9,492.0000","本公司以下營運據點：尼得科超眾科技股份有限公司","1.5300","公噸/百萬元營業額","N/A"
"=""6235""","華孚","361,820.0000","華孚科技股份有限公司、 昆山華復精密金屬有限公司、 華孚精密科技(馬鞍山)有限公司、 華譽精密科技(含山)有限公司、 華眾精密科技(馬鞍山)有限公司。","62.0531","公噸/百萬元營業額","N/A"
"=""6239""","力成","3,017,526.0000","僅台灣地區力成科技","63.7800","公噸/百萬元營業額","ISO 46001"
"=""6243""","迅杰","869.0000","母公司","0.0006","百萬公升/百萬營收","N/A"
"=""6257""","矽格","366,592.0000","本公司以下營運據點：矽格股份有限公司(中興廠)、矽格股份有限公司(北興廠)、矽格股份有限公司(湖口廠)","36.7097","公噸/百萬元營業額","N/A"
"=""6269""","台郡","1,162.0790","母公司","2.1160","公噸/產品","N/A"
"=""6271""","同欣電","6,942,599.0000","已完成合併財務報表之母子公司","N/A","N/A","N/A"
"=""6277""","宏正","16,350.7100","本公司及汐萬廠區","4.6600","公噸/百萬元營業額","N/A"
"=""6278""","台表科","389,000.0000","母公司及子公司-峻凌電子(蘇州)有限公司","13.3654","公噸/百萬元營業額","N/A"
"=""6281""","全國電","57,641.0000","已完成母公司","34.8300","公噸/人數","N/A"
"=""6282""","康舒","434.8936","康舒科技+滬華五金之各營運據點","22.2947","公噸/百萬元營業額","ISO14046"
"=""6283""","淳安","997.0000","已完成合併財務報表之母子公司","N/A","N/A","N/A"
"=""6285""","啟碁","664,577.0000","2024 年計算範圍為啓碁總部、台北辦公室、力行廠、南科廠、啟佳、啟新、啟基永昌（ 昆山）、啟基永昌（ 南京）、越南廠、美國與英國子公司；德國以及日本子公司採居家辦公形式，因此未計入；墨西哥廠區因數據未涵蓋完整一年也未計入。","4.9200","公噸/百萬元營業額","ISO 14001"
"=""6405""","悅城","40,142.0000","本廠區","304.5490","公噸/百萬元營業額","N/A"
"=""6409""","旭隼","265.5521"," 旭隼科技集團在台灣、大陸及越南，均位於工業區辦公大樓，在生產製造時無需耗用水資源（即無工業用水需求），僅須使用員工生活用水、而其來源均為市政供水，其取得及排放均依市政供水規定。 ","0.0004","百萬立方米/百萬美元營業額","ISO 46001"
"=""6412""","群電","559,024.0000","台北總公司、東莞廠、蘇州廠、重慶廠、泰國廠","15.0400","公噸/百萬元營業額","N/A"
"=""6414""","樺漢","5,816.0000","新北市中和區建康路10號3-6F ","1.0903","公噸/百萬元營業額","N/A"
"=""6415""","矽力*-KY","N/A","N/A","N/A","N/A","N/A"
"=""6416""","瑞祺電通","5,737.0000","僅母公司","1.7034","公噸/百萬元營業額","N/A"
"=""6426""","統新","28,005.0000","113年1月至12月","N/A","N/A","N/A"
"=""6431""","光麗-KY","N/A","N/A","N/A","N/A","N/A"
"=""6438""","迅得","9,199.0000","母公司","3.2451","公噸/百萬元營業額","N/A"
"=""6442""","光聖","12,175.0000","母公司","1.9900","度/百萬元營業額","N/A"
"=""6443""","元晶","406,115.0000","新竹廠及屏東廠的用水加總","0.0740","公噸/百萬元營業額","N/A"
"=""6446""","藥華藥","13,200.0000","藥華醫藥台北總部+台中廠+泛泰醫療","N/A","N/A","N/A"
"=""6449""","鈺邦","N/A","N/A","N/A","N/A","N/A"
"=""6451""","訊芯-KY","520,980.0000","中國廣東省中山市火炬開發區建業東路9號","100.4202","公噸/百萬元營業額","N/A"
"=""6456""","GIS-KY","1,516,997.3804","已完成合併報表之母子公司","21.6755","公噸/百萬元營業額","N/A"
"=""6464""","台數科","18.1400","已完成合併財務報表之母子公司","0.4154","百萬公升/億元營業額","N/A"
"=""6472""","保瑞","261,620.0000","母公司、台灣所有子公司及加拿大子公司","13.5900","公噸/百萬元營業額","N/A"
"=""6477""","安集","23,993.0000","母公司","26.7000","公噸/百萬元營業額","N/A"
"=""6491""","晶碩","258,804.0000","僅母公司","305.0000","每單位產品用水量","N/A"
"=""6504""","南六","N/A","N/A","N/A","N/A","N/A"
"=""6505""","台塑化","40,537,362.0000","麥寮一廠、麥寮二廠、麥寮三廠","61.2897","公噸/百萬元營業額","N/A"
"=""6515""","穎崴","23,456.0300","本公司以下營運據點：高雄一廠、高雄二廠、新竹廠、新竹辦公室","4.0455","公噸/百萬元營業額","N/A"
"=""6525""","捷敏-KY","245,738.0000","包含合併財務報表之母子公司","52.6145","公噸/百萬元營業額","N/A"
"=""6526""","達發","17,018.0000","台灣辦公室","0.8900","公噸/百萬元營業額","N/A"
"=""6531""","愛普*","2,689.7480","臺灣新竹與中國大陸杭州(杭州水資源僅統計員工宿舍，因辦公室用水包含於租賃合約中)","0.0149","百萬公升/員工人數","N/A"
"=""6533""","晶心科","4,535.0000","母公司","4.1682","公噸/百萬元營業額","N/A"
"=""6534""","正瀚-創","69,554.0000","已完成合併財務報表之母子公司","42.5215","公噸/百萬元營業額","N/A"
"=""6541""","泰福-KY","2,357.0800","資料包含台灣及美國子公司營運據點。因資料取得限制，台灣2024年用水量資訊以2022年人均用水量推估。","0.0700","公噸/新台幣千元營業額","N/A"
"=""6550""","北極星藥業-KY","38,268.0000","集團","0.0004","公噸/百萬元營業額","N/A"
"=""6552""","易華電","541,893.0000","易華電子股份有限公司一廠(高雄市楠梓區新開發路6號1、2、3、4樓；8號1、2、3、4樓；10號1、2、3、4樓；12號1、2樓)","276.0000","公噸/百萬元營業額","N/A"
"=""6558""","興能高","50,486.0000","母子公司","42.1880","公噸/百萬元營業額","N/A"
"=""6573""","虹揚-KY","280.7300","已完成合併財務報表之母子公司","N/A","N/A","ISAE 3000"
"=""6579""","研揚","9,281.9530","僅母公司","2.3691","公噸/百萬元營業額","N/A"
"=""6581""","鋼聯","N/A","N/A","1.0948","公噸/產品","N/A"
"=""6582""","申豐","163,973.7600","生產單位(工廠)","2.9150","公噸/產品","N/A"
"=""6585""","鼎基","87,259.0000","高雄廠+屏東廠","27.8961","公噸/百萬元營業額","N/A"
"=""6589""","台康生技","98,800.0900","汐止總公司及竹北分公司","N/A","N/A","N/A"
"=""6591""","動力-KY","54,795.0000","江西及東莞生產基地。","N/A","N/A","N/A"
"=""6592""","和潤企業","10,990.0683","和潤企業股份有限公司、和運國際融資租賃有限公司、和勁企業股份有限公司、和潤電能股份有限公司、和潤興業股份有限公司共98個據點","0.4146","公噸/百萬元營業額","N/A"
"=""6598""","ABC-KY","N/A","N/A","N/A","N/A","N/A"
"=""6605""","帝寶","34.8630","鹿港廠、新營廠、彰濱廠、永康廠、台北營業部。","0.0021","34.863/16200.138(百萬公升/百萬營業額)","N/A"
"=""6606""","建德工業","4,876.0000","斗六總公司","6.6886","公噸/百萬元營業額","N/A"
"=""6625""","必應","3,470.0000","已完成母公司","N/A","N/A","N/A"
"=""6641""","基士德-KY","7,234.0000","母公司、川源(中國)機械有限公司(平湖廠)、基士德環科股份有限公司、基士德科技股份有限公司台灣分公司、Chuan Yuan Hydraulic Engineering Co., Ltd.","4.5213","公噸/百萬元營業額","N/A"
"=""6645""","金萬林-創","N/A","N/A","N/A","N/A","N/A"
"=""6655""","科定","47,858.0000","母公司","19.1200","公噸/百萬元營業額","N/A"
"=""6657""","華安","2,274.8000","華安醫學股份有限公司","N/A","N/A","N/A"
"=""6658""","聯策","1,632.0000","母公司+裕和街工廠","N/A","N/A","N/A"
"=""6666""","羅麗芬-KY","14,748.0000","子公司嘉文麗(福建)化妝品有限公司","13.0860","公噸/百萬元營業額","N/A"
"=""6668""","中揚光","36,130.0000","台中市南屯區工業區二十二路21號 台中市南屯區工業區二十二路14-1號","19.3700","公噸/服務","N/A"
"=""6669""","緯穎","277,560.0000","全球主要營運據點及製造廠區 ","0.7699","公噸/百萬元營業額","N/A"
"=""6670""","復盛應用","125,595.8928","母公司","5.6534","公噸/百萬元營業額","N/A"
"=""6671""","三能-KY","50,094.2700","已完成合併財務報表之母子公司","24.5630","公噸/百萬元營業額","N/A"
"=""6672""","騰輝電子-KY","148,177.0000","合併財務報表之子公司生產型廠區","35.0497","公噸/百萬元營業額","N/A"
"=""6674""","鋐寶科技","N/A","N/A","N/A","N/A","N/A"
"=""6689""","伊雲谷","2.6040","伊雲谷母公司(全台營運據點包含三重、菜寮、士林、台中、高雄辦公室)","0.0695","公噸/百萬元營業額","N/A"
"=""6691""","洋基工程","2,686.0000","台灣總公司、新竹、台中、台南營業據點","0.2183","公噸/百萬元營業額","N/A"
"=""6695""","芯鼎","4,100.0000","統計數據來自新竹營運據點及台北辦公室。","23.9800","水資源密集度 (度/人)","N/A"
"=""6698""","旭暉應材","46.0010","民國113年12月31日吸收合併千鋐科技（股）公司，母公司盤查範圍未併入千鋐科技（股）公司","0.0517","公噸/百萬元營業額","N/A"
"=""6706""","惠特","21,465.0000","僅母公司","23.1300","公噸/百萬元營業額","N/A"
"=""6715""","嘉基","34,732.6640","台灣總部及中和廠","N/A","N/A","N/A"
"=""6719""","力智","5,353.8200","已完成母公司","1.4500","公噸/百萬元營業額","N/A"
"=""6742""","澤米","98,875.0000","母公司全體廠區","0.1473","公噸/千元營業額","N/A"
"=""6743""","安普新","177,200.7000","包含合併財務報表之母子公司","25.7522","公噸/百萬元營業額","N/A"
"=""6753""","龍德造船","38,775.0000","僅母公司","7.5746","公噸/百萬元營業額","N/A"
"=""6754""","匯僑設計","22.1930","已完成合併財務報表之母子公司","N/A","N/A","N/A"
"=""6756""","威鋒電子","2,993.0000","辦公室用水、公用冷卻水塔","N/A","N/A","N/A"
"=""6757""","台灣虎航","N/A","N/A","N/A","N/A","N/A"
"=""6768""","志強-KY","1,147.0407","台灣總部辦公室 ","N/A","N/A","N/A"
"=""6770""","力積電","25,327,080.0000","力積電個體及合併財報子公司","63.7300","公噸/產品","N/A"
"=""6771""","平和環保-創","N/A","N/A","N/A","N/A","N/A"
"=""6776""","展碁國際","5,686.0000","其他：申報公司及100%持股子公司及博瑞達總部","0.2229","公噸/百萬元營業額","N/A"
"=""6781""","AES-KY","54,420.0000","申報數據包含母公司及部分子公司(兆普、嘉普、太普常熟)，太普越南尚在建廠階段，待實際生產後盤查。","5.4225","公噸/百萬元營業額","N/A"
"=""6782""","視陽","269,612.0000","馬來西亞子公司(工廠)","74.0000","公噸/百萬元營業額","N/A"
"=""6789""","采鈺","635,087.0000","采鈺公司新竹廠及龍潭廠","63.4960","公噸/百萬元營業額","N/A"
"=""6790""","永豐實","224,509.0000","台灣區主要紙品工廠","2.1872","公噸/產品","ISO 14001"
"=""6792""","詠業","12,016.4000","詠業科技詠榮廠、詠智廠","9.7698","公噸/百萬元營業額","N/A"
"=""6794""","向榮生技-創","2,210.0000","臺灣營運地區（臺北總公司、細胞製劑廠、化妝品廠）","69.3200","公噸/百萬元營業額","N/A"
"=""6796""","晉弘","4,691.0000","台灣母公司","8.7000","公噸/百萬元營業額","N/A"
"=""6799""","來頡","420.0000","已完成母公司","0.4630","公噸/百萬元營業額","N/A"
"=""6805""","富世達","97,430.0000","台灣地區、大陸地區、越南地區","11.8950","公噸/百萬元營業額","N/A"
"=""6806""","森崴能源","N/A","N/A","2.0932","公噸/百萬元營業額","N/A"
"=""6807""","峰源-KY","68,370.0000","主要生產基地","13.6755","公噸/百萬元營業額","N/A"
"=""6830""","汎銓","14,575.0000","僅台灣母公司","9.0304","公噸/百萬元營業額","N/A"
"=""6834""","天二科技","140,200.0000","已完成母公司","N/A","N/A","N/A"
"=""6835""","圓裕","68,938.0000","圓裕企業股份有限公司 昆山圆裕電子科技有限公司 圆裕電子（昆山）有限公司 圆裕電子（昆山）有限公司","28.2765","公噸/百萬元營業額","N/A"
"=""6838""","台新藥","N/A","N/A","N/A","N/A","N/A"
"=""6854""","錼創科技-KY創","27,010.0000","錼創顯示科技股份有限公司","1.6400","公噸/產品","N/A"
"=""6861""","睿生光電","369.0000","母公司","0.1850","公噸/百萬元營業額","N/A"
"=""6862""","三集瑞-KY","100,476.0000","與本公司合併財務報表母子公司之數據邊界一致","45.6659","公噸/百萬元營業額","N/A"
"=""6863""","永道-KY","24,622.4000","本公司主要用水來源為自來水，統計方式由台灣自來水股份有限公司帳單服務系統。","N/A","N/A","N/A"
"=""6869""","雲豹能源","1,678.0000","僅母公司雲豹能源科技股份有限公司","N/A","N/A","N/A"
"=""6873""","泓德能源","161,000.0000","僅計算漁電共生案場所屬位置及泓德營運辦公室據點用水","N/A","N/A","N/A"
"=""6885""","全福生技","N/A","N/A","N/A","N/A","N/A"
"=""6887""","寶綠特-KY","310,137.0000","已完成合併財務報表之母子公司","56.9679","公噸/百萬元營業額","N/A"
"=""6890""","來億-KY","1,251,965.1000","臺灣總部、樂億、樂億Ⅱ、億春、億柏、億碩、昌億、嘉智、歐紐、億泉、億福","33.2175","公噸/百萬元營業額","N/A"
"=""6901""","鑽石投資","2,566.0000","母公司(目前無應納入合併財務報告子公司)","N/A","N/A","N/A"
"=""6902""","GOGOLOOK-創","0.7220","走著瞧股份有限公司所在台北市辦公空間","N/A","N/A","N/A"
"=""6906""","現觀科","1,207.0000","台灣總公司","8.3819","度/人數","N/A"
"=""6909""","創控","N/A","N/A","N/A","N/A","N/A"
"=""6914""","阜爾運通","3,697.0000","母公司","N/A","N/A","N/A"
"=""6916""","華凌","156.3480","母公司及合併財務報表內之子公司","0.0769","公噸/百萬元營業額","N/A"
"=""6918""","愛派司","N/A","N/A","N/A","N/A","N/A"
"=""6919""","康霈*","N/A","N/A","N/A","N/A","N/A"
"=""6923""","中台","160,855.0000","台灣地區","2.3604","公噸/服務","N/A"
"=""6924""","榮惠-KY創","N/A","N/A","N/A","N/A","N/A"
"=""6928""","攸泰科技","8,153.5515","臺灣區","4.0336","公噸/百萬元營業額","N/A"
"=""6931""","青松健康","N/A","N/A","N/A","N/A","N/A"
"=""6933""","AMAX-KY","3,253.0000","蓋艾瑪斯科技控股股份有限公司及我們位於美國之總部 AMAX Engineering Corporation","0.0006","取水密集度（百萬公升/百萬營收） ","N/A"
"=""6936""","永鴻生技","41,178.0000","本公司之新竹廠、台北辦公室、台中辦公室","31.8195","公噸/百萬元營業額","N/A"
"=""6937""","天虹","15,186.7000","統計範疇為天虹科技總部／天虹科技湖口廠／天虹科技南科辦公室","5.8689","公噸/百萬元營業額","N/A"
"=""6944""","兆聯實業","144,631.0000","已完成母公司","14.0400","公噸/百萬元營業額","N/A"
"=""6949""","沛爾生醫-創","N/A","N/A","N/A","N/A","N/A"
"=""6951""","青新-創","6,890.0455","合併財務報表之母子公司","9.8609","公噸/百萬元營業額","N/A"
"=""6952""","大武山","68.1340","大武山公司屏東場區、台南場區及雲林場區","0.0170","公噸/年洗選量(萬顆)","N/A"
"=""6955""","邦睿生技-創","1,452.0000","已完成母公司","6.5405","公噸/百萬元營業額","N/A"
"=""6957""","裕慶-KY","102,158.0000","本年度報告書資訊揭露之組織邊界以生產基地為考量，範圍僅涵蓋裕慶集團之台灣分公司、子公司蘇州裕慶金屬制品有限公司及昆山環宇木業有限公司之營運與生產據點，其中Beeline Corp、BEELINE Group LLC及郁智康股份有限公司之性質為投資控股或貿易性質而未列入。","N/A","N/A","N/A"
"=""6958""","日盛台駿","N/A","N/A","N/A","N/A","N/A"
"=""6962""","奕力-KY","14,240.0000","奕力科技新竹辦公室","0.6340","公噸/百萬元營業額","N/A"
"=""6965""","中傑-KY","144,526,623.0000","台灣總部、中國上高廠、越南寧平廠","N/A","N/A","N/A"
"=""6969""","成信實業*-創","N/A","N/A","N/A","N/A","N/A"
"=""6988""","威力暘-創","2,136.0000","母公司","N/A","N/A","N/A"
"=""6994""","富威電力","1,538.0550","數據僅涵蓋頂埔大樓富威電力總部及富威電力蘇澳分公司","0.8150","公噸/百萬元營業額","N/A"
"=""7631""","聚賢研發","461.2000","母體公司","0.3100","萬公升/人","N/A"
"=""7705""","三商餐飲","85.8010","三商餐飲中央廚房","N/A","N/A","N/A"
"=""7722""","LINEPAY","2,103.0000","連加網路商業股份有限公司個體公司","0.3418","公噸/百萬元營業額","N/A"
"=""7732""","金興精密","16,465.1230","臺灣總部源自每月自來水費單 ; 泰國子公司自來水源自每月水費單、地表水及地下水為推估值。","9.7000","公噸/百萬元營業額","N/A"
"=""7736""","虎山","9,724.0000","母公司","N/A","N/A","N/A"
"=""7740""","熙特爾","N/A","N/A","N/A","N/A","N/A"
"=""7749""","意騰-KY","1,952.0000","用水範圍為意騰科技總公司，本公司無製程用水皆屬生活用水。","N/A","N/A","N/A"
"=""7788""","松川精密","63,663.0000","已完成母公司台灣廠區","14.1312","公噸/百萬元營業額","N/A"
"=""8011""","台通","7,454.3270","總部+工廠","N/A","N/A","N/A"
"=""8016""","矽創","6,969.5890","矽創(新竹總公司及臺北辦公室)","2.1895","N/A","N/A"
"=""8021""","尖點","24,381.0000","僅母公司","22.5204","公噸/百萬元營業額","N/A"
"=""8028""","昇陽半導體","746,246.0000","新竹巿力行路6號;台中巿梧棲區建七路2號","210.1150","公噸/百萬元營業額","N/A"
"=""8033""","雷虎","8,132.0000","雷虎科技母公司","57.6517","公噸/百萬元營業額","N/A"
"=""8039""","台虹","91.8500","一廠、二廠、三廠、五廠","11.1802","公噸/百萬元營業額","N/A"
"=""8045""","達運光電","5,184.0000","已完成母公司。","0.0299","公噸/百萬元營業額","N/A"
"=""8046""","南電","3,460,784.6000","母公司","107.2000","公噸/百萬元營業額","ISO 14046"
"=""8070""","長華*","1,377,000.0000","包含合併財務報表之母子公司","79.9100","公噸/百萬元營業額","確信準則3000號（TWSAE3000）"
"=""8072""","陞泰","N/A","N/A","N/A","N/A","N/A"
"=""8081""","致新","8,785.0000","僅母公司","1.2050","公噸/百萬元營業額","N/A"
"=""8101""","華冠","N/A","N/A","N/A","N/A","N/A"
"=""8103""","瀚荃","3,947.9822","新北市淡水區中正東路一段3巷9號9樓","N/A","N/A","N/A"
"=""8104""","錸寶","N/A","N/A","3.0820","百萬公升/產品量","N/A"
"=""8105""","凌巨","3,251,195.0000","凌巨科技股份有限公司台灣八德廠、台灣新竹廠、台灣頭份廠、大陸和霖廠","370.8393","公噸/百萬元營業額","ISO14001"
"=""8110""","華東","1,039,581.0000","僅母公司","0.0027","公噸/產品","N/A"
"=""8112""","至上","4.4080","2024年度至上電子(母公司)、尚驛、保康特、高達能源、威恆香港、高照國際、香港芯知己。","N/A","N/A","N/A"
"=""8114""","振樺電","11,057.0000","母公司","N/A","N/A","N/A"
"=""8131""","福懋科","1,658,216.0000","福懋科技公司全廠區","N/A","N/A","N/A"
"=""8150""","南茂","1,611,852.0000","113年度南茂集團台灣六個廠區","71.0195","公噸/百萬元營業額","ISO 46001"
"=""8162""","微矽電子-創","124,000.0000","公司竹東廠及竹南廠","116.5249","公噸/百萬元營業額","中華民國確信準則3000號"
"=""8163""","達方","527,490.0000","達方(包含總部與桃園廠、台南廠、蘇州廠、淮安廠、重慶廠、越南廠)","37.1900","公噸/百萬元營業額","N/A"
"=""8201""","無敵","2.9800","母公司與子公司。","N/A","N/A","N/A"
"=""8210""","勤誠","147,350.0000","勤誠總部、嘉義廠、勤昆廠、前盛廠、勤鋒廠、美國辦公室、德國辦公室、中國辦公室","0.0100","百萬公升/百萬營收","N/A"
"=""8213""","志超","4,359.6650","本公司(母公司)、統盟無錫、祥豐中山、志超遂寧、志超越南、宇環科技、志昱科技","0.2462","公噸/百萬元營業額","N/A"
"=""8215""","明基材","13,520,895.0616","桃園廠區、雲林廠區及大陸廠區","727.1644","公噸/百萬元營業額","ISO 46001"
"=""8222""","寶一","18,860.0000","母公司","0.0210","百萬公升/百萬元營業額","N/A"
"=""8249""","菱光","0.7461","母公司","0.0178","公噸/百萬元營業額","N/A"
"=""8261""","富鼎","3,582.0500","母公司","1.2276","公噸/百萬元營業額","N/A"
"=""8271""","宇瞻","10,490.0000","宇瞻營業總部1-7樓，自來水水費單","1.3385","公噸/百萬元營業額","確信準則3000號"
"=""8341""","日友","274,094.0000","日友公司雲林廠、彰濱廠、台北辦公室","0.0031","百萬公升/公噸=所有地區總取水量÷總廢棄物處理量(總廢棄物處理量包含焚化處理、固化處理及物化處理量，不包含掩埋處理量","N/A"
"=""8367""","建新國際","N/A","N/A","N/A","N/A","N/A"
"=""8374""","羅昇","1,065.0000","台灣營運據點","1.0400","公噸/百萬元營業額","N/A"
"=""8404""","百和興業-KY","1,168,396.0000","江蘇百宏複合材料科技股份有限公司、東莞百宏實業有限公司、越南百宏責任有限公司","170.4300","公噸/百萬元營業額","N/A"
"=""8411""","福貞-KY","397,130.0000","本公司(福貞控股)及所屬轉投資孫公司(「鼎新金屬股份有限公司」、「鼎立金屬包裝股份有限公司」、「福建福貞金屬包裝有限公司」、「福建福天食品有限公司」、「山東福貞金屬包裝有限公司」、「河南福貞金屬包裝有限公司」)作為揭露範疇","N/A","N/A","N/A"
"=""8422""","可寧衛","531,317.1184","本公司以下營運據點：上評資源循環股份有限公司、大倉實業股份有限公司、大創綠能股份有限公司、大寧股份有限公司、可寧衛企業股份有限公司、可寧衛股份有限公司-固化廠、可寧衛股份有限公司-總部、吉鼎材料股份有限公司、吉衛股份有限公司","102.7910","公噸/百萬元營業額","N/A"
"=""8429""","金麗-KY","9,560.3125","合併報表母子公司","72.1119","公噸/百萬元營業額","N/A"
"=""8438""","昶昕","46,884.0000","2024大園一廠、大園廠、海湖廠、蘆竹廠、含銅廢液處理廠","0.3628","公噸/百萬元營業額","N/A"
"=""8442""","威宏-KY","175.9000","合併財務報表之母子公司","N/A","N/A","N/A"
"=""8443""","阿瘦","13,079.0000","母公司","11.5100","公噸/百萬元營業額","N/A"
"=""8454""","富邦媒","107,407.3346","合併財務報表之母子公司。","0.8763","公噸/百萬元營業額","N/A"
"=""8462""","柏文","819,098.8600","包含合併財務報表之母子公司","159.8866","公噸/百萬元營業額","N/A"
"=""8463""","潤泰材","59,220.0000","母公司個體(涵蓋所有營運據點)","12.6703","公噸/百萬元營業額","N/A"
"=""8464""","億豐","N/A","N/A","N/A","N/A","N/A"
"=""8466""","美吉吉-KY","178,020.0000","美喆國際企業股份有限公司(土城總公司：新北市土城區大暖路126號及台南廠區：台南市安南區工業三路16號) 東莞美哲塑膠製品有限公司 東莞普隆塑膠製品有限公司","46.1033","公噸/百萬元營業額","N/A"
"=""8467""","波力-KY","N/A","N/A","1.0300","公噸/產品","N/A"
"=""8473""","山林水","N/A","N/A","N/A","N/A","N/A"
"=""8476""","台境*","7,600.0000","母公司","0.5200","百萬公升/億元 ","N/A"
"=""8478""","東哥遊艇","12,880.0000","台灣營運據點","0.0026","百萬公升/百萬營業額","N/A"
"=""8481""","政伸","15,392.0000","母公司","26.4342","公噸/百萬元營業額","N/A"
"=""8482""","商億-KY","N/A","N/A","N/A","N/A","N/A"
"=""8487""","愛爾達-創","4.8380","本公司以下營運據點：愛爾達科技股份有限公司","2.9245","公噸/百萬元營業額","N/A"
"=""8488""","吉源-KY","N/A","N/A","N/A","N/A","N/A"
"=""8499""","鼎炫-KY","3,502.0000","就主要生產基地隆揚電子(昆山)股份有限公司進行蒐集。","N/A","N/A","N/A"
"=""8926""","台汽電","907,950.0000","台汽電官田廠","154.1126","公噸/百萬元營業額","確信準則3000號（TWSAE3000）"
"=""8940""","新天地","57,780.0000","新天地梧棲創始店、新天地崇德旗艦店、新天地旱溪東區店","89.6092","公噸/百萬元營業額","N/A"
"=""8996""","高力","28,330.0000","已完成母公司","7.5086","公噸/百萬元營業額","N/A"
"=""9802""","鈺齊-KY","547,033.0000","合併財務報表之母子公司","N/A","N/A","N/A"
"=""9902""","台火","0.8090","合併財務報表之母子公司","0.0030","公噸/百萬元營業額","N/A"
"=""9904""","寶成","5,132,100.0000","本公司製鞋業務範圍","0.0228","公噸/產品","113年臺灣區域水資源數據，由臺灣檢驗科技股份有限公司(SGS Taiwan Ltd.)以AA 1000AS v3第二類型高度保證等級(Type 2 High Level) 進行保證"
"=""9905""","大華","106,960.0000","僅母公司","46.3400","公噸/百萬元營業額","N/A"
"=""9906""","欣巴巴","N/A","N/A","N/A","N/A","N/A"
"=""9907""","統一實","1,096,118.0000","母公司個體(包含:台灣個體一廠及二廠)","67.5200","公噸/百萬元營業額","N/A"
"=""9908""","大台北","13,527.0000","母公司二棟大樓自用樓層及內湖工務部","4.0770","公噸/百萬元營業額","N/A"
"=""9910""","豐泰","1,052,000.0000","包含豐泰集團總部及各地區子公司，但不包含控股等關係企業。","12.0246","公噸/百萬元營業額","N/A"
"=""9911""","櫻花","13,715.6568","盤查邊界為台灣櫻花國內各廠區及部份子公司。","1.4300","公噸/百萬元營業額","N/A"
"=""9912""","偉聯","577.0000","母公司","N/A","N/A","N/A"
"=""9914""","美利達","65,710.0000","母公司","0.0012","公噸/百萬元營業額","N/A"
"=""9917""","中保科","56,873.2000","總公司旗下據點及分公司","7.2480","公噸/百萬元營業額","N/A"
"=""9918""","欣天然","1,646.0000","欣欣大樓","0.8343","公噸/百萬元營業額","N/A"
"=""9919""","康那香","190,291.0000","佳里廠: 臺南市佳里區民安里同安寮77-1號 口寮廠: 臺南市將軍區將軍里三吉66之1號 佳里三廠: 臺南市將軍區苓仔寮里源頭1-2號","96.7918","公噸/百萬元營業額","N/A"
"=""9921""","巨大","2,267,467.4073","巨大集團不含台灣與大陸以外之銷售據點","0.5622","公噸/產品","N/A"
"=""9924""","福興","N/A","N/A","N/A","N/A","N/A"
"=""9925""","新保","6,536.0000","科技總部","N/A","N/A","N/A"
"=""9926""","新海","5,229.0000","母公司","2.2400","公噸/百萬元營業額","N/A"
"=""9927""","泰銘","29,150.0000","全廠","5.2295","公噸/百萬元營業額","N/A"
"=""9928""","中視","N/A","N/A","N/A","N/A","N/A"
"=""9929""","秋雨","N/A","N/A","N/A","N/A","N/A"
"=""9930""","中聯資源","240,020.0000","涵蓋母公司南部研磨廠及中部研磨廠","20.1877","公噸/百萬元營業額","ISO 46001"
"=""9931""","欣高","1,230.0000","母公司","10.1200","公噸/產品","N/A"
"=""9933""","中鼎","108,795.0000","中鼎工程所有營運據點","11.1000","公噸/⼈","N/A"
"=""9934""","成霖","3,927.0000","A.6.僅揭露母公司 B.子公司(山東美林衛浴有限公司)-用水量732763公噸；用水密度304.1773公噸/百萬元營業額","0.5219","公噸/百萬元營業額","N/A"
"=""9935""","慶豐富","13,683.9197","母公司","N/A","N/A","N/A"
"=""9937""","全國","449,087.1100","包含合併財務報表之母子公司","0.5077","公噸/產品銷售量(公秉)","N/A"
"=""9938""","百和","2,224,559.5200","本公司、越南百和責任有限公司、印尼百和股份有限公司、江蘇百宏複合材料股份有限公司、東莞百宏實業有限公司及越南百宏責任有限公司","146.5305","公噸/百萬元營業額","N/A"
"=""9939""","宏全","1,824.4700","宏全國際包材、飲料事業體","0.1811","公噸/百萬元營業額","ISAE 3000"
"=""9940""","信義","73,558.9905","信義房屋股份有限公司","5.9189","公噸/一千工時","ISO 46001"
"=""9941""","裕融","14,665.0000","母公司+子公司新鑫、裕富","8.8200","公噸/員工人數","N/A"
"=""9942""","茂順","84,954.0000","茂順一至六廠及租賃廠","N/A","N/A","N/A"
"=""9943""","好樂迪","378.2970","無","0.1400","取水量(百萬公升)/組織特定度量值(營業收入(佰萬元))","N/A"
"=""9944""","新麗","11,223.0000","母公司","7.6600","公噸/產品","N/A"
"=""9945""","潤泰新","55,283.8180","已完成母公司","8.1002","公噸/百萬元營業額","N/A"
"=""9946""","三發地產","2,506.0000","已完成合併財務報表之母子公司","N/A","N/A","N/A"
"=""9955""","佳龍","4,698.0000","已完成母公司","0.2520","公噸/百萬元營業額","N/A"
"=""9958""","世紀鋼","20,179.6071","世紀鋼個體公司","3.8874","公噸/百萬元營業額","N/A"