"報告年度:2023","議題:廢棄物管理"
"公司代號","公司名稱","有害廢棄物(公噸(t))-有害廢棄物(公噸(t))","非有害廢棄物(公噸(t))-非有害廢棄物(公噸(t))","總重量(有害+非有害)(公噸(t))-總重量(有害+非有害)(公噸(t))","資料範圍-資料範圍","廢棄物密集度-密集度(公噸/單位)","廢棄物密集度-單位","驗證標準-取得驗證"
"=""1101""","台泥","0.0000","105,940.3500","105,940.3500","台灣及中國大陸水泥事業，包含台灣及中國大陸之水泥廠與營運辦公室、台灣製品廠(不含轄下發貨站)、萬青水泥、Hong Kong Cement","1.5237","公噸/百萬元營業額","ISO 14001"
"=""1102""","亞泥","0.0000","2,772.0000","2,772.0000","亞泥個體公司","0.2480","公噸/百萬元營業額","ISO 9001,ISO 14001"
"=""1103""","嘉泥","0.0000","0.0000","378.0000","合併財報100%範圍","0.1298","公噸/百萬元營業額","ISO 14001"
"=""1104""","環泥","0.0000","12,203.0000","12,203.0000","母公司","0.0026","公噸/新台幣千元產值","確信準則3000號「非屬歷史性財務資訊查核或核閱之確信案件」"
"=""1108""","幸福","N/A","N/A","N/A","N/A","N/A","N/A","N/A"
"=""1109""","信大","0.0000","118.9800","118.9800","母公司包含台北總公司、宜蘭南聖湖工廠、太白山礦區","0.0180","公噸/百萬元營業額","N/A"
"=""1110""","東泥","0.0000","49.6600","49.6600","母公司","0.0001","公噸/產品","N/A"
"=""1201""","味全","1.3720","11,587.7000","11,589.0720","母公司","0.0849","公噸/產品","ISO 14001"
"=""1203""","味王","2.7000","648.4000","651.1000","本公司豐田廠","0.2900","公噸/百萬元營業額","N/A"
"=""1210""","大成","0.0000","33,334.4760","33,334.4760","大成長城母公司","N/A","N/A","N/A"
"=""1213""","大飲","0.0000","42.6770","42.6770","永大環保、宸羽環保","0.3038","公噸/百萬元營業額","N/A"
"=""1215""","卜蜂","0.0000","22,291.0000","22,291.0000","南投肉食品加工廠、台中飼料廠、高雄飼料廠、雲林飼料廠","N/A","N/A","其他"
"=""1216""","統一","2.0000","40,957.0000","40,959.0000","母公司","8.4300","公噸/千萬元營業額","N/A"
"=""1217""","愛之味","0.0000","2,618.4000","2,618.4000","磅單聯單","0.3566","公噸/產品","N/A"
"=""1218""","泰山","4.0000","1,500.0000","1,504.0000","食品廠","1.7965","公噸/產品","N/A"
"=""1219""","福壽","0.0000","5,821.9300","5,821.9300","母公司福壽實業與子公司洽富","0.3569","公噸/百萬元營業額","N/A"
"=""1220""","台榮","0.0000","636.5000","636.5000","本公司雲林廠+路竹廠","0.0044","公噸/產品","N/A"
"=""1225""","福懋油","0.2370","667.2750","667.5120","母公司(總廠及台中港廠)","N/A","N/A","N/A"
"=""1227""","佳格","5.1300","5,877.2350","5,882.3650","佳格食品股份有限公司大園廠、中壢廠及佳乳食品股份有限公司湖口廠","0.3675","公噸/百萬元營業額","ISO 14001"
"=""1229""","聯華","0.0000","306.6330","306.6330","母公司-聯華實業投資控股(股)公司 以及   子公司-聯華製粉食品(股)公司、聯華置產(股)公司","0.0393","公噸/百萬元營業額","N/A"
"=""1231""","聯華食","0.0000","8,023.7200","8,023.7200","本公司在臺灣的各工廠為主","0.7400","公噸/百萬元營業額","N/A"
"=""1232""","大統益","0.0000","2,335.0000","2,335.0000","僅母公司","0.1263","公噸/百萬元營業額","ISO 14001"
"=""1233""","天仁","0.0000","1,206.1986","1,206.1986","統計範圍以總公司、工廠(含茶文化園區)、直營據點(百貨商場門市)，未包含海內外子公司，並以部分據點合約量及營業額推算。","0.5767","公噸/百萬元營業額","N/A"
"=""1234""","黑松","0.0000","2,697.0000","2,697.0000","中壢廠、斗六廠","0.0135","公噸/產品","N/A"
"=""1235""","興泰","N/A","N/A","N/A","N/A","N/A","N/A","N/A"
"=""1236""","宏亞","0.0000","540.9700","540.9700","母子公司","N/A","N/A","ISO 14001"
"=""1256""","鮮活果汁-KY","1.2542","6,264.8070","6,266.0612","鮮活控股股份有限公司旗下主要營運所在地之蘇州鮮活飲品股份有限公司","1.6089","公噸/百萬元營業額","N/A"
"=""1301""","台塑","2,988.0000","213,956.0000","216,944.0000","母公司","1.4428","公噸/百萬元營業額","N/A"
"=""1303""","南亞","17,019.4800","79,026.0800","96,045.5600","母公司。","0.7900","公噸/百萬元營業額","ISO 14001"
"=""1304""","台聚","78.2200","450.2400","528.4600","高雄廠","0.0020","公噸/產品","ISO 14001"
"=""1305""","華夏","197.9500","4,725.9300","4,923.8800","華夏頭份總廠、台氯林園廠、華聚林園廠","0.0053","公噸/產品","ISO 14001"
"=""1307""","三芳","257.0000","639.0000","896.0000","個體母公司","N/A","N/A","N/A"
"=""1308""","亞聚","0.0000","575.0400","575.0400","林園廠","0.0040","公噸/產品","ISO 14001"
"=""1309""","台達化","0.0000","3,986.9000","3,986.9000","前鎮廠、林園廠、頭份廠及中山廠","0.0089","公噸/產品","ISO 14001"
"=""1310""","台苯","0.0000","4,709.9980","4,709.9980","台苯高雄廠(高雄市林園區工業一路7號)","0.0175","公噸/產品","ISO 14001"
"=""1312""","國喬","0.0000","18,745.5100","18,745.5100","僅母公司","1.4670","公噸/百萬元營業額","ISO 14001"
"=""1313""","聯成","475.9500","2,959.2400","3,435.1900","母公司","N/A","N/A","N/A"
"=""1314""","中石化","25,930.0000","15,103.0000","41,033.0000","生產廠區","1.5500","公噸/百萬元營業額","ISO 14001"
"=""1315""","達新","0.0000","2.3500","2.3500","母公司","N/A","N/A","N/A"
"=""1316""","上曜","N/A","N/A","N/A","N/A","N/A","N/A","N/A"
"=""1319""","東陽","274.0000","2,666.0000","2,940.0000","台灣營運地區（台南總部、桃園觀音廠、台北辦事處）","0.1615","公噸/百萬元營業額","ISO 9001,ISO 14001"
"=""1321""","大洋","9.3200","606.1700","615.4900","母公司 ","0.0044","公噸/產品","N/A"
"=""1323""","永裕","0.0000","102.0400","102.0400","合併財務報表之母公司","0.0605","公噸/百萬元營業額","N/A"
"=""1324""","地球","174.9200","78.2700","253.1900","母公司","0.2749","公噸/百萬元營業額","N/A"
"=""1325""","恆大","N/A","N/A","N/A","N/A","N/A","N/A","N/A"
"=""1326""","台化","17.0000","169,330.0000","169,347.0000","112年母公司及台醋公司之台灣廠區","77.8100","公噸/ 億元營業額","N/A"
"=""1337""","再生-KY","N/A","N/A","N/A","N/A","N/A","N/A","N/A"
"=""1338""","廣華-KY","250.9180","902.4100","1,153.3280","子公司東莞廣澤汽車飾件有限公司","0.0000","公噸/產品","N/A"
"=""1339""","昭輝","N/A","N/A","85.7800","N/A","N/A","N/A","N/A"
"=""1340""","勝悅-KY","N/A","N/A","N/A","N/A","N/A","N/A","N/A"
"=""1341""","富林-KY","552.5500","7,131.6472","7,684.1972","本公司之子公司(越南海防廠及同奈廠),其中同奈廠數據已經過驗證。","0.6031","KG/KG","Higg Index (FEM)"
"=""1342""","八貫","N/A","N/A","N/A","N/A","N/A","N/A","N/A"
"=""1402""","遠東新","12,484.0000","96,608.0000","109,092.0000","本公司生產事業21個生產據點","0.0155","公噸/產品","ISO 9001,ISO 14001"
"=""1409""","新纖","0.0000","7,384.0000","7,384.0000","日期: 2023/01/01 - 2023/12/31","N/A","N/A","N/A"
"=""1410""","南染","N/A","N/A","N/A","N/A","N/A","N/A","N/A"
"=""1413""","宏洲","143.1800","26.8300","170.0100","宏洲纖維工業股份有限公司桃園廠","0.0852","公噸/百萬元營業額","N/A"
"=""1414""","東和","0.0000","591.0229","591.0229","麻豆工廠","1.0430","公噸/百萬元營業額","ISO 9001"
"=""1416""","廣豐","N/A","N/A","N/A","N/A","N/A","N/A","N/A"
"=""1417""","嘉裕","N/A","N/A","N/A","N/A","N/A","N/A","N/A"
"=""1418""","東華","0.0000","0.7800","0.7800","廢棄物清運量","0.0400","公噸/百萬元營業額","N/A"
"=""1419""","新紡","0.0000","169.8300","169.8300","大溪廠及大園廠","0.0537","公噸/百萬元營業額","ISO 9001,ISO 14001"
"=""1423""","利華","N/A","N/A","N/A","N/A","0.0000","公噸/百萬元營業額","N/A"
"=""1432""","大魯閣","N/A","N/A","N/A","N/A","N/A","N/A","N/A"
"=""1434""","福懋","912.4200","6,792.9900","7,705.4100","台灣廠區","0.3500","公噸/百萬元營業額","N/A"
"=""1435""","中福","N/A","N/A","N/A","N/A","N/A","N/A","N/A"
"=""1436""","華友聯","N/A","N/A","N/A","N/A","N/A","N/A","N/A"
"=""1437""","勤益控","N/A","N/A","N/A","N/A","N/A","N/A","N/A"
"=""1438""","三地開發","N/A","N/A","N/A","N/A","N/A","N/A","N/A"
"=""1439""","雋揚","0.0000","4.5856","4.5856","母公司","N/A","N/A","N/A"
"=""1440""","南紡","0.1600","782.7100","782.8700","本公司個體","0.0832","公噸/百萬元營業額","ISO 14001"
"=""1441""","大東","N/A","N/A","N/A","N/A","N/A","N/A","N/A"
"=""1442""","名軒","N/A","N/A","N/A","N/A","N/A","N/A","N/A"
"=""1443""","立益物流","N/A","N/A","N/A","N/A","N/A","N/A","N/A"
"=""1444""","力麗","0.0000","2,030.3900","2,030.3900","化纖總廠、假撚總廠","N/A","N/A","N/A"
"=""1445""","大宇","N/A","N/A","N/A","N/A","N/A","N/A","N/A"
"=""1446""","宏和","0.0000","13.6000","13.6000","母公司","0.1063","公噸/百萬元營業額","N/A"
"=""1447""","力鵬","52.4600","10,764.6500","10,817.1100","楊梅廠區、彰化尼龍總廠、彰化紡織廠","N/A","N/A","N/A"
"=""1449""","佳和","0.0000","413.0400","413.0400","112年","1.0000","公噸/產品","事業廢棄物清理計畫書"
"=""1451""","年興","5,912.4700","6,547.8300","12,460.3000","紡織事業處(台灣後龍廠+墨西哥紡織廠+賴索托紡織廠)+成衣事業處(越南寧平廠+賴索托成衣廠)","1.9595","公噸/百萬元營業額","N/A"
"=""1452""","宏益","0.0000","16.2900","16.2900","包含合併財務報表之母子公司","0.0009","公噸/產品","N/A"
"=""1453""","大將","N/A","N/A","N/A","N/A","N/A","N/A","N/A"
"=""1454""","台富","N/A","N/A","N/A","N/A","N/A","N/A","N/A"
"=""1455""","集盛","0.0000","1,228.0800","1,228.0800","一至五廠區","0.0080","公噸/產品","N/A"
"=""1456""","怡華","0.0000","510.9500","510.9500","台南官田廠","N/A","N/A","N/A"
"=""1457""","宜進","0.0000","2.6270","2.6270","「宜進實業股份有限公司及子公司(光明絲織廠股份有限公司、宏洲纖維工業股份有限公司、億東纖維股份有限公司、欣懋投資股份有限公司、大田國際開發股份有限公司、大宜國際開發股份有限公司) 台北公司","0.0027","公噸/百萬元營業額","N/A"
"=""1459""","聯發","0.0000","34.9900","34.9900","工廠","0.0040","公噸/產品","N/A"
"=""1460""","宏遠","34.5700","9,347.3265","9,381.8965","N/A","0.9380","公噸/產品","ISO 14001"
"=""1463""","強盛","1,234.0000","0.0000","1,234.0000","母公司","N/A","N/A","N/A"
"=""1464""","得力","0.0000","3,618.0000","3,618.0000","僅母公司","0.0001","公噸/產品","ISO 14001"
"=""1465""","偉全","N/A","N/A","N/A","N/A","N/A","N/A","N/A"
"=""1466""","聚隆","0.0000","258.8700","258.8700","涵蓋聚隆纖維股份有限公司「埔鹽廠」、「芳苑廠」、「斗六廠」，地理位置範圍分別為「彰化縣埔鹽鄉永樂村番金路 94 號」、「彰化縣芳苑鄉後寮村工區路 45 號」、「雲林縣斗六市斗工十路 150 號」","0.1317","公噸/百萬元營業額","N/A"
"=""1467""","南緯","0.0710","100.0000","100.0710","越南產區","N/A","N/A","ISO 14001"
"=""1468""","昶和","49.4750","2,083.0000","2,132.4750","合併子公司","2.0200","公噸/百萬元營業額","N/A"
"=""1470""","大統新創","0.0000","801.0000","801.0000","合併財務報表之母子公司之桃園廠區","0.2300","公噸/產品","N/A"
"=""1471""","首利","N/A","N/A","N/A","N/A","N/A","N/A","N/A"
"=""1472""","三洋實業","0.0000","4,433.1600","4,433.1600","集團總部及全國在建工務所產生之廢棄物","N/A","N/A","N/A"
"=""1473""","台南","5.1400","4.3300","9.4700","臺南企業總部","0.0001","公噸/百萬元營業額","N/A"
"=""1474""","弘裕","0.0000","714.0000","714.0000","弘裕企業公司(伸港廠、全興廠、和美廠)","N/A","N/A","N/A"
"=""1475""","業旺","N/A","N/A","N/A","N/A","N/A","N/A","N/A"
"=""1476""","儒鴻","229.8880","14,062.1010","14,291.9890","包含合併財務報表之母子公司","0.4641","公噸/百萬元營業額","ISO 14001"
"=""1477""","聚陽","1,236.8400","8,550.1300","9,786.9700","聚陽股份有限公司(總公司)、 Leader Garments Corp.、 Moha Garments Co., Ltd.、 Triple Garment(Vietnam) Co., Ltd.、 Makalot Garments(Vietnam) Co., Ltd.、 Makalot Garments(Cambodia) Co., Ltd.、 PT. Glory Industrial Semarang、  PT. Starlight Garment Semarang、 Leader Garment(Vietnam) Co., Ltd.、 Jiaxing Ruiyang Garment Co., Ltd、 Jiaxing Rising Garment Co.,Ltd、 Jiaxing Suntex Garment Co.,Ltd ","0.3000","公噸/百萬元營業額","ISAE3000"
"=""1503""","士電","10.0000","881.0000","891.0000","揭露範疇以本公司四大事業群(三廠區)為主，不包含台北總部及各地分公司。","N/A","N/A","N/A"
"=""1504""","東元","286.2700","946.8900","1,233.1600","台灣地區、大陸/越南地區、美國地區、義大利地區 ","0.0000","公噸/百萬元營業額","ISO 14001"
"=""1506""","正道","0.6000","377.5800","378.1800","僅計算母公司(正道工業仁德廠區)廢棄物總重量","0.4032","公噸/百萬元營業額","N/A"
"=""1512""","瑞利","N/A","N/A","N/A","N/A","N/A","N/A","N/A"
"=""1513""","中興電","5.5963","188.4100","194.0063","112年度(不含R類)","0.0088","公噸/百萬元營業額","ISO 14001"
"=""1514""","亞力","0.0000","70.5740","70.5740","僅母公司，其中含總公司、新莊廠、楊梅廠","0.0078","公噸/百萬元營業額","N/A"
"=""1515""","力山","0.0000","3.9000","3.9000","母公司","0.0005","公噸/百萬元營業額","ISO 14001"
"=""1516""","川飛","N/A","N/A","N/A","N/A","N/A","N/A","N/A"
"=""1517""","利奇","0.0000","203.0973","203.0973","利奇機械工業股份有限公司 總公司：彰化市石牌里石牌路一段112號 南崗廠：南投縣南投市南崗工業區工業南五路8號","0.1489","公噸/百萬元營業額","N/A"
"=""1519""","華城","0.0000","143.5750","143.5750","包含合併財務報表之母子公司","N/A","N/A","ISO 14001"
"=""1521""","大億","23.0100","37.8800","60.8900","總公司：台南市南區新信路11號 金茂廠：台南市南區新樂路39號1-3樓","40.3600","公噸/百萬元營業額","ISO 14001"
"=""1522""","堤維西","0.0000","714.6000","714.6000","112年廢棄物聯單系統","0.0564","公噸/百萬元營業額","ISO 14001"
"=""1524""","耿鼎","0.0000","233.0500","233.0500","母公司","0.0149","公噸/產品","N/A"
"=""1525""","江申","0.0000","220.0700","220.0700","母公司","0.1377","公噸/百萬元營業額","N/A"
"=""1526""","日馳","0.0000","46.7840","46.7840","日馳企業股份有限公司","0.0470","公噸/百萬元營業額","N/A"
"=""1527""","鑽全","0.0000","327.3850","327.3850","2023/01/01-2023/12/31","9.0390","公噸/百萬元營業額","ISO 14001"
"=""1528""","恩德","N/A","N/A","N/A","N/A","N/A","N/A","N/A"
"=""1529""","樂事綠能","0.0000","14.3000","14.3000","楊梅工廠","0.0190","公噸/百萬元營業額","N/A"
"=""1530""","亞崴","N/A","N/A","N/A","N/A","N/A","N/A","N/A"
"=""1531""","高林股","72.1000","229.5900","301.6900","桃園廠及高銀廠之事業廢棄物，生活廢棄物因統計基準不一因此未統計","N/A","N/A","N/A"
"=""1532""","勤美","309.0000","89,412.0000","89,721.0000","勤美金屬成型事業處、蘇州勤美達精密機械有限公司(CMS)、勤威(天津)工業有限公司(CMW)、蘇州勤堡精密機械有限公司(CMB)及勤美達（武漢）精密機械有限公司(CMH)","N/A","N/A","N/A"
"=""1533""","車王電","1.0020","95.2820","96.2840","台灣母公司","0.1701","公噸/百萬元營業額","ISO 14001"
"=""1535""","中宇","0.0000","12.7260","12.7260","包含合併財務報表之母子公司","0.0131","公噸/千萬元營業額","ISO 14064-1"
"=""1536""","和大","N/A","N/A","N/A","N/A","N/A","N/A","ISO 14001"
"=""1537""","廣隆","2,108.0000","1,102.0000","3,210.0000","包含合併財務報表之母子公司","N/A","N/A","N/A"
"=""1538""","正峰","0.0000","15.2000","15.2000","申報清運","N/A","N/A","N/A"
"=""1539""","巨庭","N/A","N/A","N/A","N/A","N/A","N/A","N/A"
"=""1540""","喬福","N/A","N/A","N/A","N/A","N/A","N/A","N/A"
"=""1541""","錩泰","12.0000","549.0000","561.0000","包含合併財務報表之母子公司","0.1380","公噸/百萬元營業額","N/A"
"=""1558""","伸興","49.0900","588.8100","637.9000","合併財務報表之母子公司(不含宇隆)","0.0003","公噸/產品","ESG報告書AA1000"
"=""1560""","中砂","22.8280","1,610.1190","1,632.9470","母公司","0.2800","公噸/百萬元營業額","N/A"
"=""1563""","巧新","81.2400","6,397.6700","6,478.9100","僅母公司","0.8328","公噸/百萬元營業額","ISO 14001"
"=""1568""","倉佑","4.8400","489.0500","493.8900","不含資源回收類","0.4040","公噸/百萬元營業額","ISO 14001"
"=""1582""","信錦","0.0000","4.4108","4.4108","母公司","N/A","N/A","N/A"
"=""1583""","程泰","0.0000","1,089.1327","1,089.1327","程泰機械(全公司,含中科廠/嘉義廠/工業區廠)","N/A","N/A","N/A"
"=""1587""","吉茂","4,995.0000","34,730.0000","39,725.0000","母公司","N/A","N/A","N/A"
"=""1589""","永冠-KY","386.1338","33,363.6500","33,749.7838","合併財務報表之母子公司","3.8923","公噸/百萬元營業額","ISO 14001"
"=""1590""","亞德客-KY","5,704.9310","15,738.8484","21,443.7794","考量揭露訊息之重大性以及實際管理需求，涵蓋主要銷售據點、主要生產基地和營運總部，合計揭露比重佔 2023 年合併營業收入達96%，亦達2023年度生產產值100%。","0.7189","公噸/百萬元營業額","N/A"
"=""1597""","直得","0.0000","217.7000","217.7000","母公司","0.2735","公噸/百萬元營業額","ISO 14001"
"=""1598""","岱宇","0.0000","43.9500","43.9500","彰化本廠、二廠、五廠、台中辦公室","0.0012","公噸/土地總面積","N/A"
"=""1603""","華電","N/A","N/A","N/A","N/A","N/A","N/A","N/A"
"=""1604""","聲寶","0.0000","6.0000","6.0000","聲寶股份有限公司及德寶家電股份有限公司","N/A","N/A","ISO 14001"
"=""1605""","華新","72,668.2720","175,507.3880","248,175.6600","華新麗華股份有限公司個體公司及子公司( 包括東莞華新、上海華新、江陰華新、江陰合金、煙台華新、常熟華新、華新精密)","0.2418","公噸/產品","ISO 14001"
"=""1608""","華榮","13.8200","509.0200","522.8400","高楠廠生產工廠","0.0735","公噸/百萬元營業額","N/A"
"=""1609""","大亞","112.0980","2,236.1760","2,348.2740","大亞公司(個體)","0.0593","公噸/產品","N/A"
"=""1611""","中電","1.9210","28.3000","30.2210","依據 112 年度廢棄物清理量","30.2211","公噸/百萬元營業額","N/A"
"=""1612""","宏泰","52.1980","237.4700","289.6680","僅母公司","4.6826","公噸/百萬元營業額","ISO 9001"
"=""1614""","三洋電","0.0000","1,259.5500","1,259.5500","台灣三洋電機股份有限公司及三洋全能股份有限公司","0.2188","公噸/百萬元營業額","N/A"
"=""1615""","大山","N/A","N/A","N/A","N/A","N/A","N/A","N/A"
"=""1616""","億泰","N/A","N/A","394.7440","N/A","N/A","N/A","N/A"
"=""1617""","榮星","68.1230","33.0650","101.1880","有害:廢溶劑+廢空桶.非有害:廢油+一般垃圾+廢觸媒","0.0721","公噸/百萬元營業額","N/A"
"=""1618""","合機","N/A","N/A","561.2000","N/A","N/A","N/A","N/A"
"=""1626""","艾美特-KY","107.5800","646.8000","754.3800","主要營運據點艾美特電器（深圳）有限公司、艾美特電器（九江）有限公司","N/A","N/A","N/A"
"=""1702""","南僑","53.0000","15,147.0000","15,200.0000","涵蓋台灣、中國大陸、泰國地區之製造單位及台灣、中國大陸餐飲事業","0.6701","公噸/百萬元營業額","N/A"
"=""1707""","葡萄王","4.4900","3,425.4100","3,429.9000","台灣區(葡萄王生技+葡眾企業) ","0.3200","公噸/百萬元營業額","ISO 14001"
"=""1708""","東鹼","0.0000","669.0200","669.0200","僅母公司","3.6200","公噸/百萬元營業額","ISO 14001"
"=""1709""","和益","0.0167","636.3532","636.3699","母公司及子公司聯超、和協","0.0674","公噸/百萬元營業額","N/A"
"=""1710""","東聯","0.0300","705.1500","705.1800","東聯化學股份有限公司高雄林園廠","6.8150","公噸/百萬元營業額","ISO 14001"
"=""1711""","永光","1,761.3000","6,854.7000","8,616.0000","桃園地區四個廠區、新竹全通科技、大陸地區的蘇州永光，已取得ISO 14001認證之生產型廠區及子公司","1.2000","公噸/百萬元營業額","ISO 14001"
"=""1712""","興農","2.8000","2,559.3600","2,562.1600","母公司王田廠、王田二廠、王田三廠、生物工廠、大肚廠","0.1300","公噸/百萬元營業額","ISO 14001"
"=""1713""","國化","0.0000","209.8900","209.8900","屏南廠","0.4400","公噸/百萬元營業額","N/A"
"=""1714""","和桐","0.0002","70.9202","70.9204","母公司","0.0024","公噸/產品","N/A"
"=""1717""","長興","45,922.4386","6,156.4693","52,078.9079","資料為依法規定義申報之廢棄物量，未包含GRI定義之再使用準備及回收數量。","0.1198","公噸/產品","ISO 14001"
"=""1718""","中纖","0.1100","15,456.6900","15,456.8000","中國人造纖維股份有限公司高雄總廠(含汽電二廠)","N/A","N/A","N/A"
"=""1720""","生達","92.6054","301.9180","394.5234","生達一廠+生達二廠","0.1319","公噸/百萬元營業額","N/A"
"=""1721""","三晃","83.4200","1,538.5400","1,621.9600","僅母公司 ","0.1072","公噸/產品","確信準則3000號"
"=""1722""","台肥","909.0100","425.1500","1,334.1600","台肥母公司台中廠及苗栗廠","0.0889","公噸/百萬元營業額","N/A"
"=""1723""","中碳","14.9400","209.9200","224.8600","母公司","0.0260","公噸/百萬元營業額","N/A"
"=""1725""","元禎","0.0000","21.0470","21.0470","母公司","0.0028","公噸/百萬元營業額","N/A"
"=""1726""","永記","485.7400","1,271.6200","1,757.3600","20230101~20231231","N/A","N/A","ISO 14001"
"=""1727""","中華化","189.7270","1,452.6600","1,642.3870","中華化學桃園一廠、桃園二廠2023 年度事業廢棄物總產出量","0.0013","公噸/產品","ISO 14001"
"=""1730""","花仙子","6.0189","56.2600","62.2789","蘇州太倉廠","0.1786","公噸/百萬元營業額","N/A"
"=""1731""","美吾華","0.0000","87.4700","87.4700","台北總公司、台中及高雄服務中心及楊梅工廠及物流中心","N/A","N/A","N/A"
"=""1732""","毛寶","0.0000","510.6000","510.6000","母公司","0.9200","公噸/百萬元營業額","N/A"
"=""1733""","五鼎","1.7000","184.9500","186.6500","全廠","0.2011","kg/每千片試片","ISO 14001"
"=""1734""","杏輝","15.6500","212.6300","228.2800","母公司","0.0001","公噸/仟元營業額","ISO 14001"
"=""1735""","日勝化","127.6700","1,131.8200","1,259.4900","僅母公司(南崗廠、大園廠)","0.0751","公噸/產品","N/A"
"=""1736""","喬山","76.8500","3,035.8700","3,112.7200","集團總部與台灣廠、上海廠、越南廠","0.1256","公噸/百萬元營業額","ISO 14001"
"=""1737""","臺鹽","0.0000","313.8521","313.8521","台鹽公司112年度環境會計年度列帳資料","0.0990","公噸/百萬元營業額","N/A"
"=""1752""","南光","16.3500","165.8750","182.2250","總公司","0.0848","公噸/百萬元營業額","N/A"
"=""1760""","寶齡富錦","11.6600","262.3500","274.0000","平鎮廠+正峰大園廠","N/A","N/A","N/A"
"=""1762""","中化生","1,868.4600","620.0400","2,488.5000","「中化合成生技股份有限公司」的生產製程、生產設施及營業活動之溫室氣體排放之責任界限","1.2207","公噸/百萬元營業額","N/A"
"=""1773""","勝一","0.0000","660.9200","660.9200","母公司","0.0735","公噸/百萬元營業額","N/A"
"=""1776""","展宇","57.0000","467.3270","524.3270","僅母公司","0.8857","公噸/百萬元營業額","N/A"
"=""1783""","和康生","N/A","N/A","N/A","N/A","N/A","N/A","N/A"
"=""1786""","科妍","0.0570","72.0000","72.0570","母公司","N/A","N/A","N/A"
"=""1789""","神隆","3,647.6600","425.3560","4,073.0160","僅母公司南科廠(台南市善化區南科八路一號)","1.3545","公噸/百萬元營業額","N/A"
"=""1795""","美時","N/A","N/A","413.2100","N/A","0.2200","公噸/百萬元營業額","N/A"
"=""1802""","台玻","72.0800","16,718.8500","16,790.9300","台灣各廠","N/A","N/A","ISO 9001,ISO 14001"
"=""1805""","寶徠","N/A","N/A","N/A","N/A","N/A","N/A","N/A"
"=""1806""","冠軍","0.0000","13,212.4600","13,212.4600","苗栗縣造橋鄉豐湖村一鄰乳姑山2號","0.0013","公噸/產品","N/A"
"=""1808""","潤隆","0.0000","26,647.5000","26,647.5000","本公司建案：基隆德安C區、中和圓通337地號、桃園善捷76、台中惠安223、台中中正228。","0.8710","公噸/百萬元營業額","N/A"
"=""1809""","中釉","230.8400","159.9400","390.7800","竹東廠：地址位於新竹縣竹東鎮頭重里中興路四段136號、苗栗廠：苗栗縣通霄鎮通灣里65之18號。","N/A","N/A","N/A"
"=""1810""","和成","0.0000","4,093.3030","4,093.3030","4093.303","1.3045","公噸/百萬元營業額","N/A"
"=""1817""","凱撒衛","0.0000","72.7000","72.7000","台灣地區","0.0290","公噸/百萬元營業額","N/A"
"=""1903""","士紙","N/A","N/A","N/A","N/A","N/A","N/A","N/A"
"=""1904""","正隆","0.0000","328,070.0000","328,070.0000","母公司","21.9483","公噸/產品","N/A"
"=""1905""","華紙","0.0000","178,809.0000","178,809.0000","母公司個體中華紙漿臺灣生產據點(觀音廠、久堂廠、花蓮廠、台東廠及營業據點)及海外子公司(廣東鼎豐紙業、肇慶鼎豐林業、貴州元豐林業有限公司)","0.2057","公噸/產品","N/A"
"=""1906""","寶隆","0.0000","1.2000","1.2000","本公司","N/A","N/A","N/A"
"=""1907""","永豐餘","764.0000","562,444.0000","563,208.0000","永豐餘林漿紙、工紙紙器、消費品三大事業群之所有生產據點。","0.2056","公噸/產品","ISO 14001"
"=""1909""","榮成","20.0200","52,414.7600","52,434.7800","母公司","0.0650","公噸/產品","N/A"
"=""2002""","中鋼","33.5000","517,130.7000","517,164.2000","母公司","0.0666","公噸/產品","ISO 14001"
"=""2006""","東和鋼鐵","33,507.0000","307,517.0000","341,024.0000","母公司","0.1790","公噸/鋼胚產量","ISO 9001,ISO 14001"
"=""2007""","燁興","0.0000","7,425.0000","7,425.0000","本公司","1.4800","公噸/百萬元營業額","N/A"
"=""2008""","高興昌","0.0000","496.5700","496.5700","個別財報(本公司無子公司) 高雄總公司、屏東分公司、台北分公司","0.3400","公噸/百萬元營業額","N/A"
"=""2009""","第一銅","458.1800","364.8300","823.0100","第一伸銅科技股份有限公司臨海廠","0.1082","公噸/產品","N/A"
"=""2010""","春源","0.0000","11,179.0000","11,179.0000","春源鋼鐵母公司在台灣之營運據點","0.0284","公噸/產品","ISO 14001"
"=""2012""","春雨","4,360.0000","2,103.6400","6,463.6400","岡山廠","N/A","N/A","ISO 14001"
"=""2013""","中鋼構","0.0000","3,754.2100","3,754.2100","母公司","0.2520","公噸/百萬元營業額","N/A"
"=""2014""","中鴻","17,240.8800","85,965.2400","103,206.1200","112/1/1~112/12/31(中鴻公司)","2.7330","公噸/百萬元營業額","N/A"
"=""2015""","豐興","31,062.0000","303,258.0000","334,320.0000","僅母公司","9.5843","公噸/百萬元營業額","ISO 14001"
"=""2017""","官田鋼","0.0000","2,019.7200","2,019.7200","官田廠、麻豆廠","0.0254","公噸/產品","N/A"
"=""2020""","美亞","30.8900","7,529.7680","7,560.6580","埔心總廠","1.0800","公噸/百萬元營業額","ISO 14001"
"=""2022""","聚亨","1,236.8600","984.4600","2,221.3200","母公司 (一廠  ; 二廠 ; 三廠)","0.0361","公噸/產品","N/A"
"=""2023""","燁輝","146.7700","72,924.3700","73,071.1400","母公司","2.9600","公噸/百萬元營業額","N/A"
"=""2024""","志聯","614.0000","127.0000","741.0000","公司＋工廠","0.8090","公噸/百萬元營業額","ISO 14001"
"=""2025""","千興","0.0000","804.4500","804.4500","僅母公司","0.0011","公噸/千元營業額","N/A"
"=""2027""","大成鋼","0.0000","746.2400","746.2400","母公司","0.0127","公噸/產品","N/A"
"=""2028""","威致","11,691.3800","144,562.6600","156,254.0400","個別公司","0.2943","公噸/產品","N/A"
"=""2029""","盛餘","173.4076","3,819.1400","3,992.5476","僅母公司","0.0030","公噸/產品","N/A"
"=""2030""","彰源","0.0000","798.0000","798.0000","2023年一廠、二廠、三廠、元山、元富廠、大連廠、員製課、南營部、北營部。","0.0088","公噸/產品","N/A"
"=""2031""","新光鋼","0.0000","168.5232","168.5232","新光鋼鐵股份有限公司(觀音廠、彰濱廠、高雄廠)","0.0124","公噸/百萬元營業額","N/A"
"=""2032""","新鋼","0.0000","37.7000","37.7000","新莊廠、大園廠","N/A","N/A","N/A"
"=""2033""","佳大","0.0000","153.9600","153.9600","母公司","N/A","N/A","N/A"
"=""2034""","允強","337.0200","753.4200","1,090.4400","僅母公司所有廠區","0.0084","公噸/產品","ISO 14001"
"=""2038""","海光","5,209.1400","33,182.7300","38,391.8700","有害廢棄物：集塵灰。非有害廢棄物：氧化碴、還原碴產出。","4.1473","公噸/百萬元營業額","N/A"
"=""2049""","上銀","475.0000","9,594.0000","10,069.0000","全公司2023年1月到12月","0.5700","公噸/百萬元營業額","ISO 14001"
"=""2059""","川湖","30.5800","229.3700","259.9500","母公司及子公司川益科技(股)公司兩個廠區","0.0289","噸 / 千組產品","ISO 14001"
"=""2062""","橋椿","90.1700","1,201.7900","1,291.9600","2023/1/1~12/31","N/A","N/A","N/A"
"=""2069""","運錩","0.0000","26.6100","26.6100","母公司","N/A","N/A","ISO 14001"
"=""2101""","南港","0.0000","2,219.3800","2,219.3800","2023年","0.5682","公噸/百萬元營業額","ISO 14001"
"=""2102""","泰豐","0.0000","50.7800","50.7800","僅母公司","N/A","N/A","N/A"
"=""2103""","台橡","2,802.7900","3,602.5660","6,405.3560","僅包含報告邊界內具製造生產活動的廠區與子公司。有關2 家以貿易業務為主之控股子公司Polybus 及TSRC (Lux.)，及以辦公室事務為主的全球企業總部及TSRC Specialty Materials LLC 辦公室，僅產生生活垃圾，無有害廢棄物。","12.0627","公噸/產品","ISO 14001"
"=""2104""","國際中橡","475.8500","947.5300","1,423.3800","子公司林園先進","0.0175","公噸/產品","ISO 14001"
"=""2105""","正新","0.2400","2,931.2700","2,931.5100","母公司","0.1680","公噸/百萬元營業額","N/A"
"=""2106""","建大","13.9000","2,138.1000","2,152.0000","台灣地區","0.0625","公噸/百萬元營業額","ISO 14001"
"=""2107""","厚生","1.7200","96.7600","98.4800","母公司","0.0724","公噸/百萬元營業額","N/A"
"=""2108""","南帝","15.5500","1,050.9000","1,066.4500","僅母公司","0.0104","公噸/產品","ISO 14001"
"=""2109""","華豐","0.0000","340.7200","340.7200","一般事業廢棄物及廢橡膠總量","0.1625","公噸/百萬元營業額","ISO 14001"
"=""2114""","鑫永銓","0.0000","563.0000","563.0000","母公司","N/A","N/A","N/A"
"=""2115""","六暉-KY","60.0766","1,870.9020","1,930.9786","子公司(廈門廈暉、PT. LUHAI)","N/A","N/A","N/A"
"=""2201""","裕隆","27.3842","3,343.7140","3,371.0982","裕隆汽車母公司個體營運據點(三義廠區)","0.1337","公噸/百萬元營業額","N/A"
"=""2204""","中華","42.0559","10,044.2400","10,086.2959","楊梅廠與新竹廠廢棄物清運量","0.1904","公噸/產品","ISO 14001"
"=""2206""","三陽工業","0.0000","11,068.7100","11,068.7100","新竹廠、新豐廠、零件業務部、宿舍","0.2200","公噸/百萬元營業額","ISO 14001"
"=""2207""","和泰車","N/A","N/A","N/A","N/A","0.0711","公噸/人","N/A"
"=""2208""","台船","656.9500","3,639.3900","4,296.3400","台船公司高雄廠區","0.2198","公噸/百萬元營業額","N/A"
"=""2211""","長榮鋼","0.0000","8,042.3300","8,042.3300","僅母公司(長榮鋼鐵)","0.9817","公噸/百萬元營業額","N/A"
"=""2227""","裕日車","0.0000","4.8200","4.8200","本公司產出之生活廢棄物","0.0002","公噸/百萬元營業額","ISO 14001"
"=""2228""","劍麟","25.5600","175.9200","201.4800","僅母公司(工廠)","0.1126","公噸/百萬元營業額","ISO 14001"
"=""2231""","為升","5,736.0000","18,537.0000","24,273.0000","僅母公司","4.2100","公噸/百萬元營業額","N/A"
"=""2233""","宇隆","40.3400","319.0000","359.3400","母公司","0.2276","公噸/百萬元營業額","N/A"
"=""2236""","百達-KY","N/A","N/A","N/A","N/A","N/A","N/A","N/A"
"=""2239""","英利-KY","N/A","N/A","N/A","N/A","N/A","N/A","N/A"
"=""2241""","艾姆勒","17.6700","108.2000","125.8700","母公司","0.0001","公噸/產品","N/A"
"=""2243""","宏旭-KY","N/A","N/A","N/A","N/A","N/A","N/A","N/A"
"=""2247""","汎德永業","N/A","N/A","546.3500","合併財務報表全據點","0.0107","公噸/百萬元營業額","N/A"
"=""2250""","IKKA-KY","N/A","N/A","N/A","N/A","N/A","N/A","ISO 9001,ISO 14001,IATF16949"
"=""2254""","巨鎧精密-創","N/A","N/A","N/A","N/A","N/A","N/A","N/A"
"=""2258""","鴻華先進-創","0.0000","247.0000","247.0000","營運最終產生的事業及辦公室廢棄物","0.2400","公噸/百萬元營業額","N/A"
"=""2301""","光寶科","1,683.0000","3,343.0000","5,026.0000","光寶科技中和廠、光寶科技新莊辦公室、光寶科技內湖大樓、光寶科技高雄營運中心、光寶科技(常州)有限公司、光寶光電(常州)有限公司、光寶電子(天津)有限公司、光寶網絡通訊(東莞)有限公司、惠州市力信電子有限公司、光寶電子(東莞)有限公司、光寶電源科技(東莞)有限公司、旭麗電子(東莞)有限公司、建興光電科技(北海)有限公司、光寶電子(廣州)有限公司、敦揚（廣州）汽車電子有限公司、光寶智能汽車(廣州)有限公司、Lite-On Electronics (Thailand) Co., Ltd.、LITE-ON AUTOMOTIVE ELECTRONICS MEXICO, S.A. DE C.V.、LITE-ON VIETNAM CO., LTD.","0.1490","公噸/百萬元營業額","ISO 14001"
"=""2302""","麗正","1.9000","19.1910","21.0910","母子公司","0.0840","公噸/產品","ISO 14001"
"=""2303""","聯電","39,496.0000","24,811.0000","64,307.0000","合併財務報表之母子公司","0.2180","公噸/wafer-m2","ISO 14001"
"=""2305""","全友","2.0400","1.1000","3.1400","母公司","0.0300","公噸/百萬元營業額","N/A"
"=""2308""","台達電","4,301.0000","45,003.0000","49,304.0000","全球據點 ","0.1200","公噸/百萬元營業額","ISO14001、UL2799"
"=""2312""","金寶","2,247.8795","9,552.9323","11,800.8118","合併財務報表之母子公司","0.0739","公噸/百萬元營業額","N/A"
"=""2313""","華通","55,121.0000","19,534.0000","74,655.0000","蘆竹廠、大園廠及惠州電腦、惠州精密、重慶廠、蘇州廠","1.2566","公噸/百萬元營業額","ISO 14001"
"=""2314""","台揚","56.1355","36.7563","92.8918","台揚新竹廠","0.0277","公噸/百萬元營業額","N/A"
"=""2316""","楠梓電","1,768.5700","702.0300","2,470.6000","僅母公司","0.0024","公噸/產品","ISO 9001,ISO 14001"
"=""2317""","鴻海","112,074.3275","1,274,804.2450","1,386,878.5725","合併財務報表之母子公司","0.2300","公噸/百萬元營業額","N/A"
"=""2321""","東訊","0.0000","5.2500","5.2500","生活垃圾+一般事業廢棄物","49.0654","公噸/產品","N/A"
"=""2323""","中環","40.2300","53.0000","93.2300","僅母公司","0.0305","公噸/百萬元營業額","N/A"
"=""2324""","仁寶","1,421,661.0000","6,275,228.0000","7,696,889.0000","母公司、仁寶(越南)、仁寶電腦(重慶)、仁寶電腦(成都)及仁寶視訊電子(昆山)、仁寶電子科技(昆山)、仁寶資訊工業(昆山)、仁寶信息技術(昆山)、仁寶數碼科技（昆山）、吉寶通訊（南京），重慶翊寶智慧電子裝置 、Compal Wise Electronic (Vietnam)、 Compalead Eletrônica do Brasil Indústria e Comércio Ltda、Compal Electronica DA Amazonia Ltda","8.1200","公噸/百萬元營業額","UL2799"
"=""2327""","國巨","1,821.0210","2,411.7755","4,232.7965","母公司","N/A","N/A","N/A"
"=""2328""","廣宇","0.0000","7.6300","7.6300","母公司","0.0080","公噸/百萬元營業額","N/A"
"=""2329""","華泰","137.3000","2,396.3000","2,533.6000","母公司","0.1520","公噸/百萬元營業額","N/A"
"=""2330""","台積電","371,236.0000","285,605.0000","656,841.0000","台灣廠區及部分子公司","1.1700","單位晶圓委外廢棄物處理量（公斤／十二吋晶圓當量－光罩數），資料範圍:台灣廠區","UL2799"
"=""2331""","精英","8,030.9400","2,207.7900","10,238.7300","精英電腦臺灣總部、興英數位科技(深圳)有限公司及精強科技股份有限公司","0.5100","公噸/百萬元營業額","N/A"
"=""2332""","友訊","0.0000","17.7300","17.7300","公司總部大樓","0.0352","員工人數","ISO 14001"
"=""2337""","旺宏","5,544.6500","4,561.3300","10,105.9800","旺宏總部、晶圓二廠、晶圓五廠、測試廠 ","0.3660","公噸/百萬元營業額","N/A"
"=""2338""","光罩","161.4800","123.6000","285.0800","202301~202312","0.0143","公噸/產品","確信準則3000號"
"=""2340""","台亞","263.7573","527.3473","791.1046","廢溶劑, 污泥, 不可燃物, 混合五金廢料, 廢塑膠, 廢木材, 硫酸銨廢液, 廢離子交換樹脂, 廢化學空瓶","0.1992","公噸/百萬元營業額","ISO 14001"
"=""2342""","茂矽","232.0000","212.0000","444.0000","僅母公司","0.0560","以每單位產品m²計算","N/A"
"=""2344""","華邦電","6,387.0000","7,208.0000","13,595.0000","母公司","0.3620","公噸/百萬元營業額","ISO 14001"
"=""2345""","智邦","3.8000","2,225.0000","2,228.8000","母公司","0.0265","公噸/百萬元營業額","ISO 14001"
"=""2347""","聯強","0.0000","194.0000","194.0000","涵蓋聯強國際集團及子公司嘉榮行銷股份有限公司，部分子公司通達運籌股份有限公司","N/A","N/A","N/A"
"=""2348""","海悅","N/A","N/A","N/A","N/A","N/A","N/A","N/A"
"=""2349""","錸德","12.4260","93.2300","105.6560","僅母公司","N/A","N/A","N/A"
"=""2351""","順德","1,006.5594","609.7104","1,616.2698","母公司","0.1922","公噸/百萬元營業額","N/A"
"=""2352""","佳世達","721.1690","25,979.0210","26,700.1900","台灣、蘇州、越南","9.2706","不可回收廢棄重量(公斤)/百萬美金產值","ISO 14001"
"=""2353""","宏碁","0.0000","1,883.6800","1,883.6800","包含合併財務報表之母子公司","0.0078","公噸/百萬元營業額","N/A"
"=""2354""","鴻準","1,043.4600","4,721.2800","5,764.7400","大陸主要營運據點(瀋陽、煙臺、太原、晉城、昆山、佛山、南寧)","0.0774","公噸/百萬元營業額","ISO 9001,ISO 14001"
"=""2355""","敬鵬","36,098.3050","8,599.7260","44,698.0310","母公司+子公司 敬鵬(常熟)電子有限公司+子公司 敬鵬(泰國)電子","0.0126","M2","ISO 14001"
"=""2356""","英業達","355.1380","28,455.4860","28,810.6240","個體公司：英業達股份有限公司，含士林總部(IET)、桃科廠(TAO)、電腦廠(ITO)。 合併報表子公司：英業達(重慶)有限公司(ICC)、英業達科技有限公司(IPT)、上海順詮科技有限公司(SQT)、Inventec (Czech) S.R.O(ICZ)、IEC Technologies, S. de R.L. De C.V.(IMX)。  ","N/A","N/A","ISO 14001"
"=""2357""","華碩","109.7780","433.7200","543.4900","華碩營運總部","0.0013","公噸/百萬元營業額","ISO 14001"
"=""2359""","所羅門","0.8560","2.4000","3.2560","子公司(富相科技)","N/A","N/A","N/A"
"=""2360""","致茂","22.2500","452.9800","475.2300","致茂電子總部、華亞廠、致茂電子新竹分公司、致茂電子高雄分公司","0.0000","公噸/百萬元營業額","ISO 14001"
"=""2362""","藍天","41.2600","579.7000","620.9600","台北總部、昆山工廠","N/A","N/A","ISO 14001"
"=""2363""","矽統","N/A","N/A","N/A","N/A","N/A","N/A","N/A"
"=""2364""","倫飛","0.0000","32.7910","32.7910","總公司、高雄廠、昆山倫騰、美國DURABOOK","0.0303","公噸/百萬元營業額","N/A"
"=""2365""","昆盈","0.2980","29.6475","29.9455","台北總公司及東莞廠","N/A","N/A","ISO 14001"
"=""2367""","燿華","6,232.0000","3,121.0000","9,353.0000","燿華電子股份有限公司-全廠區","0.6700","公噸/百萬元營業額","ISO 14001"
"=""2368""","金像電","44,019.9576","12,442.8462","56,462.8038","包含台灣母公司以及大陸三個子公司","1.8778","公噸/百萬元營業額","ISO 14001"
"=""2369""","菱生","54.9040","812.2230","867.1270","2023年","0.1835","公噸/百萬元營業額","ISO 14001"
"=""2371""","大同","12.2900","3,134.8440","3,147.1340","總公司、大園廠、桃園電線電纜廠、電表中心、桃園壹廠、三峽廠。","0.1661","公噸/百萬元營業額","ISO 14001"
"=""2373""","震旦行","0.0000","308.0800","308.0800","僅母公司","0.0943","公噸/百萬元營業額","N/A"
"=""2374""","佳能","3.9400","26.9000","30.8400","佳能企業股份有限公司","N/A","N/A","ISO 14001"
"=""2375""","凱美","97.7500","0.0000","97.7500","子公司","0.0347","公噸/百萬元營業額","N/A"
"=""2376""","技嘉","327.9069","2,184.3481","2,512.2550","技嘉科技營運總部、桃園南平廠、中國東莞及寧波廠","0.0184","公噸/百萬元營業額","ISO 14001"
"=""2377""","微星","208.2820","8,506.6780","8,714.9600","微星科技股份有限公司中和廠(微星台北)、微星科技股份有限公司桃園廠(微星桃園)、恩斯邁電子(深圳)有限公司(恩斯邁電子)及微盟電子(昆山)有限公司(微盟電子)","0.0476","公噸/百萬元營業額","N/A"
"=""2379""","瑞昱","8.5083","17.1300","25.6383","瑞昱新竹一廠、二廠與三廠","18.0000","公斤/億元","ISO 14001"
"=""2380""","虹光","4.8600","60.9100","65.7700","母公司","N/A","N/A","N/A"
"=""2382""","廣達","1,887.8100","82,528.9100","84,416.7200","廣達電腦(股)公司臺灣總部QRDC及廣達台灣製造城QTMC、廣達上海製造城QSMC、廣達重慶製造城QCMC、廣達泰國廠QMB","N/A","N/A","ISO 14001"
"=""2383""","台光電","8,056.9600","8,533.5700","16,590.5300","合併報表之母子公司(不含美國子公司)","0.4017","公噸/百萬元營業額","ISO 14001"
"=""2385""","群光","92.1647","5,830.8159","5,922.9806","母公司(台北總部)、合併財務報表之子公司(東莞清溪廠、東莞茂瑞廠、蘇州吳江廠、重慶江津廠、泰國廠)","0.0602","公噸/百萬元營業額","N/A"
"=""2387""","精元","N/A","N/A","N/A","N/A","N/A","N/A","N/A"
"=""2388""","威盛","N/A","N/A","0.1500","N/A","0.0119","公噸/百萬元營業額","N/A"
"=""2390""","云辰","N/A","N/A","N/A","N/A","N/A","N/A","N/A"
"=""2392""","正崴","1,506.0000","4,051.0000","5,557.0000","正崴主要生產廠區","N/A","N/A","ISO 9001,ISO 14001,UL2799 ZWP"
"=""2393""","億光","164.1620","2,051.7838","2,215.9458","樹林總部、苗栗苑裡、苗栗銅鑼、蘇州吳江、廣東中山","0.1519","公噸/百萬元營業額","N/A"
"=""2395""","研華","3.7700","162.1070","165.8770","2023年度","105.1688","佰萬工時","ISO 14001"
"=""2397""","友通","6.1190","75.5300","81.6490","汐止總部、桃園工廠、新店研發辦公室","N/A","N/A","N/A"
"=""2399""","映泰","0.4830","0.0000","0.4830","母公司的有害廢棄物","0.0002","公噸/百萬元營業額","ISO 14001"
"=""2401""","凌陽","0.4900","103.5700","104.0600","112/01/01~112/12/31","0.0188","公噸/百萬元營業額","ISO 14001"
"=""2402""","毅嘉","102.3650","127.4370","229.8020","母公司","0.0398","公噸/百萬元營業額","ISO 14001"
"=""2404""","漢唐","0.0000","0.0000","0.0000","台灣總部大樓及工程處","N/A","N/A","N/A"
"=""2405""","輔信","0.0000","5.6800","5.6800","母公司","N/A","N/A","N/A"
"=""2406""","國碩","10.8380","156.6000","167.4380","國碩二廠及國碩新豐廠","0.1802","公噸/百萬元營業額","N/A"
"=""2408""","南亞科","16,522.0000","5,881.0000","22,403.0000","母公司","0.0224","公噸/千顆晶粒","ISO 14001"
"=""2409""","友達","13,805.1200","59,663.7600","73,468.8800","全球營運據點","0.2977","公噸/百萬元營業額","N/A"
"=""2412""","中華電","0.0000","1,875.0000","1,875.0000","數據涵蓋範疇為100%營運據點","0.8500","公噸/百萬元營業額","ISO 14001"
"=""2413""","環科","2.4500","13.3000","15.7500","母公司","0.0034","公噸/百萬元營業額","N/A"
"=""2414""","精技","0.0000","3.9000","3.9000","僅母公司之文件紙張銷毀量","0.0190","公噸/億營業額","N/A"
"=""2415""","錩新","N/A","N/A","N/A","N/A","N/A","N/A","N/A"
"=""2417""","圓剛","N/A","N/A","11.5300","N/A","N/A","N/A","N/A"
"=""2419""","仲琦","127.2740","311.8875","439.1615","母公司及越南子公司","0.0467","公噸/百萬元營業額","ISO 14001"
"=""2420""","新巨","1.6900","31.7200","33.4100","全球生產基地","0.0200","公噸/百萬元營業額","ISO 9001,ISO 14001"
"=""2421""","建準","131.1580","2.5100","133.6680","建準電機工業股份有限公司(高雄總部及工廠) 昆山廣興電子有限公司 北海建準電子有限公司 北海立準電子有限公司 Sunon Electronics Philippines Corp. ","0.0104","公噸/百萬元營業額","ISO 9001,ISO 14001"
"=""2423""","固緯","0.7730","23.4370","24.2100","本公司於營運過程所產生的廢棄物，皆依法妥善處理，並在產生廢棄物源頭確實做好回收分類，對於製程廢棄物的處理模式為收集、分類、減量及回收，主要辦法是以回收取代掩埋及焚化，降低環境衝擊，並有效管理以提高資源再利用的價值。2023年度有害事業廢棄物總產量為0.773公噸。公司產出一般事業廢棄物及有害事業廢棄物皆委託符合規定的廠商清除處理，存放廠區廢棄物並符合存放規定定期清理。","N/A","N/A","N/A"
"=""2424""","隴華","N/A","N/A","N/A","N/A","N/A","N/A","N/A"
"=""2425""","承啟","N/A","N/A","N/A","N/A","N/A","N/A","N/A"
"=""2426""","鼎元","436.4000","191.4000","627.8000","僅母公司","0.3133","公噸/百萬元營業額","ISO 14001"
"=""2427""","三商電","0.0000","37.7830","37.7830","桃園倉庫","0.0416","公噸/百萬元營業額","N/A"
"=""2428""","興勤","457.6100","1,065.6700","1,523.2800","本公司所有廠區及子公司元耀科技股份有限公司、興勤(常州)電子有限公司、東莞為勤電子有限公司、興勤(宜昌)電子有限公司及江西興勤電子有限公司","0.1587","公噸CO₂e/百萬pcs產品","N/A"
"=""2429""","銘旺科","N/A","N/A","N/A","N/A","N/A","N/A","N/A"
"=""2430""","燦坤","N/A","N/A","N/A","N/A","N/A","N/A","N/A"
"=""2431""","聯昌","N/A","N/A","N/A","N/A","N/A","N/A","N/A"
"=""2432""","倚天酷碁-創","0.0000","1.3850","1.3850","僅申報公司 ","0.0007","公噸/百萬元營業額","N/A"
"=""2433""","互盛電","N/A","N/A","87.0410","僅母公司","0.0609","公噸/百萬元營業額","N/A"
"=""2434""","統懋","0.0000","11.4900","11.4900","母公司","0.3743","公噸/百萬元營業額","N/A"
"=""2436""","偉詮電","0.9980","16.4391","17.4371","偉詮電子新竹廠區","N/A","N/A","ISO 14001"
"=""2438""","翔耀","N/A","N/A","N/A","N/A","N/A","N/A","N/A"
"=""2439""","美律","11.4100","706.0600","717.4700","台灣總部、美律深圳、美律越南、美律泰國、美律新加坡、美律香港、歐仕達、美律美國、美律北美、美律馬來西亞","0.0196","公噸/百萬元營業額","ISO 14001"
"=""2440""","太空梭","N/A","N/A","N/A","N/A","N/A","N/A","N/A"
"=""2441""","超豐","310.3336","1,434.7750","1,745.1086","母公司","0.1286","公噸/百萬元營業額","ISO 14001"
"=""2442""","新美齊","N/A","N/A","5,377.0000","112年新美齊新建工程建案","N/A","N/A","N/A"
"=""2444""","兆勁","N/A","N/A","N/A","N/A","N/A","公噸/百萬元營業額","N/A"
"=""2449""","京元電子","328.8716","3,229.6391","3,558.5107","全集團","0.0216","公噸/百萬元營業額","ISO 14001"
"=""2450""","神腦","0.0000","126.8812","126.8812","神腦全據點(含辦公室、特約門市、維修門市及倉儲中心)","0.0043","公噸/百萬元營業額","N/A"
"=""2451""","創見","11.7700","183.4400","195.2100","僅母公司","0.0186","公噸/百萬元營業額","N/A"
"=""2453""","凌群","N/A","N/A","34.1300","母公司","0.0056","公噸/百萬元營業額","N/A"
"=""2454""","聯發科","43.7800","87.8900","131.6700","全台灣營運據點","0.0108","廢棄物公噸/全台灣營運據點員工數","ISO 14001"
"=""2455""","全新","195.4200","35.2900","230.7100","平鎮廠、平鎮二廠","0.0432","公噸/產品","N/A"
"=""2457""","飛宏","222.1400","1,349.4600","1,571.6000","飛宏科技(股)公司(PHT)/馳諾瓦科技(股)公司(ZTM)/飛宏(東莞)電子有限公司(PHC)/飛宏(東莞)電子有限公司鐵松廠區(PHCJ)/越南飛宏有限公司(PHV)","0.1274","公噸/百萬元營業額","ISO 14001"
"=""2458""","義隆","6.9010","47.8920","54.7930","義隆電子(新竹、中和)、義晶、義碩","0.0577","每人每年","ISO 14001,AA1000"
"=""2459""","敦吉","N/A","N/A","2.9900","母公司及子公司敦吉檢測科技股份有限公司台北商辦大樓","N/A","N/A","N/A"
"=""2460""","建通","N/A","N/A","N/A","N/A","N/A","N/A","N/A"
"=""2461""","光群雷","0.9800","54.9400","55.9200","僅母公司","0.0395","公噸/百萬元營業額","N/A"
"=""2462""","良得電","N/A","N/A","N/A","N/A","N/A","N/A","N/A"
"=""2464""","盟立","N/A","N/A","N/A","N/A","N/A","N/A","N/A"
"=""2465""","麗臺","0.0000","0.0240","0.0240","2023全年度","N/A","N/A","N/A"
"=""2466""","冠西電","0.0000","35.4200","35.4200","母公司總公司、母公司宜蘭廠","0.0941","公噸/百萬元營業額","N/A"
"=""2467""","志聖","0.0000","142.5490","142.5490","母公司","0.0393","公噸/百萬元營業額","N/A"
"=""2468""","華經","0.0000","17.2500","17.2500","統計之資料範圍以台灣營運據點，包含本公司及各地分公司及子公司","N/A","N/A","N/A"
"=""2471""","資通","0.0000","0.0330","0.0330","主要來源為辦公室廢紙。","N/A","N/A","N/A"
"=""2472""","立隆電","187.0000","267.0000","454.0000","立隆電子、立隆(蘇州)、立隆(惠州)、立隆(蘇州)科技","N/A","N/A","N/A"
"=""2474""","可成","0.0000","1,136.4000","1,136.4000","僅母公司台南廠區(依廢棄物清運三聯單)","0.2440","公噸/百萬元營業額","ISO 14001"
"=""2476""","鉅祥","0.0000","137.7290","137.7290","鉅祥公司「新屋廠」桃園市新屋區九洲路1號、「新屋廠廠外宿舍」桃園市新屋區校前路143巷35,37號及鉅祥公司「八德廠」桃園市八德區榮興路73巷32號","0.0708","公噸/百萬元營業額","N/A"
"=""2477""","美隆電","0.0000","14.4300","14.4300","112/01/01-112/12/31","0.0067","公噸/百萬元營業額","N/A"
"=""2478""","大毅","2,003.4300","328.4100","2,331.8400","母公司","0.5070","公噸/百萬元營業額","N/A"
"=""2480""","敦陽科","0.0000","1.6100","1.6100","牛埔庫房","0.0221","公噸/百萬元營業額","N/A"
"=""2481""","強茂","55.4700","533.3700","588.8400","岡山廠","0.0746","公噸/百萬元營業額","ISO 14001"
"=""2482""","連宇","0.0000","5.6030","5.6030","僅母公司","N/A","N/A","ISO 14001"
"=""2483""","百容","13.0000","92.0000","105.0000","僅母公司","N/A","N/A","N/A"
"=""2484""","希華","62.7500","60.1698","122.9198","母公司","0.0560","公噸/百萬元營業額","N/A"
"=""2485""","兆赫","33.0120","34.2720","67.2840","僅母公司","0.0116","公噸/百萬元營業額","ISO 9001,ISO 14001"
"=""2486""","一詮","324.3580","68.3890","392.7470","母公司2023/01/01~2023/12/31","0.1511","公噸/百萬元營業額","ISO 14001"
"=""2488""","漢平","1.0300","18.3800","19.4100","漢平電子台灣母公司","N/A","N/A","N/A"
"=""2489""","瑞軒","33.9500","5,471.9800","5,505.9300","母公司與部分合併報表子公司","0.3320","公噸/百萬元營業額","ISO 14001"
"=""2491""","吉祥全","N/A","N/A","N/A","N/A","N/A","N/A","N/A"
"=""2492""","華新科","3,453.7436","5,358.7505","8,812.4941","母公司及主要生產基地之子公司(東莞華科/蘇州華科/廣州匯僑)","0.2687","公噸/百萬元營業額","N/A"
"=""2493""","揚博","0.0000","148.2967","148.2967","母公司孫公司","0.0066","公噸/百萬元營業額","N/A"
"=""2495""","普安","0.7770","3.1000","3.8770","母公司","N/A","N/A","N/A"
"=""2496""","卓越","N/A","N/A","N/A","N/A","N/A","N/A","N/A"
"=""2497""","怡利電","0.0000","46.6000","46.6000","有害+非有害","N/A","N/A","ISO 14001"
"=""2498""","宏達電","9.9560","368.6300","378.5860","範圍以HTC台灣區域為主，涵蓋所有HTC在台灣執行營運的母子公司組織範疇","0.0860","公噸/百萬元營業額","ISO 14001"
"=""2501""","國建","N/A","N/A","12,252.4000","僅母公司工地","532.7100","工地數量","N/A"
"=""2504""","國產","N/A","N/A","N/A","N/A","N/A","N/A","N/A"
"=""2505""","國揚","N/A","N/A","399.8000","112年度營建廢棄物及一般生活垃圾。","N/A","N/A","N/A"
"=""2506""","太設","0.0000","81.2000","81.2000","本公司敦南麗舍工地。","N/A","N/A","N/A"
"=""2509""","全坤建","0.0000","12.5100","12.5100","台北辦公室","0.0560","公噸/百萬元營業額","N/A"
"=""2511""","太子","N/A","N/A","N/A","N/A","N/A","N/A","N/A"
"=""2514""","龍邦","N/A","N/A","N/A","N/A","N/A","N/A","N/A"
"=""2515""","中工","0.0000","20,564.6600","20,564.6600","母公司","1.1597","公噸/百萬元營業額","N/A"
"=""2516""","新建","N/A","N/A","N/A","N/A","N/A","N/A","N/A"
"=""2520""","冠德","0.0000","96,576.7193","96,576.7193","工地及總部","N/A","N/A","N/A"
"=""2524""","京城","0.0000","2.6061","2.6061","京城建設股份有限公司總部","N/A","N/A","N/A"
"=""2527""","宏璟","0.0000","3,367.9300","3,367.9300","包含合併財報之境內母子公司 ","1.4546","公噸/百萬元營業額","N/A"
"=""2528""","皇普","N/A","N/A","N/A","N/A","N/A","N/A","N/A"
"=""2530""","華建","0.0000","19,358.0000","19,358.0000","子公司華鑑營造工地區域","0.4865","面積(平方公尺)","N/A"
"=""2534""","宏盛","0.0000","6,766.0000","6,766.0000","在建工程(北投石牌、汐止智興、新店心中央)","N/A","N/A","N/A"
"=""2535""","達欣工","0.0000","16,352.0000","16,352.0000","工地","1.0893","公噸/百萬元營業額","ISO 9001"
"=""2536""","宏普","N/A","N/A","N/A","N/A","N/A","N/A","N/A"
"=""2537""","聯上發","N/A","N/A","N/A","N/A","N/A","N/A","N/A"
"=""2538""","基泰","N/A","N/A","N/A","N/A","N/A","N/A","N/A"
"=""2539""","櫻花建","0.0000","2,767.2300","2,767.2300","母公司","N/A","N/A","N/A"
"=""2540""","愛山林","N/A","N/A","N/A","N/A","N/A","N/A","N/A"
"=""2542""","興富發","0.0000","4,413.0000","4,413.0000","子公司-齊裕營造","N/A","N/A","N/A"
"=""2543""","皇昌","0.0000","25,437.7200","25,437.7200","皇昌營造總部據點及各施工案場","2.2561","公噸/百萬元營業額","N/A"
"=""2545""","皇翔","N/A","N/A","N/A","N/A","N/A","N/A","N/A"
"=""2546""","根基","0.0000","19,159.4466","19,159.4466","公司總部及全國在建工地","1.3405","公噸/百萬元營業額","ISO 14001"
"=""2547""","日勝生","0.0000","5.7872","5.7872","母公司","0.0499","員工人數(人)","N/A"
"=""2548""","華固","0.0000","17.2600","17.2600","總公司7樓辦公區域","0.0011","公噸/百萬元營業額","N/A"
"=""2597""","潤弘","0.0000","32,703.3700","32,703.3700","(1) 台北總公司辦公室：台北市中山區八德路二段10樓、12樓(潤弘精密工程事業股份有限公司及潤陽營造股份有限公司) (2) 楊梅預鑄廠：桃園市楊梅區泰圳路1442號 (3)工地","1.9059","公噸/百萬元營業額","N/A"
"=""2601""","益航","0.0000","613.3620","613.3620","益航海運","0.3778","公噸/百萬元營業額","N/A"
"=""2603""","長榮","0.0000","3,268.3700","3,268.3700","長榮海運母公司暨合併財報子公司所營運之貨櫃船舶以及國內外營業據點","0.0120","公噸/百萬元營業額","N/A"
"=""2605""","新興","N/A","N/A","882.4312","統計船隊產出之廢棄物，包含塑膠類(一般廢棄物)、食物廢棄物(廚房廢油)及有害廢棄物(汙油水/Sludge) ","N/A","N/A","N/A"
"=""2606""","裕民","N/A","N/A","0.3324","船上食物廢棄物、紙、玻璃、金屬、塑膠及食用油","0.0000"," 千元營業額","DNV VeriSustain 中度保證等級"
"=""2607""","榮運","N/A","N/A","N/A","N/A","N/A","N/A","N/A"
"=""2608""","嘉里大榮","0.0000","1,707.9280","1,707.9280","母公司全組織","0.1799","公噸/百萬元營業額","N/A"
"=""2609""","陽明","19,543.5100","406.3900","19,949.9000","母公司陸地據點及營運船舶 ","N/A","N/A","ISO 9001,ISO 14001"
"=""2610""","華航","12.0000","4,541.0000","4,553.0000","一般生活、資源回收、廚餘/廢料、修護有害事業廢棄物、修護非有害事業廢棄物","0.0458","公噸/百萬元營業額","ISO 14001"
"=""2611""","志信","N/A","N/A","N/A","N/A","N/A","N/A","N/A"
"=""2612""","中航","0.0000","0.0000","70.0000","本公司統計數據涵蓋海運、陸運、倉儲物流及商用車等合併公司。","N/A","N/A","N/A"
"=""2613""","中櫃","0.0000","732.0000","732.0000","基隆站、五堵站、台中站、31W","0.2500","公噸/百萬元營業額","N/A"
"=""2614""","東森","0.0000","49.8294","49.8294","僅母公司","0.0347","公噸/百萬元營業額","N/A"
"=""2615""","萬海","23,548.2600","859.1800","24,407.4400","集團（含合併報表子公司）","0.2400","公噸/百萬元營業額","N/A"
"=""2616""","山隆","N/A","N/A","N/A","N/A","N/A","N/A","N/A"
"=""2617""","台航","0.0000","6,435.0000","6,435.0000","母公司","N/A","N/A","N/A"
"=""2618""","長榮航","0.1030","210.2200","210.3230","南崁園區及台北航空大樓民用運輸之後勤管理服務。","0.5940","長榮航空總部 平均每人每日廢棄物產出量(KG)","ISO 14001"
"=""2630""","亞航","22.4190","254.8970","277.3160","松山廠、台中廠、台南廠(含歸仁場站)、屏東廠、空勤外站(高雄、花蓮、台東機場)、停機線維修(桃園、台中、台南、高雄機場)","0.0570","公噸/百萬元營業額","N/A"
"=""2633""","台灣高鐵","0.0500","7,322.1800","7,322.2300","基地及車站","0.1470","公噸/百萬元營業額","N/A"
"=""2634""","漢翔","671.2596","1,807.9646","2,479.2242","母公司","0.0636","公噸/百萬元營業額","ISO 14001"
"=""2636""","台驊投控","N/A","N/A","0.0000","N/A","N/A","N/A","N/A"
"=""2637""","慧洋-KY","N/A","N/A","277.0000","包含合併財務報表之母子公司","2.1203","公噸/船數(加權平均)","N/A"
"=""2642""","宅配通","0.0000","1,300.0000","1,300.0000","台灣母公司","N/A","N/A","N/A"
"=""2645""","長榮航太","185.9000","790.7800","976.6800","製造廠、維修廠","N/A","N/A","N/A"
"=""2646""","星宇航空","0.0000","421.2200","421.2200","廢棄物產生量數據統計範疇涵蓋：台北內湖總部、星宇航空形象門市( 台北)、台中辦事處(2023 年8 月啟用)、桃園國際機場園區內之營運據點( 桃園運籌中心、一航廈辦公室、二航廈辦公室、桃園機場之機坪辦公室和勤務工廠、保稅大樓、維修棚廠、遠雄貨運辦公室) 等營運據點。","0.0200","公噸/百萬元營業額","N/A"
"=""2701""","萬企","0.0000","195.8000","195.8000","以萬華企業為主體","0.6600","公噸/百萬元營業額","N/A"
"=""2702""","華園","0.0000","56.5400","56.5400","華園飯店草衙館","0.7102","公噸/百萬元營業額","N/A"
"=""2704""","國賓","0.0000","446.0600","446.0600","台北館、新竹館","0.3490","公噸/百萬元營業額","N/A"
"=""2705""","六福","0.0000","1,009.6994","1,009.6994","母公司","0.4569","公噸/百萬元營業額","N/A"
"=""2706""","第一店","N/A","N/A","N/A","N/A","N/A","N/A","N/A"
"=""2707""","晶華","0.0000","1,487.7200","1,487.7200","母公司","0.3868","公噸/百萬元營業額","N/A"
"=""2712""","遠雄來","0.0000","476.1160","476.1160","母公司","0.7258","公噸/百萬元營業額","N/A"
"=""2722""","夏都","0.0000","257.0900","257.0900","包含合併財務報表之母子公司","0.3361","公噸/百萬元營業額","N/A"
"=""2723""","美食-KY","N/A","N/A","N/A","N/A","N/A","N/A","N/A"
"=""2727""","王品","0.0000","1,671.3542","1,671.3542","廢棄物計算獨立店面廢油及廚餘量(非獨立店面由賣場統一處理)，廚餘123家：1560.707t；廢油132家：110.6472t","0.0967","公噸/百萬元營業額","各店廢油、廚餘皆採用環保部核可廠商"
"=""2731""","雄獅","0.0000","151.0000","151.0000","同前22個單位","N/A","N/A","ISO14061-1"
"=""2739""","寒舍","0.0000","2,410.5400","2,410.5400","母公司","0.5022","公噸/百萬元營業額","N/A"
"=""2748""","雲品","0.0000","333.1000","333.1000","總管理處、君品酒店、雲品溫泉酒店、頤品大飯店","0.1410","公噸/百萬元營業額","N/A"
"=""2753""","八方雲集","0.0000","995.4700","995.4700","⺟公司及台灣⼦公司","0.0208","公噸/產品","N/A"
"=""2762""","世界健身-KY","N/A","N/A","N/A","N/A","N/A","N/A","N/A"
"=""2801""","彰銀","0.0000","106.2700","106.2700","總行(臺北大樓)","0.0028","公噸/百萬元營業額","ISO 14001"
"=""2812""","台中銀","0.0000","33.7500","33.7500","總行民權大樓 ","0.0660","公噸/總人數","N/A"
"=""2816""","旺旺保","0.0000","0.0000","0.0000","無","0.0000","N/A","其他"
"=""2820""","華票","0.0000","1.1180","1.1180","總公司","N/A","N/A","N/A"
"=""2832""","台產","N/A","N/A","N/A","N/A","N/A","N/A","N/A"
"=""2834""","臺企銀","N/A","N/A","218.4251","合併財務報表之母子公司","0.0068","公噸/百萬元營業額","ISO 14001"
"=""2836""","高雄銀","0.0000","18.3430","18.3430","母公司總行大樓","0.0861","公噸/員工數","ISO 14001"
"=""2838""","聯邦銀","0.0000","156.8010","156.8010","全行各單位","0.0102","公噸/百萬元營業額","N/A"
"=""2845""","遠東銀","0.0000","37.0573","37.0573","本行板橋大人國及文化奇蹟大樓","0.0515","人均","ISO 14001"
"=""2849""","安泰銀","N/A","44.0000","44.0000","安泰商業銀行股份有限公司(53個據點)","0.0076","公噸/百萬元營業額","ISO 14064-1"
"=""2850""","新產","N/A","N/A","N/A","N/A","N/A","N/A","N/A"
"=""2851""","中再保","N/A","N/A","11.3490","中央再保險股份有限公司 台北市中山區南京東路二段53號6F、10F、11F、12F、13F","0.0005","公噸/百萬元營業額","N/A"
"=""2852""","第一保","0.0000","7.3700","7.3700","總公司","N/A","N/A","N/A"
"=""2855""","統一證","0.0000","71.5980","71.5980","總公司廢棄物經ISO14001及ISO14064-3驗證，分公司廢棄物經ISO14064-3驗證。","0.0082","公噸/百萬元營業額","ISO14064-3"
"=""2867""","三商壽","N/A","N/A","N/A","N/A","N/A","N/A","N/A"
"=""2880""","華南金","0.0000","847.4590","847.4590","集團各公司所有據點共311處","0.0143","公噸/百萬元營業額","ISO 14001"
"=""2881""","富邦金","0.0000","824.2814","824.2814","包含 : 富邦金控、富邦人壽、台北富邦銀行、富邦產險、富邦證券、富邦投信、富邦期貨、富邦投顧、北富銀創投、富邦育樂、富邦運動場館、日盛銀行(2023年併入台北富邦銀行)、日盛證券(2023年併入富邦證券)。","0.0219","公噸/員工人數","N/A"
"=""2882""","國泰金","0.0000","2,153.0400","2,153.0400","包含集團(金控、人壽、銀行、產險、證券、投信、投顧、創投、期貨、私募、電業)之國內據點","27.8900","公斤/人(公斤/總員工數)","ISO 14001"
"=""2883""","開發金","0.0000","790.1900","790.1900","國內全數據點(不含凱基人壽國內所有通訊處)","0.0200","公噸/百萬元營業額","AA1000AS v3第二類型中度保證等級"
"=""2884""","玉山金","0.0000","692.0000","692.0000","100%持有合併財務報表之母子公司","0.0077","公噸/百萬元營業額","ISO 14001,其他"
"=""2885""","元大金","0.0000","616.0800","616.0800","元大金控暨子公司(國內營運邊界)","53.4600","公斤/人","N/A"
"=""2886""","兆豐金","0.0000","591.4300","591.4300","全臺營運據點","N/A","N/A","ISAE 3000"
"=""2887""","台新金","0.0000","795.0405","795.0405","以內湖、金控及建北三棟大樓廢棄物總量為計算基礎，依員工數佔比推估全金控含子公司，包含台新金控、台新銀行、台新證券、台新資產管理、台新投信、台新創投、台新投顧、台新人壽之正職及非正職員工人數","0.0114","公噸/百萬元營業額","N/A"
"=""2889""","國票金","0.0000","52.0567","52.0567","設定涵蓋國票金融控股(股)公司、國際票券金融股份有限公司(9個據點)、國票綜合證券股份有限公司(26個據點)、國票證券投資顧問股份有限公司、國票期貨股份有限公司、國票證創業投資股份有限公司、國票創業投資股份有限公司、國旺國際融資租賃有限公司(7個據點)、IBF Financial Holding Co., Ltd.，共計48個據點。另因樂天網銀不在國票金控合併財報內，為符合金管會要求，故將樂天網銀移出組織邊界外，但將樂天網銀排放量依投資比例(49%)納入國票金間接排放中。","0.0073","公噸/百萬元營業額","ISO 14001"
"=""2890""","永豐金","0.0000","548.7100","548.7100"," 金控及旗下5家主要子公司（永豐銀行、永豐金證券、永豐投信、永豐金租賃、永豐創業投資） 之國內所有營運據點納入統計範疇","N/A","N/A","AA1000 ASv3第二類型高度保證等級"
"=""2891""","中信金","0.0000","895.0000","895.0000","中信金控、中信銀行及金控轄下各子公司之總部(不含總部園區商家)。","0.0410","公噸/人","ISO14064-1"
"=""2892""","第一金","N/A","N/A","315.2700","第一銀行、第一金證券、第一金投信、第一金人壽及第一金AMC之國內全數分支機構及第一銀行海外營運據點。","0.0047","公噸/百萬元營業額","ISO 14001"
"=""2897""","王道銀行","0.0000","67.8800","67.8800","全球營運據點","0.0570","公噸/人均產出量","N/A"
"=""2901""","欣欣","0.0000","180.4200","180.4199","112年","0.2279","公噸/百萬元營業額","N/A"
"=""2903""","遠百","0.0000","7,500.0000","7,500.0000","遠東百貨各分公司","0.0002","公噸/服務","N/A"
"=""2904""","匯僑","57.1100","10.9300","68.0400","臺中港⻄⼆及⻄五槽區","N/A","N/A","N/A"
"=""2905""","三商","0.0000","1.1988","1.1988","母公司","0.0000","公噸/百萬元營業額","N/A"
"=""2906""","高林","N/A","N/A","N/A","N/A","N/A","N/A","N/A"
"=""2908""","特力","0.0000","369,997.0000","369,997.0000","特力公司總部及楊梅倉庫","0.0240","公噸/百萬元營業額","N/A"
"=""2910""","統領","N/A","N/A","N/A","N/A","N/A","N/A","N/A"
"=""2911""","麗嬰房","N/A","N/A","N/A","N/A","N/A","N/A","N/A"
"=""2912""","統一超","0.0000","43,764.6700","43,764.6700","實際統計包含總部大樓及1,004家門市、推估值包含9處區辦公室及5,855 家門市。","5.9200","公噸/門市數","AA1000 第二類型高度保證等級之要求"
"=""2913""","農林","N/A","N/A","N/A","N/A","N/A","N/A","N/A"
"=""2915""","潤泰全","0.0000","385.6860","385.6860","母公司","0.1439","公噸/百萬元營業額","N/A"
"=""2923""","鼎固-KY","0.0000","31,401.0000","31,401.0000","包含母子公司主要項目據點、上海打浦橋日月光中心、上海嘉定日月光中心、上海嘉定日月光辦公樓、上海御華山以及重慶日月光中心。","2.6800","公噸/百萬元營業額","N/A"
"=""2929""","淘帝-KY","N/A","N/A","N/A","N/A","N/A","N/A","N/A"
"=""2939""","凱羿-KY","N/A","N/A","N/A","N/A","N/A","N/A","N/A"
"=""2945""","三商家購","N/A","336.0500","336.0500","物流中心回收紙磚","N/A","N/A","N/A"
"=""3002""","歐格","0.0000","12.8600","12.8600","母公司","0.0319","公噸/百萬元營業額","N/A"
"=""3003""","健和興","56.4700","28.0480","84.5180","母公司","0.0311","公噸/百萬元營業額","ISO 14001"
"=""3004""","豐達科","241.9100","293.6300","535.5400","僅母公司(豐達科技股份有限公司一、二、三、四廠)","0.1960","公噸/百萬元營業額","ISO 14001"
"=""3005""","神基","1,741.2867","4,585.0762","6,326.3629","資料範圍涵蓋神基投控暨合併財務報表之八家重要子公司，覆蓋率達合併營收之91.2%。本公司取得ISO14001環境系統認證管理，落實內部廢棄物處理程序。","0.1818","公噸/百萬元營業額","ISO 14001"
"=""3006""","晶豪科","0.4264","17.8000","18.2264","資料統計扣除一般事業廢棄物進行資源回收之數值。整體計算統計依環境部之廢棄物申報及管理系統資訊","33.0788","其他","ISO 14001"
"=""3008""","大立光","65.2200","3,593.3000","3,658.5200","2023/1/1~2023/12/31","N/A","N/A","ISO 14001"
"=""3010""","華立","25.3100","58.0300","83.3400","母公司華立及子公司全順、國軒","N/A","N/A","N/A"
"=""3011""","今皓","N/A","N/A","N/A","N/A","N/A","N/A","N/A"
"=""3013""","晟銘電","N/A","N/A","N/A","N/A","N/A","N/A","N/A"
"=""3014""","聯陽","0.9700","19.3500","20.3200","母公司","0.0032","公噸/百萬元營業額","ISO 14001,UL2799"
"=""3015""","全漢","19.6028","430.4513","450.0541","時間為2023年1月1日~12月31日；廠區包含全漢企業股份有限公司總部、桃二廠區與桃三廠、全漢企業股份有限公司高雄分公司、輝力廠、仲漢電子(深圳)有限公司、深圳市眾漢科技有限公司福永廠、無錫全漢科技有限公司","N/A","N/A","N/A"
"=""3016""","嘉晶","4.9300","156.3000","161.2300","嘉晶全部生產製造廠區","N/A","N/A","N/A"
"=""3017""","奇鋐","583.7000","8,590.2400","9,173.9400","深圳奇宏/興奇宏、東莞明鑫/興奇宏、成都奇宏、武漢奇宏/興奇宏、嘉善萬順達、越南","0.1550","公噸/百萬元營業額","N/A"
"=""3018""","隆銘綠能","N/A","N/A","N/A","N/A","N/A","N/A","N/A"
"=""3019""","亞光","15.8100","50.4800","66.2900","台灣廠區","0.0037","公噸/百萬元營業額","N/A"
"=""3021""","鴻名","N/A","N/A","N/A","N/A","N/A","N/A","N/A"
"=""3022""","威強電","0.4470","0.5320","0.9790","母公司","0.0002","公噸/百萬元營業額","N/A"
"=""3023""","信邦","110.1300","1,853.8700","1,964.0000","本公司、100%持股子公司","0.0600","公噸/百萬元營業額","N/A"
"=""3024""","憶聲","N/A","N/A","N/A","N/A","N/A","N/A","N/A"
"=""3025""","星通","N/A","N/A","N/A","N/A","N/A","N/A","N/A"
"=""3026""","禾伸堂","310.6000","648.0300","958.6300","母公司","0.0660","公噸/產品","N/A"
"=""3027""","盛達","7.1100","25.1300","32.2400","盛達新店廠及宜蘭廠","N/A","N/A","ISO 9001,ISO 14001"
"=""3028""","增你強","N/A","19.5600","19.5600","台北總公司、新竹、台中及高雄營運據點","0.0014","公噸/百萬元營業額","N/A"
"=""3029""","零壹","N/A","N/A","N/A","N/A","N/A","N/A","N/A"
"=""3030""","德律","0.0000","95.4240","95.4240","僅母公司","0.0000","公噸/百萬元營業額","N/A"
"=""3031""","佰鴻","N/A","N/A","N/A","N/A","N/A","N/A","N/A"
"=""3032""","偉訓","0.0000","17.3500","17.3500","僅母公司","0.0027","公噸/百萬元營業額","N/A"
"=""3033""","威健","0.0000","102.9140","102.9140","母公司台灣營業據點","0.0031","公噸/百萬元營業額","N/A"
"=""3034""","聯詠","0.0000","395.9000","395.9000","母公司","0.0036","公噸/百萬元營業額","ISO 14064-1"
"=""3035""","智原","0.8660","25.2869","26.1529","僅母公司(新竹營運據點、台北及台南辦公室)為統計邊界。","0.0022","公噸/百萬元營業額"," AA1000 高度保證"
"=""3036""","文曄","0.0000","132.5600","132.5600","台灣、香港、新加坡","0.0029","公噸/m2","N/A"
"=""3037""","欣興","65,375.0000","28,814.0000","94,189.0000","母公司及部分子公司 ","0.9100","公噸/百萬元營業額","ISO 14001"
"=""3038""","全台","38.0000","215.0000","253.0000","母公司及東莞廠","0.0240","公噸/KPCS","N/A"
"=""3040""","遠見","N/A","N/A","500.0000","無工廠，無生產行為","N/A","N/A","N/A"
"=""3041""","揚智","0.0000","41.0000","41.0000","母公司","0.0010","公噸/產品","N/A"
"=""3042""","晶技","318.9300","120.5100","439.4400","平鎮廠","0.0499","公噸/百萬元營業額","ISO 14001"
"=""3043""","科風","N/A","N/A","N/A","N/A","N/A","N/A","N/A"
"=""3044""","健鼎","94,044.0000","31,427.0000","125,471.0000","包含合併財務報表之母子公司","2.1300","公噸/百萬元營業額","ISO 9001,ISO 14001,UL 2799A"
"=""3045""","台灣大","0.0000","1,986.0580","1,986.0580","含合併財務報表之母子公司共30家","N/A","N/A","N/A"
"=""3046""","建碁","0.0000","0.5430","0.5430","含合併財務報表之母子公司 ","0.0001","公噸/百萬元營業額","N/A"
"=""3047""","訊舟","0.0000","130.0000","130.0000","母公司(台北總公司)","0.0395","公噸/百萬元營業額","N/A"
"=""3048""","益登","0.0000","1.3000","1.3000","母公司辦公室營運垃圾及倉庫廢棧板","N/A","N/A","N/A"
"=""3049""","精金","406.5720","1,489.5000","1,896.0720","母公司","0.0000","公噸/百萬元營業額","ISO 14001"
"=""3050""","鈺德","168.0000","41.0000","209.0000","僅母公司","N/A","N/A","ISO 14001"
"=""3051""","力特","0.2500","533.8300","534.0800","母公司","0.2665","公噸/百萬元營業額","N/A"
"=""3052""","夆典","0.0000","14.6841","14.6841","夆典科技開發集團總部辦公室，事業廢棄物+生活廢棄物。","0.0042","公噸/百萬元營業額","N/A"
"=""3054""","立萬利","N/A","N/A","N/A","N/A","N/A","N/A","N/A"
"=""3055""","蔚華科","N/A","N/A","N/A","N/A","N/A","N/A","N/A"
"=""3056""","富華新","0.0000","2.0000","2.0000","資料涵蓋母公司及子公司總太營造","N/A","N/A","N/A"
"=""3057""","喬鼎","0.0500","18.3540","18.4040","母公司","0.0315","公噸/百萬元營業額","N/A"
"=""3058""","立德","N/A","N/A","N/A","N/A","N/A","N/A","N/A"
"=""3059""","華晶科","0.0000","46.2000","46.2000","新竹總部、台北辦公室","N/A","N/A","N/A"
"=""3060""","銘異","0.0000","24.4200","24.4200","僅母公司桃園市龜山區範疇","N/A","N/A","ISO 14001"
"=""3062""","建漢","0.0012","0.0125","0.0137","母公司","N/A","N/A","N/A"
"=""3090""","日電貿","N/A","N/A","4.2300","盤查範圍為日電貿公司/新店、中和","0.0023","公噸/百萬元營業額","N/A"
"=""3092""","鴻碩","0.0000","76.1210","76.1210","合併財務報表之重要子公司-鴻碩蘇州公司與鴻碩湖北公司","0.0353","公噸/百萬元營業額","ISO 14001"
"=""3094""","聯傑","0.0440","6.2496","6.2936","母公司","0.0271","公噸/百萬元營業額","N/A"
"=""3130""","一零四","0.0000","29.5880","29.5880","包含新店總公司","0.0310","公噸/人","N/A"
"=""3138""","耀登","0.0000","6.3090","6.3090","母公司","51.0000","公噸/人","N/A"
"=""3149""","正達","0.0000","368.3900","368.3900","母公司(台灣地區)","0.5500","公噸/百萬元營業額","ISO 14001"
"=""3150""","鈺寶-創","N/A","N/A","N/A","N/A","N/A","N/A","N/A"
"=""3164""","景岳","1.3605","67.9595","69.3200","112年全廠廢棄物清運量","3.7089","公噸/產品","N/A"
"=""3167""","大量","0.0000","31.4000","31.4000","僅母公司","N/A","N/A","N/A"
"=""3168""","眾福科","0.0000","21.3000","21.3000","合併財務報表之母子公司","N/A","N/A","ISO 9001,ISO 14001"
"=""3189""","景碩","7,713.2190","3,904.8920","11,618.1110","母公司","0.6006","公噸/百萬元營業額","N/A"
"=""3209""","全科","0.0000","62.9300","62.9300","本公司於台灣總部、台灣的各點辦公室及物流倉儲。","0.0011","公噸/百萬元營業額","N/A"
"=""3229""","晟鈦","86.0000","172.0510","258.0510","合併財務報表之母子公司","0.2800","公噸/百萬元營業額","ISO 14001"
"=""3231""","緯創","1,203.0891","30,624.3159","31,827.4050","緯創資通股份有限公司、緯創資通(昆山)有限公司、緯創資通(中山)有限公司、緯創資通(重慶)有限公司、緯創資通(成都)有限公司、Wistron InfoComm Mexico S.A. de C.V. 、Wistron InfoComm (Czech Republic) s.r.o. 、緯視晶光電(昆山)有限公司、Wistron Technology (Malaysia) Sdn. Bhd. 、Wistron InfoComm (Vietnam) Co., Ltd、高雄晶傑達光電科技股份有限公司、緯潤高新材料(昆山)有限公司、蔚隆(昆山)汽車電子有限公司及2023年報中之專業投資/控股事業(鼎創有限公司除外）","0.0480","公噸/百萬元營業額","ISO 14001"
"=""3257""","虹冠電","0.0000","1.7530","1.7530","母公司及子公司","0.0016","公噸/百萬元營業額","N/A"
"=""3266""","昇陽","N/A","18.8480","18.8480","僅母公司辦公室","0.0049","公噸/百萬元營業額","N/A"
"=""3296""","勝德","N/A","N/A","N/A","N/A","N/A","N/A","N/A"
"=""3305""","昇貿","0.0000","41.1940","41.1940","2023年度桃科廠","N/A","N/A","N/A"
"=""3308""","聯德","N/A","N/A","N/A","N/A","N/A","N/A","N/A"
"=""3311""","閎暉","12.3615","8.6190","20.9805","本公司之子公司(旭榮電子(深圳)有限公司)","0.1614","公噸/百萬元營業額","N/A"
"=""3312""","弘憶股","N/A","N/A","N/A","N/A","N/A","N/A","N/A"
"=""3321""","同泰","246.6000","334.2800","580.8800","母公司","0.4500","公噸/百萬元營業額","N/A"
"=""3338""","泰碩","N/A","N/A","N/A","N/A","N/A","N/A","N/A"
"=""3346""","麗清","22.8130","50.5000","73.3130","母公司 (2023/01-2023/12)","4.0500","公噸/百萬元營業額","ISO 14001"
"=""3356""","奇偶","N/A","N/A","N/A","N/A","N/A","N/A","N/A"
"=""3376""","新日興","70.7100","691.4700","762.1800","台灣廠區","0.1019","公噸/百萬元營業額","N/A"
"=""3380""","明泰","77.9602","729.5143","807.4745","新竹、常熟、越南廠","0.0001","公噸/產品","ISO 14001"
"=""3406""","玉晶光","N/A","N/A","N/A","N/A","N/A","N/A","N/A"
"=""3413""","京鼎","576.5200","2,200.9970","2,777.5170","1.京鼎精密科技、承鼎精密、凱諾科技股份有限公司(科中廠) 2.京鼎精密科技、承鼎精密股份有限公司竹南科研廠(科研廠) 3.富士邁半導體精密工業(上海)有限公司 4.富曜半導體(昆山)有限公司","0.2128","公噸/百萬元營業額","ISO 14001"
"=""3416""","融程電","0.3192","25.9000","26.2192","僅母公司","0.0106","公噸/百萬元營業額","N/A"
"=""3419""","譁裕","1.6000","17.0400","18.6400","台灣(新竹總部、鳳山製造中心)","N/A","N/A","ISO 14001"
"=""3432""","台端","N/A","N/A","N/A","N/A","N/A","N/A","N/A"
"=""3437""","榮創","1.3900","56.0920","57.4820","公司營運範圍","0.0291","公噸/百萬元營業額","ISO 14001"
"=""3443""","創意","0.9320","0.9400","1.8720","新竹總部","N/A","N/A","N/A"
"=""3447""","展達","4.0355","59.2700","63.3055","母公司(台北總部)、合併財務報表之子公司(蘇州工廠、泰國工廠)","0.0221","公噸/百萬元營業額","N/A"
"=""3450""","聯鈞","0.0000","47.9800","47.9800","母公司","N/A","N/A","N/A"
"=""3481""","群創","19,501.0000","48,706.0000","68,207.0000","母公司及部分子公司","0.3221","公噸/百萬元營業額","ISO 14001"
"=""3494""","誠研","N/A","N/A","N/A","N/A","N/A","N/A","N/A"
"=""3501""","維熹","9.0000","52.0000","61.0000","合併財務報表之母子公司(不含美日子公司)","0.0110","公噸/百萬元營業額","N/A"
"=""3504""","揚明光","7.6680","80.8960","88.5640","新竹科學園區新安路7號地下1樓至3樓","0.0322","公噸/百萬元營業額","ISO 14001"
"=""3515""","華擎","N/A","N/A","3.9416","母公司(台灣)","0.0124","員工人均廢棄物量","N/A"
"=""3518""","柏騰","N/A","N/A","N/A","N/A","N/A","N/A","N/A"
"=""3528""","安馳","N/A","N/A","N/A","N/A","N/A","N/A","N/A"
"=""3530""","晶相光","N/A","N/A","0.0000","N/A","N/A","N/A","N/A"
"=""3532""","台勝科","1.5410","5,541.5400","5,543.0810","母公司","0.0280","公噸/產品","N/A"
"=""3533""","嘉澤","299.0000","17,529.0000","17,828.0000","本公司廣州廠、中山廠、蘇州廠、越南廠","0.7282","公噸/百萬元營業額","N/A"
"=""3535""","晶彩科","0.0000","16.5900","16.5900","竹北總公司","0.0383","公噸/百萬元營業額","N/A"
"=""3543""","州巧","49.3280","112.4350","161.7630","本公司總部暨工廠包括新竹廠,台南廠,蘇州廠,廈門廠","0.0497","公噸/百萬元營業額","N/A"
"=""3545""","敦泰","0.0000","2.0012","2.0012","敦泰電子股份有限公司(台灣母公司)","0.0001","公噸/百萬元營業額","N/A"
"=""3550""","聯穎","N/A","N/A","N/A","N/A","N/A","N/A","N/A"
"=""3557""","嘉威","3.7100","6.0900","9.8000","母公司及大陸子公司 (其中大陸子公司尚未統計非有害廢棄物)","0.0021","公噸/百萬元營業額","N/A"
"=""3563""","牧德","N/A","N/A","N/A","N/A","N/A","N/A","N/A"
"=""3576""","聯合再生","568.5540","1,569.8840","2,138.4380","涵蓋竹科廠、竹南廠及台南廠營運範圍","0.2107","公噸/百萬元營業額","N/A"
"=""3583""","辛耘","15.0900","314.5200","329.6100","母公司湖口廠","N/A","N/A","ISO 14001"
"=""3588""","通嘉","0.8200","2.4000","3.2200","竹北市母公司所在地、新北市板橋及台南市辦公室","N/A","N/A","N/A"
"=""3591""","艾笛森","1.8700","41.2194","43.0894","艾笛森(含子公司艾特光電)於台灣所有廠區","0.0316","公噸/百萬元營業額","N/A"
"=""3592""","瑞鼎","17.7600","1.8100","19.5700","母公司 ","0.0011","公噸/百萬元營業額","ISO 14001"
"=""3593""","力銘","N/A","N/A","N/A","N/A","N/A","N/A","N/A"
"=""3596""","智易","120.3400","1,213.9600","1,334.3000","1.智易科技股份有限公司 2.仁寶網路資訊(昆山)有限公司 3.Arcadyan Technology (Vietnam) Co., Ltd.","0.0261","公噸/百萬元營業額","N/A"
"=""3605""","宏致","1.1750","19.0200","20.1950","台灣宏致","0.0065","公噸/百萬元營業額","N/A"
"=""3607""","谷崧","10.2200","27.1200","37.3400","母公司","N/A","N/A","N/A"
"=""3617""","碩天","0.0000","69.1435","69.1435","僅母公司資料","0.0100","公噸/百萬元營業額","N/A"
"=""3622""","洋華","8.4000","53.4000","61.8000","母公司","0.0377","公噸/百萬元營業額","N/A"
"=""3645""","達邁","12.7428","9,052.6420","9,065.3848","母公司","5.8264","公噸/百萬元營業額","ISO 14001"
"=""3652""","精聯","0.0000","5.1900","5.1900","僅母公司之文件紙張銷毀量及電子廢棄物數量","0.2776","億營業額","N/A"
"=""3653""","健策","742.6000","729.3100","1,471.9100","母公司","0.1354","公噸/百萬元營業額","ISO 14001"
"=""3661""","世芯-KY","0.0000","0.1910","0.1910","台北及新竹營運據點","0.0063","公斤/營收新台幣每百萬元","N/A"
"=""3665""","貿聯-KY","82.6400","7,178.3300","7,260.9700","全球34個生產廠區: 昆山貿聯廠、昆山翔光廠、常州廠、常州BCNC廠、深圳通盈廠、翔耀廠、康聯廠、廈門新視廠、百事聯廠、佛山城鉞廠、新加坡加冷廠、馬來西亞柔佛廠、馬來西亞檳城廠、台灣台南廠、加州廠、密西根廠、德州廠、墨西哥廠、加拿大廠、塞爾維亞廠、斯洛伐克廠、德國廠、法國廠、捷克廠、義大利廠等。","0.1400","公噸/百萬元營業額","N/A"
"=""3669""","圓展","5.8200","95.0800","100.9000","母公司 ","0.0406","公噸/百萬元營業額","ISO 14001"
"=""3673""","TPK-KY","289.1341","6,470.7329","6,759.8670","包含合併財務報表之母子公司","0.0001","t/仟元(NTD) ","ISO 14001"
"=""3679""","新至陞","166.4310","314.3870","480.8180","新至陞台灣總部、昆山廠及越南廠","0.1370","公噸/百萬元營業額","N/A"
"=""3686""","達能","0.0000","0.0106","0.0106","包含合併財務報表之母子公司","0.0003","公噸/百萬元營業額","N/A"
"=""3694""","海華","20.2940","132.4400","152.7340","上海廠區","0.0012","公噸/產品","N/A"
"=""3701""","大眾控","81.4935","544.8008","626.2943","大眾投控屬投資公司，其生產製造於子公司，辦公地點為一般辦公大樓，多數為民生廢棄物，無工業廢棄物，因2023年無法盤點民生廢棄物。 本資料範圍包含廣上科技（廣州）有限公司、才眾電腦(深圳)有限公司 ","0.0159","公噸/百萬元營業額","ISO 9001,ISO 14001,ISO 14064-1"
"=""3702""","大聯大","0.0000","279.8480","279.8480","辦公室區域統計範圍：臺灣地區(臺北)；中國大陸(深圳、上海、香港、長沙、廣州、珠海、東莞、北京、蘇州)。 物流倉庫統計範圍：臺灣地區(林口)及中國大陸(香港、東莞)。","0.0700","公噸/各據點員工合計數","依照確信準則3000號「非屬歷史性財務資訊查核或核閱之確信案件」進行有限確信驗證，指標揭露內容參照GRI 306-3：2020 廢棄物的產生。"
"=""3703""","欣陸","1.2300","45,217.5100","45,218.7500","母公司及主要營運子公司","1.4774","公噸/百萬元營業額","ISO 14001,驗證範圍：淡水水資源回收中心、鳳山水資源中心、安平水資源中心、臨海水資源中心"
"=""3704""","合勤控","10.7510","645.8510","656.6020","合勤投控及其子公司盟創科技於台灣廠區","0.0300","公噸/百萬元營業額","N/A"
"=""3705""","永信","7.3920","252.5400","259.9320","永信藥品工業股份有限公司之幼獅廠(含二、三廠)及頂店廠、永鴻國際生技股份有限公司之新竹廠。","0.0370","公噸/百萬元營業額","N/A"
"=""3706""","神達","158.8500","1,942.5900","2,101.4400","(集團營收95%以上之主要據點) 神達控股股份有限公司，神達電腦股份有限公司，神雲科技股份有限公司，神達數位股份有限公司，昆達電腦科技（昆山）有限公司，璽達信息科技(昆山)有限公司，佛山市順德區順達電腦廠有限公司，MiTAC Information Systems Corp. 的廢棄物量","0.0591","公噸/百萬元營業額","N/A"
"=""3708""","上緯投控","48.6500","436.0350","484.6850","上緯興業股份有限公司、上偉碳纖複合材料股份有限公司、旺來企業股份有限公司、磁震科技開發股份有限公司","0.1461","公噸/百萬元營業額","N/A"
"=""3711""","日月光投控","20,692.0000","47,965.0000","68,657.0000","日月光半導體製造股份有限公司高雄廠、中壢廠、無錫廠、上海材料廠、上海月芯半導體、日本廠、韓國廠、新加坡廠、馬來西亞廠、ISE Labs、矽品精密工業股份有限公司大豐廠、中山廠、中科廠、中科二廠、中工廠、新竹廠、彰化廠、蘇州廠、環電股份有限公司南投廠、張江廠、昆山廠、金橋廠、惠州廠、墨西哥廠、越南廠。 ","1.0900","公噸/百萬元營業額","ISO 14001"
"=""3712""","永崴投控","10.5000","597.1200","607.6200","永崴含其下子公司:勁永國際、崴強科技、光燿科及崴海、富崴、耀崴大廠區","0.0348","公噸/百萬元營業額","N/A"
"=""3714""","富采","6,581.8700","1,727.5800","8,309.4500","包含：富采、晶元光電、隆達電子、晶成半導體、晶品光電(常州)、晶宇光電(廈門)、江蘇璨揚光電、達亮電子(滁州)","0.3725","公噸/百萬元營業額","ISO 14001"
"=""3715""","定穎投控","41,336.0690","7,023.3000","48,359.3690","包含合併財務報表之母子公司","3.0902","公噸/百萬元營業額","昆山廠:ISO14001 、黃石廠:ISO14001及UL2799"
"=""4104""","佳醫","0.0000","72.7100","72.7100","僅母公司","0.0139","公噸/百萬元營業額","N/A"
"=""4106""","雃博","0.0000","66.1660","66.1660","2023整年度","N/A","N/A","N/A"
"=""4108""","懷特","0.0000","5.5000","5.5000","台北公司及楊梅精製廠","N/A","N/A","N/A"
"=""4119""","旭富","1,266.6550","2,180.5800","3,447.2350","僅母公司","0.0035","公噸/產品","N/A"
"=""4133""","亞諾法","N/A","N/A","N/A","N/A","N/A","N/A","N/A"
"=""4137""","麗豐-KY","0.0000","0.0000","5,546.4000","子公司微碩(上海)日用品有限公司","N/A","N/A","N/A"
"=""4142""","國光生","15.6496","314.2250","329.8746","2023年1月1日~2023年12月31日","0.1848","公噸/百萬元營業額","ISO 14001"
"=""4148""","全宇生技-KY","N/A","N/A","N/A","N/A","N/A","N/A","N/A"
"=""4155""","訊映","0.0000","23.2700","23.2700","僅母公司","N/A","N/A","N/A"
"=""4164""","承業醫","0.0000","6.1690","6.1690","包含合併財務報表之母子公司","0.0016","公噸/百萬元營業額","N/A"
"=""4190""","佐登-KY","0.0000","106.4570","106.4570","總部及生技園區","N/A","N/A","N/A"
"=""4306""","炎洲","65.6500","7,815.8400","7,881.4900","僅母公司","N/A","N/A","N/A"
"=""4414""","如興","N/A","N/A","N/A","N/A","N/A","N/A","N/A"
"=""4426""","利勤","0.2622","0.0468","0.3090","母公司","N/A","N/A","N/A"
"=""4438""","廣越","N/A","N/A","N/A","N/A","N/A","N/A","N/A"
"=""4439""","冠星-KY","4,961.2241","1,041.6120","6,002.8361","TOP SPORTS TEXTILE LTD.","0.3776","公噸/產品","EMeRet"
"=""4440""","宜新實業","0.0000","36.5300","36.5300","彰化廠","0.0368","公噸/百萬元營業額","N/A"
"=""4526""","東台","0.0000","68.9300","68.9300","路科一廠","0.0090","公噸/百萬元營業額","N/A"
"=""4532""","瑞智","0.0000","333.6000","333.6000","桃園觀音營運總部 ","0.0514","公噸/百萬元營業額","N/A"
"=""4536""","拓凱","308.6900","1,855.2900","2,163.9800","廢棄物包含台灣廠區及大陸廈門新凱廠區","N/A","N/A","N/A"
"=""4540""","全球傳動","0.0000","972.0750","972.0750","2023/01/01-2023/12/31","0.3276","公噸/百萬元營業額","ISO 9001,ISO 14001,其他"
"=""4545""","銘鈺","100.0000","194.0000","294.0000","僅母公司(包含辦公室、工廠及員工宿舍)","0.2900","公噸/百萬元營業額","ISO 14001"
"=""4551""","智伸科","466.2500","1,732.6400","2,198.8900","已驗證資料邊界包含子公司：東莞海益機械配件有限公司、浙江智泓科技有限公司、旭申國際科技股份有限公司。 未驗證資料邊界為子公司：嘉興智興科技有限公司","0.3087","公噸/百萬元營業額","ISO 9001,ISO 14001"
"=""4552""","力達-KY","N/A","N/A","N/A","N/A","N/A","N/A","N/A"
"=""4555""","氣立","0.0000","1.1200","1.1200","僅母公司","0.0026","公噸/百萬元營業額","ISO 9001,ISO 14001"
"=""4557""","永新-KY","16.6200","52.9100","69.5300","永新控股股份有限公司","N/A","N/A","N/A"
"=""4560""","強信-KY","N/A","N/A","N/A","N/A","N/A","N/A","N/A"
"=""4562""","穎漢","N/A","N/A","27.0000","N/A","N/A","N/A","N/A"
"=""4564""","元翎","N/A","N/A","0.0000","N/A","N/A","N/A","N/A"
"=""4566""","時碩工業","0.0000","315.5780","315.5780","時碩公司台灣廠區","N/A","N/A","N/A"
"=""4569""","六方科-KY","166.0000","92.0000","258.0000","合併報表母子公司","0.2122","公噸/百萬元營業額","N/A"
"=""4571""","鈞興-KY","130.5510","269.1170","399.6680","合併財務報告所有公司","0.1146","公噸/百萬元營業額","N/A"
"=""4572""","駐龍","N/A","N/A","N/A","N/A","N/A","N/A","N/A"
"=""4576""","大銀微系統","0.8900","208.1710","209.0610","母公司總部及二廠","0.1116","公噸/百萬元營業額","ISO 14001"
"=""4581""","光隆精密-KY","0.0000","47.5880","47.5880","包含合併財務報表之母子公司","0.0397","公噸/百萬元營業額","N/A"
"=""4583""","台灣精銳","13.0000","236.0000","249.0000","母公司","0.1168","公噸/百萬元營業額","ISO 14001"
"=""4588""","玖鼎電力","N/A","N/A","N/A","N/A","N/A","N/A","N/A"
"=""4720""","德淵","0.0000","54.5200","54.5200","德淵企業桃園廠","0.0165","公噸/百萬元營業額","N/A"
"=""4722""","國精化","328.0000","5,061.0000","5,389.0000","母公司","N/A","N/A","N/A"
"=""4736""","泰博","2.1000","76.0000","78.1000","母公司","0.0200","公噸/百萬元營業額","N/A"
"=""4737""","華廣","29.6240","4.7400","34.3640","母公司","N/A","N/A","N/A"
"=""4739""","康普","69.5600","1,398.3600","1,467.9200","康普材料科技股份有限公司 天弘化學股份有限公司 恆誼化工股份有限公司 ","0.2920","公噸/百萬元營業額","N/A"
"=""4746""","台耀","508.1696","1,107.9900","1,616.1596","母公司","0.3718","公噸/百萬元營業額","ISO 14001"
"=""4755""","三福化","891.4300","174.7600","1,066.1900","2023年 三福化工之善化廠、柳科廠、高雄廠","0.1786","公噸/百萬元營業額","依臺灣證券交易所「上市公司編製與申報永續報告書作業辦法」第四條第二項揭露永續揭露指標─化學工業，取得資誠聯合會計師事務所之會計師有限確信報告"
"=""4763""","材料-KY","559.0200","751.4900","1,310.5100","合併財務報表之母子公司","0.1189","公噸/百萬元營業額","ISO 9001,ISO 14001"
"=""4764""","雙鍵","2.8840","110.3060","113.1900","母公司","0.0508","公噸/百萬元營業額","N/A"
"=""4766""","南寶","688.0000","630.0000","1,318.0000","母公司","0.2200","公噸/百萬元營業額","N/A"
"=""4770""","上品","0.0000","21.0100","21.0100","台灣地區所屬於上品公司控制權之範圍","N/A","N/A","N/A"
"=""4771""","望隼","1.8200","670.0570","671.8770","母公司","0.0000","公噸/產品","N/A"
"=""4807""","日成-KY","0.9900","3.1200","4.1100","2023/01/01-2023/12/31 1.重要子公司 Regal Jewelry Manufacture Co., Ltd. 2.重要子公司 Regal Plating Co., Ltd. ","0.0036","公噸/百萬元營業額","ISO 14001"
"=""4904""","遠傳","989.1253","486.6473","1,475.7726","遠傳電信","0.0158","公噸/百萬元營業額","ISO 14001"
"=""4906""","正文","154.3450","951.2780","1,105.6230","台灣總部、昆山廠、常熟廠及越南廠","0.0420","公噸/百萬元營業額","N/A"
"=""4912""","聯德控股-KY","14.0000","312.0000","326.0000","重要子公司聯德精密材料(中國)股份有限公司","0.0002","公噸/產品","ISO 14001"
"=""4915""","致伸","164.1803","2,350.8273","2,515.0076","包括子公司共11個據點","0.0416","公噸/百萬元營業額","ISO 14001"
"=""4916""","事欣科","N/A","N/A","N/A","N/A","N/A","N/A","N/A"
"=""4919""","新唐","320.1647","407.2324","727.3971","新唐科技股份有限公司(不含子公司)","0.0382","公噸/百萬元營業額","ISO 14001"
"=""4927""","泰鼎-KY","5,129.0000","8,551.0000","13,680.0000","合併財務報告子公司","1.8300","公噸/百萬元營業額","ISO 9001,ISO 14001"
"=""4930""","燦星網","N/A","N/A","N/A","N/A","N/A","N/A","N/A"
"=""4934""","太極","2,349.5050","59.9900","2,409.4950","僅子公司-越南太極有生產","0.0000","公噸/產品","N/A"
"=""4935""","茂林-KY","0.0110","86.5330","86.5440","台灣廠區","N/A","N/A","ISO 14001"
"=""4938""","和碩","1,943.4192","52,469.3840","54,412.8032","和碩聯合科技(股)公司、昌碩科技(上海)、世碩電子(昆山)、名碩電腦(蘇州)、康碩電子(蘇州)、凱碩電腦(蘇州)、旭碩科技(重慶)、凱全電子(重慶)、Pegatron Mexico S.A. de C.V.、PEGATRON Czech s.r.o.、PT. PEGATRON TECHNOLOGY INDONESIA、PEGATRON VIETNAM COMPANY LIMITED、PEGATRON TECHNOLOGY HAI PHONG COMPANY LIMITED、PEGATRON TECHNOLOGY INDIA PRIVATE LIMITED","0.0433","公噸/百萬元營業額","AA1000"
"=""4942""","嘉彰","N/A","N/A","N/A","N/A","0.5548","公噸/百萬元營業額","N/A"
"=""4943""","康控-KY","N/A","N/A","N/A","N/A","N/A","N/A","N/A"
"=""4949""","有成精密","0.6000","159.5700","160.1700","新能源產線及半導體產線。","N/A","N/A","ISO 14001"
"=""4952""","凌通","1.5200","9.2800","10.8000","母公司","0.0472","N/A","N/A"
"=""4956""","光鋐","206.8000","172.5000","379.3000","112年1月至112年12月","89.6800","公噸/產品","N/A"
"=""4958""","臻鼎-KY","42,181.0000","23,780.0000","65,961.0000","臻鼎科技控股股份有限公司及其合併財務報表之子公司(除Avary Technology (India) Private Limited、禮鼎半導體(深圳)有限公司、禮鼎半導體科技秦皇島有限公司、慶鼎精密電子(淮安)有限公司之淮安第三園區及鵬鼎科技股份有限公司南科分公司)","0.4400","公噸/百萬元營業額","ISO 14001"
"=""4960""","誠美材","983.3510","3,164.0500","4,147.4010","僅母公司","0.1425","公噸/產品","ISO 14001"
"=""4961""","天鈺","0.0000","34.6230","34.6230","總部篤行據點及公道五據點","0.0020","公噸/百萬元營業額","N/A"
"=""4967""","十銓","1.7830","10.4800","12.2630","涵蓋範圍僅母公司","N/A","N/A","ISO 14001"
"=""4968""","立積","0.5290","11.9377","12.4667","母公司","0.0042","公噸/百萬元營業額","ISO 14001"
"=""4976""","佳凌","39.0000","29.7000","68.7000","依據廢棄物清理計劃書內容","N/A","N/A","ISO 14001"
"=""4977""","眾達-KY","N/A","N/A","N/A","N/A","N/A","N/A","N/A"
"=""4989""","榮科","512.9200","50.8800","563.8000","本公司 ","0.0590","公噸/產品","N/A"
"=""4994""","傳奇","N/A","N/A","N/A","N/A","N/A","N/A","N/A"
"=""4999""","鑫禾","0.0000","32.3710","32.3710","母公司","0.0449","公噸/百萬元營業額","N/A"
"=""5007""","三星","2.3300","534.2400","536.5700","母公司","0.3816","公噸/每人","ISO 14001"
"=""5203""","訊連","N/A","92.4588","92.4588","包含合併財務報表之母子公司","0.0496","公噸/百萬元營業額","N/A"
"=""5215""","科嘉-KY","N/A","N/A","N/A","N/A","N/A","N/A","N/A"
"=""5222""","全訊","9.7955","31.1211","40.9166","個別報表所有廠區","0.0327","公噸/百萬元營業額","N/A"
"=""5225""","東科-KY","13.1030","987.4871","1,000.5901","EAHZ+EAVN","0.0940","公噸/百萬元營業額","ISO 14001"
"=""5234""","達興材料","688.0000","251.0000","939.0000","總公司、中科廠、中港廠","N/A","N/A","N/A"
"=""5243""","乙盛-KY","266.3780","2,101.5420","2,367.9200","昆山乙盛機械工業有限公司 ","1.3460","公噸/百萬元營業額","ISO 14001"
"=""5244""","弘凱","0.7560","3.8000","4.5560","包含合併財務報表之母子公司。","N/A","N/A","N/A"
"=""5258""","虹堡","0.0000","69.6740","69.6740","母公司","N/A","N/A","N/A"
"=""5269""","祥碩","0.0155","22.1509","22.1664","祥碩總公司辦公室","0.0035","公噸/百萬元營業額","N/A"
"=""5283""","禾聯碩","N/A","N/A","N/A","N/A","N/A","N/A","N/A"
"=""5284""","jpp-KY","232.5336","16.3364","248.8700","Jinpao Soi 11 + 12 廠區","0.0916","公噸/百萬元營業額","ISO 14001"
"=""5285""","界霖","120.7100","10.4100","131.1200","母公司","N/A","N/A","N/A"
"=""5288""","豐祥-KY","5,043.9400","13,306.1100","18,350.0500","主要營運孫公司台灣豐祥及越南VPIC1","2.5250","公噸/百萬元營業額","ISO 14001"
"=""5292""","華懋","0.0000","2.4300","2.4300","母公司工廠","N/A","N/A","N/A"
"=""5306""","桂盟","0.0000","111.4900","111.4900","臺灣營運範圍(母公司+桂盟企業)","0.1515","公噸/百萬元營業額","N/A"
"=""5388""","中磊","172.4800","4,318.6900","4,491.1700","台灣竹南、蘇州、菲律賓生產基地","0.0718","公噸/百萬元營業額","ISO 14001"
"=""5434""","崇越","0.0000","37.9400","37.9400","母公司","0.0000","公噸/百萬元營業額","ISO 14001"
"=""5469""","瀚宇博","4,989.7600","625.0250","5,614.7850","瀚宇博德股份有限公司 ","0.0034","公噸/產品","N/A"
"=""5471""","松翰","0.0000","0.0000","0.0000"," 僅母公司","0.0001"," 營業額(新台幣仟元)","ISO 9001,ISO 14001,QC080000"
"=""5484""","慧友","0.0000","0.1240","0.1240","母公司112年存貨報廢的重量","0.0004","公噸/百萬元營業額","N/A"
"=""5515""","建國","0.0000","10,201.3700","10,201.3700","建國工程總公司及本公司2023年全數工地","N/A","N/A","N/A"
"=""5519""","隆大","0.0000","2,504.0200","2,504.0200","僅母公司","N/A","N/A","N/A"
"=""5521""","工信","0.0000","121,904.9200","121,904.9200","僅母公司","22.9403","公噸/百萬元營業額","N/A"
"=""5522""","遠雄","0.0000","16,811.1600","16,811.1600","包含合併財務報表之母子公司","0.7696","公噸/百萬元營業額","N/A"
"=""5525""","順天","0.0000","632.7563","632.7563","母公司","N/A","N/A","N/A"
"=""5531""","鄉林","N/A","N/A","N/A","N/A","N/A","N/A","N/A"
"=""5533""","皇鼎","N/A","N/A","N/A","N/A","N/A","N/A","N/A"
"=""5534""","長虹","N/A","N/A","N/A","N/A","N/A","N/A","N/A"
"=""5538""","東明-KY","1,806.0000","28.0000","1,834.0000","開曼東明、岡山東穎、Tongwin、浙江東明及浙江東和等5個營運主體","0.1414","公噸/百萬元營業額","N/A"
"=""5546""","永固-KY","N/A","N/A","N/A","N/A","N/A","N/A","N/A"
"=""5607""","遠雄港","2,765.9000","0.0000","2,765.9000","遠雄自貿港投資控股股份有限公司及其子公司","N/A","N/A","N/A"
"=""5608""","四維航","0.0000","410.8050","410.8050","子孫公司營運船舶","0.6691","公噸/員工總人數(海勤船員+辦公室員工)","AA1000 AS v3"
"=""5706""","鳳凰","N/A","N/A","N/A","N/A","N/A","N/A","N/A"
"=""5871""","中租-KY","0.0000","0.0000","1,404.2510","中租控股公司及旗下子公司","0.0144","公噸/百萬元營業額","N/A"
"=""5876""","上海商銀","0.0000","201.0000","201.0000","資料統計涵蓋上海商業儲蓄銀行所有臺灣據點","0.0700","人均","ISO 14001"
"=""5880""","合庫金","0.0000","617.7300","617.7300","335處據點","0.0100","公噸/百萬元營業額","ISO 14001"
"=""5906""","台南-KY","N/A","N/A","N/A","N/A","N/A","N/A","N/A"
"=""5907""","大洋-KY","N/A","N/A","N/A","N/A","N/A","N/A","N/A"
"=""6005""","群益證","0.0000","101.4061","101.4061","母公司全台各營運據點","0.0096","公噸/百萬元營業額","N/A"
"=""6024""","群益期","0.0000","5.0969","5.0969","全台營運據點","0.0026","公噸/百萬元營業額","N/A"
"=""6108""","競國","1,097.1200","36.8000","1,133.9200","本公司","0.8854","公噸/百萬元營業額","N/A"
"=""6112""","邁達特","0.0000","0.9700","0.9700","邁達特及子公司啟迪、聚上雲、逐鹿數位之紙類銷毀量。","0.0015","公噸/人","N/A"
"=""6115""","鎰勝","N/A","N/A","N/A","N/A","N/A","N/A","N/A"
"=""6116""","彩晶","3,521.4200","5,859.9700","9,381.3900","母公司及子公司(南京瀚宇彩欣科技有限責任公司)","0.7594","公噸/百萬元營業額","ISO 14001"
"=""6117""","迎廣","0.0000","146.7500","146.7500","母公司","0.0619","公噸/百萬元營業額","N/A"
"=""6120""","達運","91.3662","5,314.0741","5,405.4403","本公司及子公司","0.3112","公噸/百萬元營業額","N/A"
"=""6128""","上福","0.0000","516.2900","516.2900","臺中市梧棲區關連工業區自強路50號、臺中市梧棲區港埠路一段517號、臺中市梧棲區永興路一段498號","0.4235","公噸/百萬元營業額","N/A"
"=""6133""","金橋","N/A","N/A","N/A","N/A","N/A","N/A","N/A"
"=""6136""","富爾特","N/A","N/A","N/A","N/A","N/A","N/A","N/A"
"=""6139""","亞翔","0.0000","12.6161","12.6161","溫室氣體盤查主要為台灣地區有控制權的汐止 、新竹和台南辦公室，工地為非營運控制權故不納入盤查範疇。","0.0009","公噸/百萬元營業額","N/A"
"=""6141""","柏承","N/A","N/A","N/A","N/A","N/A","N/A","N/A"
"=""6142""","友勁","17.2600","12.0000","29.2600","母公司","0.0115","公噸/百萬元營業額","ISO 14001"
"=""6152""","百一","0.0360","1.2000","1.2360","台灣總公司","0.0006","公噸/百萬元營業額","N/A"
"=""6153""","嘉聯益","1,890.0000","1,700.0000","3,590.0000","樹林廠、桃科厰","0.3650","公噸/百萬元營業額","N/A"
"=""6155""","鈞寶","14.1000","47.5900","61.6900","母公司","N/A","N/A","ISO 14001"
"=""6164""","華興","0.0000","0.0100","0.0100","母公司","N/A","N/A","ISO 9001,ISO 14001"
"=""6165""","浪凡","N/A","N/A","N/A","N/A","N/A","N/A","N/A"
"=""6166""","凌華","0.0000","5.7800","5.7800","僅母公司","0.0007","公噸/百萬元營業額","ISO 9001,ISO 14001"
"=""6168""","宏齊","2.9200","93.8000","96.7200","母公司","0.0500","公噸/百萬元營業額","N/A"
"=""6176""","瑞儀","44.8700","4,060.8200","4,105.6900","台灣與中國大陸製造廠區","0.9500","廢棄物總重量(公噸)/原物料塑膠粒投料量(公噸)","ISO 14001"
"=""6177""","達麗","0.0000","7,199.5000","7,199.5000","112年達麗在建工程建案","N/A","N/A","N/A"
"=""6183""","關貿","N/A","N/A","12.6690","關貿網路總公司南港軟體園區","N/A","N/A","N/A"
"=""6184""","大豐電","0.0000","42.5858","42.5858","大豐有線電視股份有限公司，未包含合併財務報表中之子公司","0.0558","公噸/百萬元營業額","N/A"
"=""6189""","豐藝","0.0000","13.8970","13.8970","僅母公司台北辦公室及桃園青埔倉儲。","0.0005","公噸/百萬元營業額","N/A"
"=""6191""","精成科","50,431.1000","18,966.7000","69,397.8000","包含合併財務報表之母子公司","3.0332","公噸/百萬元營業額","N/A"
"=""6192""","巨路","N/A","N/A","N/A","N/A","N/A","N/A","N/A"
"=""6196""","帆宣","4.1800","179.5000","183.6800","帆宣各廠區","0.0033","公噸/百萬元營業額","ISO 14001"
"=""6197""","佳必琪","N/A","N/A","N/A","N/A","N/A","N/A","N/A"
"=""6201""","亞弘電","N/A","N/A","N/A","N/A","N/A","N/A","N/A"
"=""6202""","盛群","0.1500","10.2716","10.4216","盛群半導體股份有限公司(含新竹總部、漢磊辦公室)","0.0040","公噸/百萬元營業額","ISO 14001"
"=""6205""","詮欣","N/A","N/A","N/A","N/A","N/A","N/A","ISO 14001"
"=""6206""","飛捷","2.3500","126.7700","129.1200","飛捷母公司","N/A","N/A","N/A"
"=""6209""","今國光","46.0000","59.8310","105.8310","母公司","100.0000","公噸/產品","N/A"
"=""6213""","聯茂","3,605.7100","10,924.1600","14,529.8700","聯茂電子股份有限公司台灣廠及中國廠區(無錫廠、東莞廠、廣州廠及江西廠)","0.4347","公噸/百萬元營業額","N/A"
"=""6214""","精誠","0.0000","43.6000","43.6000","僅母公司","0.0012","公噸/百萬元營業額","ISO 14001"
"=""6215""","和椿","0.0000","6.6000","6.6000","桃園廠(因台北、台中及台南都在辦公大樓內，僅有生活廢棄物，且廢棄物都由大樓物管公司收取)","0.0090","公噸/百萬元營業額","ISO 9001,ISO 14001"
"=""6216""","居易","0.0000","11.6000","11.6000","一般民生廢棄物","0.0150","公噸/百萬元營業額","N/A"
"=""6224""","聚鼎","35.0000","86.0000","121.0000","聚鼎台灣廠區","0.0900","公噸/百萬元營業額","N/A"
"=""6225""","天瀚","N/A","N/A","N/A","N/A","N/A","N/A","N/A"
"=""6226""","光鼎","N/A","N/A","N/A","N/A","N/A","N/A","N/A"
"=""6230""","尼得科超眾","0.0000","26.6000","26.6000","(1)新北市三重區中興北街184-3號(中興廠) (2)新北市三重區中興北街193-2號1,2,4,7F(陞泰廠)","0.0024","公噸/百萬元營業額","ISO 14001"
"=""6235""","華孚","1,056.3700","1,183.5000","2,239.8700","華孚科技股份有限公司、 昆山華復精密金屬有限公司、 華孚精密科技(馬鞍山)有限公司。","0.3879","公噸/百萬元營業額","N/A"
"=""6239""","力成","2,275.9200","4,091.4900","6,367.4100","僅台灣地區力成科技","0.1500","公噸/百萬元營業額","ISO 9001,ISO 14001,PWC執行ISAE3000廢棄物管理指標確信"
"=""6243""","迅杰","0.0000","0.0000","0.0000","母公司","N/A","N/A","N/A"
"=""6257""","矽格","6.8372","542.6753","549.5125","北興廠、中興廠及湖口廠","6.4870","公噸/百萬元營業額","ISO 14001"
"=""6269""","台郡","2,407.0000","2,410.0000","4,817.0000","母公司","0.0070","公噸/產品","ISO 14001"
"=""6271""","同欣電","321.0000","1,115.0000","1,436.0000","與合併報表一致","0.1240","公噸/百萬元營業額","N/A"
"=""6277""","宏正","N/A","N/A","N/A","N/A","N/A","N/A","N/A"
"=""6278""","台表科","298.7200","1,901.5400","2,200.2600","母公司及子公司-峻凌電子(蘇州)有限公司","0.0602","公噸/百萬元營業額","N/A"
"=""6281""","全國電","N/A","N/A","N/A","N/A","N/A","N/A","N/A"
"=""6282""","康舒","109.9200","4,112.2300","4,222.1500","包含康舒科技/淡水廠/武漢廠/東莞廠/菲律賓廠. 以及滬華/吳江廠/銅梁廠/康華廠","0.1516","公噸/百萬元營業額","ISO 14001"
"=""6283""","淳安","N/A","N/A","N/A","N/A","N/A","N/A","N/A"
"=""6285""","啟碁","392.4240","6,222.3820","6,614.8060","範圍包含啓碁總部、力行廠、南科廠、啟佳、啟新、啟基永昌（昆山）、越南廠。","0.0600","公噸/百萬元營業額","ISO 14001"
"=""6405""","悅城","1,582.7400","230.9100","1,813.6500","母公司","8.6779","公噸/百萬元營業額","N/A"
"=""6409""","旭隼","2.1300","324.0000","326.1300","1.旭隼科技工廠的無害廢棄物(一般可回收廢棄物以及一般不可回收廢棄物)，均委託工業區垃圾回收站處理。一般可回收廢棄物所占比重，約90%。        旭隼科技工廠的無害廢棄物，工業區垃圾回收站回饋，廢棄物處理的方式，按材質分為以下四類：     (1 )主機殼鐵殼：廢鐵壓包、轉賣回收。     (2 )塑膠：可回收部分轉賣，不可回收部分拉去填埋場處理。     (3 )紙皮：紙廠回收。     (4)以上3類之外的其他廢棄物：填埋場處理。        綜上所述：填埋的廢棄物，比例較小，比重約8%；大部分廢棄物被回收利用，比重約92%。 到目前為止，旭隼科技沒有發生任何廢棄物污染事件。        旭隼科技製造和裝運的產品均為合格產品，滿足客戶規定的品質、安全和環保要求，以及相應的區域法律法規的要求。          作為全球不斷電系統以及逆變器專業的DMS工廠，旭隼科技的產品不僅滿足客戶的要求，而且符合相應地區的品質標準、安全標準和環保法規，包括歐盟RoHS指令、        REACH法規和WEEE指令。並無運輸、輸入、輸出被「巴塞爾公約」附錄I、II、III、VIII視為有害廢棄物的物質。  2.公司在營運過程中所處理的全部固體廢棄物（即不可回收、再利用或焚燒的廢棄物用於能源回收），公司擁有可靠且可審計的資料獲取和匯總系統。  ","0.0172","公噸/百萬元營業額","ISO 9001,ISO 14001,ISAE3000"
"=""6412""","群電","100.6900","3,326.0100","3,426.7000","台北總公司+東莞廠+蘇州廠+重慶廠+泰國廠","0.0940","公噸/百萬元營業額","ISO 14001"
"=""6414""","樺漢","0.0000","2.4860","2.4860","新北市中和區建康路10號3-6F ","N/A","N/A","N/A"
"=""6415""","矽力*-KY","N/A","N/A","N/A","N/A","N/A","N/A","N/A"
"=""6416""","瑞祺電通","0.0000","0.6100","0.6100","僅母公司","0.0002","公噸/百萬元營業額","N/A"
"=""6426""","統新","16.7100","0.0000","16.7100","112年1月-12月","N/A","N/A","N/A"
"=""6431""","光麗-KY","N/A","N/A","N/A","N/A","N/A","N/A","N/A"
"=""6438""","迅得","0.0000","71,999.0000","71,999.0000","母公司中壢廠及楊梅廠","108.4300","公噸/人","N/A"
"=""6442""","光聖","0.0000","38,360.0000","38,360.0000","僅母公司","14.6558","公噸/百萬元營業額","N/A"
"=""6443""","元晶","1,031.4000","3,029.3000","4,060.7000","112年新竹廠、屏東廠資料加總","0.4916","公噸/百萬元營業額","ISO 14001"
"=""6446""","藥華藥","9.2700","24.5300","33.8000","藥華醫藥台北總公司+台中廠","0.0060","公噸/百萬元營業額","N/A"
"=""6449""","鈺邦","N/A","N/A","N/A","N/A","N/A","N/A","N/A"
"=""6451""","訊芯-KY","54.8390","53.6830","108.5220","""""""中國廣東省中山市火炬開發區建業東路9號；增設一處經營場所具體為:中山市火炬開發區建業東路9號之一2棟 中國廣東省中山市火炬開發區建業東路9號之一1棟"""""" ","0.0208","公噸/百萬元營業額","N/A"
"=""6456""","GIS-KY","410.9600","9,004.6170","9,415.5770","業成控股股份有限公司、 業成科技(成都)有限公司、 業成光電(深圳)有限公司、 業成光電(無錫)有限公司(僅2022年進行確信)、 英特盛科技股份有限公司、 英特盛科技股份有限公司(后里廠)","0.1438","公噸/百萬元營業額","ISO 14001"
"=""6464""","台數科","N/A","283.5800","283.5800","台灣數位光訊科技股份有限公司暨所屬營運公司","N/A","N/A","N/A"
"=""6472""","保瑞","620.3000","171.1700","791.4700"," 部分合併報表母子公司  ","0.0557","公噸/百萬元營業額","N/A"
"=""6477""","安集","0.4600","51.2600","51.7200","母公司及合併公司","0.0344","公噸/百萬元營業額","N/A"
"=""6491""","晶碩","82.7530","2,721.2010","2,803.9540","僅母公司","3.2000","每單位產品廢棄物產出量","ISO 14001"
"=""6504""","南六","N/A","N/A","N/A","N/A","N/A","N/A","N/A"
"=""6505""","台塑化","440.3700","1,517,451.1600","1,517,891.5300","麥寮一廠、麥寮二廠、麥寮三廠","2.1369","公噸/百萬元營業額","N/A"
"=""6515""","穎崴","5.4700","805.7200","811.1900","台灣所有廠區","0.2203","公噸/百萬元營業額","ISO 14001"
"=""6525""","捷敏-KY","243.3000","1,128.5000","1,371.8000","包含合併財務報表之母子公司","0.3104","公噸/百萬元營業額","N/A"
"=""6526""","達發","N/A","N/A","N/A","N/A","N/A","N/A","N/A"
"=""6531""","愛普*","0.0660","0.0000","0.0660","母公司，以及轉投資-愛普存儲技術(杭州)有限公司","0.0000","公噸/百萬元營業額","N/A"
"=""6533""","晶心科","N/A","N/A","N/A","N/A","N/A","N/A","N/A"
"=""6534""","正瀚-創","2.7495","11.2450","13.9945","正瀚生技股份有限公司企業總部暨研發中心","0.0092","公噸/百萬元營業額","N/A"
"=""6541""","泰福-KY","N/A","N/A","N/A","N/A","N/A","N/A","N/A"
"=""6550""","北極星藥業-KY","N/A","N/A","N/A","N/A","N/A","N/A","N/A"
"=""6552""","易華電","1,136.0622","126.5624","1,262.6246","2023.1.1~2023.12.31","0.0000","公噸/產品","N/A"
"=""6558""","興能高","71.9400","107.5900","179.5300","範疇三","0.1465","公噸/百萬元營業額","ISO 9001,ISO 14001"
"=""6573""","虹揚-KY","662.7000","27.5100","690.2100","包含合併財務報表之母子公司","N/A","N/A","N/A"
"=""6579""","研揚","0.1400","32.5750","32.7150","僅母公司","0.0070","公噸/百萬元營業額","N/A"
"=""6581""","鋼聯","931.8200","96,228.8100","97,160.6300","112年全廠產出量","1.8877","公噸/產品","N/A"
"=""6582""","申豐","15.8400","549.8000","565.6400","母公司","N/A","N/A","N/A"
"=""6585""","鼎基","0.0000","349.3500","349.3500","高雄廠及屏東廠","N/A","N/A","ISO 14001"
"=""6589""","台康生技","7.3638","49.0784","56.4422","汐止總公司及竹北分公司","N/A","N/A","N/A"
"=""6591""","動力-KY","N/A","N/A","N/A","N/A","N/A","N/A","N/A"
"=""6592""","和潤企業","N/A","64.4148","64.4148","和潤企業股份有限公司、和運國際融資租賃有限公司、和勁企業股份有限公司、和潤電能股份有限公司之一般生活廢棄物","N/A","公噸/百萬元營業額","N/A"
"=""6598""","ABC-KY","N/A","N/A","N/A","N/A","N/A","N/A","N/A"
"=""6605""","帝寶","0.0000","1,182.6300","1,182.6300","僅母公司","0.0842","公噸/百萬元營業額","N/A"
"=""6606""","建德工業","N/A","N/A","N/A","N/A","N/A","N/A","N/A"
"=""6625""","必應","N/A","N/A","N/A","N/A","N/A","N/A","N/A"
"=""6641""","基士德-KY","6.1400","19.3000","25.4400","川源(中國)機械有限公司平湖廠區","0.0186","公噸/百萬元營業額","N/A"
"=""6645""","金萬林-創","0.0000","0.1920","0.1920","實驗室生物醫療廢棄物，無有害成分。","N/A","N/A","N/A"
"=""6655""","科定","N/A","N/A","N/A","N/A","N/A","N/A","N/A"
"=""6657""","華安","N/A","N/A","N/A","N/A","N/A","N/A","N/A"
"=""6658""","聯策","N/A","N/A","N/A","N/A","N/A","N/A","ISO 14001"
"=""6666""","羅麗芬-KY","0.0000","44.8900","44.8900","子公司嘉文麗（福建）化妝品有限公司","0.0345","公噸/產品","N/A"
"=""6668""","中揚光","24.8100","62.2280","87.0380","中揚光電股份有限公司：台中市南屯區工業區二十二路21號","2.8445","公噸/百萬元營業額","N/A"
"=""6669""","緯穎","78.4600","5,218.3000","5,296.7600","全球主要營運據點及製造廠區","0.0218","公噸/百萬元營業額","ISO 9001,ISO 14001"
"=""6670""","復盛應用","75.2900","5,811.9600","5,887.2500","母公司","0.3015","公噸/百萬元營業額","ISO 14001"
"=""6671""","三能-KY","20.0000","675.7200","695.7200","合併財務報表之母子公司","0.3650","公噸/百萬元營業額","N/A"
"=""6672""","騰輝電子-KY","195.0000","1,093.0000","1,288.0000","合併財務報表之子公司生產型廠區","0.2718","公噸/百萬元營業額","N/A"
"=""6674""","鋐寶科技","N/A","N/A","N/A","N/A","N/A","N/A","N/A"
"=""6689""","伊雲谷","0.0000","0.0000","12.8139","伊雲谷總部","0.0041","公噸/百萬元營業額","N/A"
"=""6691""","洋基工程","0.0000","4,599.7700","4,599.7700","台灣總公司、新竹、台中、台南營業據點","0.3421","公噸/百萬元營業額","N/A"
"=""6695""","芯鼎","0.0926","0.0000","0.0926","母公司","0.0001","公噸/百萬元營業額","N/A"
"=""6698""","旭暉應材","0.0000","9.1000","9.1000","全公司","0.0081","公噸/百萬元營業額","N/A"
"=""6706""","惠特","0.0000","19.2500","19.2500","僅母公司","0.0144","公噸/百萬元營業額","N/A"
"=""6715""","嘉基","13.6966","78.4340","92.1306","包含合併財務報表之母子公司-台灣嘉基科技及蘇州嘉基","0.0405","公噸/百萬元營業額","ISO 14001"
"=""6719""","力智","0.0000","4.6800","4.6800","母公司","0.0015","公噸/百萬元營業額","N/A"
"=""6742""","澤米","0.0000","57.8200","57.8200","母公司全體廠區","0.1058","公噸/百萬元營業額","N/A"
"=""6743""","安普新","61.9400","250.9800","312.9200","包含合併財務報表之母子公司","0.0810","公噸/百萬元營業額","N/A"
"=""6753""","龍德造船","0.0000","960.6600","960.6600","僅母公司","0.1926","公噸/百萬元營業額","N/A"
"=""6754""","匯僑設計","0.0000","89.9800","89.9800","總公司+中壢鴻僑","N/A","N/A","N/A"
"=""6756""","威鋒電子","N/A","N/A","0.4400","事業廢棄物","N/A","N/A","N/A"
"=""6757""","台灣虎航-創","N/A","N/A","N/A","N/A","N/A","N/A","N/A"
"=""6768""","志強-KY","N/A","N/A","N/A","N/A","N/A","N/A","N/A"
"=""6770""","力積電","4,672.0300","8,399.1500","13,071.1800","包含合併財務報表之母子公司","0.0149","單位廢棄物產出（公斤/平方公分）","ISO 14001"
"=""6771""","平和環保-創","467.3700","7,252.1800","7,719.5500","母公司","N/A","N/A","N/A"
"=""6776""","展碁國際","0.0000","5.0512","5.0512","申報公司及100%持股子公司及博瑞達總部","0.0002","公噸/百萬元營業額","N/A"
"=""6781""","AES-KY","24.1011","549.3433","573.4444","資料涵蓋範圍包含合併財務報表之母子公司","0.0572","公噸/百萬元營業額","ISO 9001,ISO 14001"
"=""6782""","視陽","N/A","N/A","N/A","N/A","N/A","N/A","N/A"
"=""6789""","采鈺","1,254.0000","741.0000","1,995.0000","采鈺公司新竹廠、中壢廠及龍潭廠","0.0002","公噸/產品","N/A"
"=""6790""","永豐實","0.0000","4,518.0000","4,518.0000","台灣區主要紙品工廠","0.0300","公噸/產品","ISO 9001,ISO 14001"
"=""6792""","詠業","272.8200","108.6335","381.4535","母公司","0.2762","公噸/百萬元營業額","ISO 14001"
"=""6794""","向榮生技-創","N/A","N/A","N/A","N/A","N/A","N/A","N/A"
"=""6796""","晉弘","0.0045","1.5200","1.5245","母公司","0.0028","公噸/百萬元營業額","N/A"
"=""6799""","來頡","N/A","N/A","N/A","N/A","N/A","N/A","N/A"
"=""6805""","富世達","N/A","N/A","N/A","N/A","N/A","N/A","N/A"
"=""6806""","森崴能源","0.0000","1.8700","1.8700","數據統計僅包含頂埔大樓森崴能源總部，且根據整棟大樓總產生量以人數進行平均分攤","N/A","N/A","N/A"
"=""6807""","峰源-KY","120.0000","7,140.0000","7,260.0000","主要生產基地","1.7252","公噸/百萬元營業額","N/A"
"=""6830""","汎銓","1.0950","1.6050","2.7000","僅台灣母公司","0.0016","公噸/百萬元營業額","N/A"
"=""6834""","天二科技","126.1800","124.2790","250.4590","112/1/1~112/12/31","N/A","N/A","ISO 14001"
"=""6835""","圓裕","263.1000","38.9395","302.0395","子公司昆山圓裕電子科技有限公司","0.1374","公噸/百萬元營業額","N/A"
"=""6854""","錼創科技-KY創","98.1000","29.7500","127.8500","2023年","0.0137","公噸/產品","ISO 14001"
"=""6861""","睿生光電","0.2000","12.8000","13.0000","僅母公司","0.0100","公噸/百萬元營業額","N/A"
"=""6863""","永道-KY","16.9700","916.5000","933.4700","台北、揚州","N/A","N/A","ISO 9001,ISO 14001"
"=""6869""","雲豹能源-創","0.0000","38.5000","38.5000","太陽光電案場施工期間","N/A","N/A","N/A"
"=""6873""","泓德能源-創","N/A","N/A","N/A","N/A","N/A","N/A","N/A"
"=""6890""","來億-KY","848.4778","8,698.6758","9,547.1536","台灣總部(旺隆)、樂億廠、樂億II廠、億春廠(A、B)、昌億廠、億柏廠、億碩廠","0.3408","公噸/百萬元營業額","N/A"
"=""6901""","鑽石投資","N/A","N/A","N/A","N/A","N/A","N/A","N/A"
"=""6902""","走著瞧-創","N/A","N/A","N/A","N/A","N/A","N/A","N/A"
"=""6906""","現觀科","N/A","N/A","N/A","N/A","N/A","N/A","N/A"
"=""6914""","阜爾運通","N/A","N/A","N/A","N/A","N/A","N/A","N/A"
"=""6916""","華凌","19.1100","43.9700","63.0800","母公司台灣總部及中科廠","0.0283","公噸/百萬元營業額","N/A"
"=""6928""","攸泰科技","N/A","N/A","N/A","N/A","N/A","N/A","ISO 14001"
"=""6931""","青松健康","N/A","N/A","N/A","N/A","N/A","N/A","N/A"
"=""6933""","AMAX-KY","N/A","N/A","N/A","N/A","N/A","N/A","N/A"
"=""6937""","天虹","N/A","N/A","0.0000","N/A","N/A","N/A","N/A"
"=""6949""","沛爾生醫-創","N/A","N/A","N/A","N/A","N/A","N/A","N/A"
"=""6951""","青新-創","0.0000","124.7946","124.7946","112/1/1至112/12/31","N/A","N/A","N/A"
"=""6952""","大武山","N/A","N/A","N/A","N/A","N/A","N/A","N/A"
"=""6957""","裕慶-KY","N/A","N/A","N/A","N/A","N/A","N/A","N/A"
"=""6969""","成信實業*-創","0.0000","23.5820","23.5820","已完成母公司","0.1890","公噸/百萬元營業額","N/A"
"=""8011""","台通","0.0000","74.2000","74.2000","營運控制權	 台通總部加蘆竹工廠","0.0365","公噸/百萬元營業額","N/A"
"=""8016""","矽創","1.9863","2.3792","4.3655","矽創電子(新竹總部及臺北辦公室)","0.0004","公噸/百萬元營業額","N/A"
"=""8021""","尖點","0.0000","89.2000","89.2000","僅母公司","N/A","N/A","ISO 14001"
"=""8028""","昇陽半導體","817.7820","1,646.6485","2,464.4305","新竹巿力行路6號及8號3-4樓、台中巿梧棲區建七路2號","0.7406","公噸/百萬元營業額","ISO 14001"
"=""8033""","雷虎","0.0000","7.3320","7.3320","112年1月-112年12月","0.0001","營業額以仟元計算","N/A"
"=""8039""","台虹","929.9300","894.7900","1,824.7200","一廠、二廠、三廠、五廠","N/A","N/A","ISO 14001"
"=""8046""","南電","26,725.0000","8,491.0000","35,216.0000","母公司","0.0530","公噸/百萬元營業額","N/A"
"=""8070""","長華*","9,664.0000","6,751.0000","16,415.0000","包含合併財務報表之母子公司","0.0010","公噸/千元營業額","N/A"
"=""8072""","陞泰","N/A","N/A","N/A","N/A","N/A","N/A","N/A"
"=""8081""","致新","1.8350","13.3680","15.2030","僅母公司","0.0022","公噸/百萬元營業額","N/A"
"=""8101""","華冠","N/A","N/A","N/A","N/A","N/A","N/A","N/A"
"=""8103""","瀚荃","0.0000","3.3765","3.3765","母公司","N/A","N/A","ISO 14001"
"=""8104""","錸寶","70.7200","46.6200","117.3400","母公司-錸寶","0.1571","公噸/百萬元營業額","ISO 14001"
"=""8105""","凌巨","1,248.9430","2,325.3500","3,574.2930","凌巨科技股份有限公司八德廠、新竹廠、頭份廠","N/A","N/A","N/A"
"=""8110""","華東","21.0000","313.0000","334.0000","僅母公司","0.0826","公噸/百萬元營業額","ISO 14001"
"=""8112""","至上","0.0560","1.7570","1.8130","台北總公司；本公司有害廢棄物係由上游供應鏈在生產過程中產出，未直接參與產品之製造過程 。 ","N/A","N/A","N/A"
"=""8114""","振樺電","0.0000","62.4200","62.4200","112年1月~12月","0.0306","公噸/百萬元營業額","ISO 14001"
"=""8131""","福懋科","54.6092","365.4100","420.0192","福懋科技公司全廠區","0.0549","公噸/百萬元營業額","N/A"
"=""8150""","南茂","717.4000","1,520.1900","2,237.5900","112年度南茂集團台灣六個廠區","0.1048","公噸/百萬元營業額","ISO 14001"
"=""8162""","微矽電子","153.6600","313.3600","467.0200","本公司竹南廠以及竹東廠，竹東廠無產出有害廢棄物。","N/A","N/A","N/A"
"=""8163""","達方","1,816.9300","1,556.6400","3,373.5700","達方(包含總部與桃園廠、台南廠、蘇州廠、淮安廠、重慶廠、越南廠)","0.2514","公噸/百萬元營業額","ISO 14001"
"=""8201""","無敵","0.1000","2.0000","2.1000","母公司","0.0244","公噸/百萬元營業額","N/A"
"=""8210""","勤誠","13.7000","2,570.8600","2,584.5600","勤誠總部、嘉義廠、勤昆廠、前盛廠、勤鋒廠、美國辦公室","N/A","N/A","N/A"
"=""8213""","志超","38,794.2000","8,491.4000","47,285.6000","志超科技平鎮廠、高雄廠(志昱科技)、無錫廠、中山廠、遂寧廠","2.5000","公噸/百萬元營業額","ISO 9001,ISO 14001"
"=""8215""","明基材","415.5700","2,256.9407","2,672.5107","桃園廠區、雲林廠區及大陸廠區","0.1560","公噸/百萬元營業額","ISO 9001,ISO 14001"
"=""8222""","寶一","N/A","N/A","N/A","N/A","N/A","N/A","N/A"
"=""8249""","菱光","N/A","N/A","N/A","N/A","N/A","N/A","N/A"
"=""8261""","富鼎","0.0000","13.2700","13.2700","母公司","0.0047","公噸/百萬元營業額","N/A"
"=""8271""","宇瞻","6.6000","37.7000","44.3000","已盤查製造業者","0.0067","公噸/百萬元營業額","ISO 14001"
"=""8341""","日友","2,966.0000","4,831.0000","7,797.0000","母公司(雲林廠及彰濱廠)","0.1451","公噸/廢棄物處理量","ISO 14001"
"=""8367""","建新國際","0.0000","25.2000","25.2000","限母公司","0.0170","公噸/百萬元營業額","N/A"
"=""8374""","羅昇","N/A","N/A","12.7340","為本公司三重倉庫進貨時包裝材料統計數字","N/A","N/A","N/A"
"=""8404""","百和興業-KY","4,642.6700","120.8200","4,763.4900","江蘇百宏複合材料科技股份有限公司、東莞百宏實業有限公司、越南百宏責任有限公司","0.9090","公噸/百萬元營業額","N/A"
"=""8411""","福貞-KY","176.9300","1,631.8500","1,808.7800","本公司(福貞控股)及所屬轉投資孫公司(「鼎新金屬股份有限公司」、「鼎立金屬包裝股份有限公司」、「福建福貞金屬包裝有限公司」、「福建福天食品有限公司」、「山東福貞金屬包裝有限公司」)作為揭露範疇","N/A","N/A","N/A"
"=""8422""","可寧衛","2.6270","30,265.2070","30,267.8340","可寧衛、吉衛、大寧、岡聯事業、上評資源循環、大倉、可寧衛企業","0.0071","公噸/仟元營業額","N/A"
"=""8429""","金麗-KY","N/A","N/A","N/A","N/A","N/A","N/A","N/A"
"=""8438""","昶昕","69.8000","187.3700","257.1700","2023年大園一廠、大園廠、海湖廠、蘆竹廠、含銅廢液廠","N/A","N/A","N/A"
"=""8442""","威宏-KY","12.0000","852.0000","864.0000","合併財務報表之母子公司","N/A","N/A","N/A"
"=""8443""","阿瘦","N/A","N/A","N/A","N/A","N/A","N/A","N/A"
"=""8454""","富邦媒","0.0000","653.5900","653.5900","總部大樓與momo100%營運控制之倉儲","N/A","N/A","ISO 14001"
"=""8462""","柏文","N/A","N/A","N/A","N/A","N/A","N/A","N/A"
"=""8463""","潤泰材","0.0000","304.1550","304.1550","母公司個體(涵蓋所有營運據點)","0.0763","公噸/百萬元營業額","N/A"
"=""8464""","億豐","N/A","N/A","N/A","N/A","N/A","N/A","N/A"
"=""8466""","美吉吉-KY","N/A","N/A","N/A","N/A","N/A","N/A","N/A"
"=""8467""","波力-KY","N/A","N/A","N/A","N/A","N/A","N/A","N/A"
"=""8473""","山林水","N/A","N/A","N/A","N/A","N/A","N/A","N/A"
"=""8476""","台境","N/A","N/A","N/A","N/A","N/A","N/A","N/A"
"=""8478""","東哥遊艇","0.0000","935.2700","935.2700","台灣營運據點","N/A","N/A","N/A"
"=""8481""","政伸","0.0000","49.4370","49.4370","僅母公司","0.0896","公噸/百萬元營業額","N/A"
"=""8482""","商億-KY","30.0600","265.7000","295.7600","2023年全年","N/A","N/A","ISO 9001"
"=""8487""","愛爾達","0.0000","0.7980","0.7980","母公司(本公司並無子公司)","0.0008","公噸/百萬元營業額","N/A"
"=""8488""","吉源-KY","N/A","N/A","N/A","N/A","N/A","N/A","N/A"
"=""8499""","鼎炫-KY","N/A","N/A","N/A","N/A","N/A","N/A","N/A"
"=""8926""","台汽電","0.0000","22,492.4600","22,492.4600","台汽電官田廠","9.4539","公噸/百萬元營業額","確信準則3000號（TWSAE3000）"
"=""8940""","新天地","0.0000","22,810.9560","22,810.9560","僅東區店、北區店","0.0200","公噸/仟元營業額","N/A"
"=""8996""","高力","0.0000","1,031.2200","1,031.2200","母公司","0.2489","公噸/百萬元營業額","ISO 9001,ISO 14001"
"=""9802""","鈺齊-KY","65.0320","1,083.3400","1,148.3720","合併財務報表之母子公司	","N/A","N/A","N/A"
"=""9902""","台火","N/A","N/A","0.0000","N/A","N/A","N/A","N/A"
"=""9904""","寶成","5,347.0000","57,088.3000","62,435.3000","本公司製鞋業務範圍","0.0004","公噸/產品","N/A"
"=""9905""","大華","2.1000","146.2400","148.3400","母公司 ","0.0649","公噸/百萬元營業額","N/A"
"=""9906""","欣巴巴","N/A","N/A","N/A","N/A","N/A","N/A","N/A"
"=""9907""","統一實","317.0000","2,730.0000","3,047.0000","台灣個體一廠及二廠","0.0055","公噸/產品","N/A"
"=""9908""","大台北","0.0000","4.4820","4.4820","母公司三棟大樓","0.0013","公噸/百萬元營業額","N/A"
"=""9910""","豐泰","5,813.0000","34,818.0000","40,631.0000","包含豐泰集團總部及各地區子公司，但不包含控股等關係企業，亦不包含於 2023 年 12 月才開始投產之 Vietnam Nam Ha Footwear Company Limited 及 India Tindivanam Footwear Private Limited 兩家子公司。","0.4737","公噸/百萬元營業額","N/A"
"=""9911""","櫻花","0.0000","1,859.0000","1,859.0000","盤查邊界為本公司國內各工廠、國內屬本公司組織。","0.2200","公噸/百萬元營業額","N/A"
"=""9912""","偉聯","N/A","N/A","N/A","N/A","N/A","N/A","N/A"
"=""9914""","美利達","0.0000","301.1300","301.1300","母公司","0.0150","公噸/百萬元營業額","N/A"
"=""9917""","中保科","N/A","N/A","32,578.0000","總公司旗下據點及分公司","4.2612","公噸/百萬元營業額","N/A"
"=""9918""","欣天然","N/A","N/A","10.5000","欣欣大樓","0.0055","公噸/百萬元營業額","N/A"
"=""9919""","康那香","0.0000","1,862.0000","1,862.0000","佳里廠: 臺南市佳里區民安里同安寮77-1號 口寮廠: 臺南市將軍區將軍里三吉66之1號 佳里三廠: 臺南市將軍區苓仔寮里源頭1-2號","0.1800","公噸/產品","ISO 9001,ISO 14001"
"=""9921""","巨大","5,111.5470","15,217.2306","20,328.7776","巨大集團-包含全球製造據點，不含台灣與大陸以外之銷售據點。","0.0048","公噸/產品","ISO 14001"
"=""9924""","福興","18.4500","161.9600","180.4100","高雄市岡山區本洲里育才路88號","N/A","N/A","ISO 14001"
"=""9925""","新保","N/A","N/A","N/A","N/A","N/A","N/A","N/A"
"=""9926""","新海","0.0000","102.5400","102.5400","母公司","N/A","N/A","N/A"
"=""9927""","泰銘","514.1200","64.7100","578.8300","全廠","0.0831","公噸/百萬元營業額","N/A"
"=""9928""","中視","N/A","N/A","N/A","N/A","N/A","N/A","N/A"
"=""9929""","秋雨","N/A","N/A","N/A","N/A","N/A","N/A","N/A"
"=""9930""","中聯資源","6.2721","39,323.2029","39,329.4750","涵蓋母公司全台灣地區各廠(場)站","3.5481","公噸/百萬元營業額","ISO 14001"
"=""9931""","欣高","N/A","N/A","N/A","N/A","N/A","N/A","N/A"
"=""9933""","中鼎","0.0000","3,478.4731","3,478.4731","中鼎工程100%所有營運據點","30.0000","公斤/人","ISO 14001"
"=""9934""","成霖","0.0000","4.0500","4.0500","(A)8.僅揭露母公司 (B)子公司(山東美林衛浴有限公司)：有害-0.523/非有害-3490.02/總計-3490.543","N/A","N/A","N/A"
"=""9935""","慶豐富","N/A","N/A","N/A","N/A","N/A","N/A","N/A"
"=""9937""","全國","N/A","N/A","969.8000","包含合併財務報表之母子公司","0.0011","公噸/產品銷售量(公秉)","N/A"
"=""9938""","百和","318.5700","8,193.2800","8,511.8500","本公司、越南百和公司、印尼百和公司、江蘇百宏公司、東莞百宏公司、越南百宏公司","0.7134","公噸/百萬元營業額","ISO 9001,ISO 14001"
"=""9939""","宏全","123.7400","15,235.5100","15,359.2500","包材、飲料事業體","1.6720","公噸/百萬元營業額","ISO 14001"
"=""9940""","信義","0.0000","508.2435","508.2435","信義房屋股份有限公司  ","0.0482","公噸/百萬元營業額","N/A"
"=""9941""","裕融","0.0000","81.5110","81.5110","本公司+子公司新鑫、裕富全台營運辦公室據點","0.0510","公噸/員工人數","N/A"
"=""9942""","茂順","16.5700","1,252.1600","1,268.7300","茂順公司第一~六廠、租賃廠","0.3680","公噸/百萬元營業額","ISO 14001"
"=""9943""","好樂迪","0.0000","1,730.3600","1,730.3600","合併財務報表之母子公司","0.6242","公噸/百萬元營業額","N/A"
"=""9944""","新麗","0.0000","267.8500","267.8500","母公司","0.2006","公噸/產品","N/A"
"=""9945""","潤泰新","0.0000","36,516.6967","36,516.6967","包含合併財務報表之母子公司，排除工地","1.1100","公噸/百萬元營業額","N/A"
"=""9946""","三發地產","0.0000","1,379.9900","1,379.9900","範疇一+範疇二","N/A","其他","其他"
"=""9955""","佳龍","26.4440","59.2645","85.7085","僅母公司","N/A","N/A","N/A"
"=""9958""","世紀鋼","0.0000","342.1100","342.1100","112年","0.0423","公噸/百萬元營業額","ISO 14001"