報告年度:2021,議題:人力發展,,,,,,,
公司代號,公司名稱,員工福利平均數(仟元/人)(每年6/2起公開)-員工福利平均數(仟元/人)(每年6/2起公開),員工薪資平均數(仟元/人)(每年6/2起公開)-員工薪資平均數(仟元/人)(每年6/2起公開),非擔任主管職務之全時員工薪資平均數(仟元/人)(每年7/1起公開)-非擔任主管職務之全時員工薪資平均數(仟元/人)(每年7/1起公開),非擔任主管職務之全時員工薪資中位數(仟元/人)(每年7/1起公開)-非擔任主管職務之全時員工薪資中位數(仟元/人)(每年7/1起公開),管理職女性主管占比-管理職女性主管占比,職業災害人數及比率-人數,職業災害人數及比率-比率
1101,台泥,1184,1043,1082,958,26.21%,1,0.09%
1102,亞泥,1353,1214,1110,1003,22.31%,0,0.00%
1103,嘉泥,1797,1553,1139,923,40.00%,0,0.00%
1104,環泥,992,842,760,678,18.47%,0,0.00%
1108,幸福,640,523,523,478,28.57%,3,0.66%
1109,信大,772,641,664,624,30.00%,0,0.00%
1110,東泥,776,615,603,587,17.65%,1,1.33%
1201,味全,887,745,735,657,28.38%,6,4.37%
1203,味王,649,566,585,555,8.82%,5,0.69%
1210,大成,827,696,697,598,15.00%,13,0.55%
1213,大飲,513,435,446,402,3.00%,0,0.00%
1215,卜蜂,892,766,579,497,6.00%,18,0.82%
1216,統一,1408,1244,1217,1043,22.39%,5,0.09%
1217,愛之味,804,671,684,582,33.98%,5,0.90%
1218,泰山,946,803,737,634,23.90%,7,1.07%
1219,福壽,807,675,647,599,14.30%,8,1.30%
1220,台榮,696,582,603,553,13.79%,1,0.46%
1225,福懋油,902,767,701,614,8.70%,2,0.87%
1227,佳格,1195,981,827,758,30.00%,8,0.80%
1229,聯華,4077,3804,738,673,22.00%,0,0.00%
1231,聯華食,787,661,634,534,30.00%,21,0.01%
1232,大統益,1996,1758,1591,1382,27.27%,1,0.69%
1233,天仁,480,394,509,455,45.46%,16,1.16%
1234,黑松,935,773,779,577,12.66%,4,0.70%
1235,興泰,492,410,395,406,33.33%,1,5.00%
1236,宏亞,598,500,487,457,47.22%,6,0.96%
1256,鮮活果汁-KY,,,,,34.15%,24,2.66%
1301,台塑,1475,1276,1506,1403,6.51%,6,0.09%
1303,南亞,1401,1242,1410,1369,4.21%,8,0.07%
1304,台聚,1858,1609,1471,1318,1.08%,0,0.00%
1305,華夏,1366,1188,1190,1165,3.33%,4,0.60%
1307,三芳,806,675,627,600,10.00%,1,0.13%
1308,亞聚,1714,1462,1439,1346,3.12%,0,0.00%
1309,台達化,1568,1353,1366,1280,15.38%,0,0.00%
1310,台苯,1374,1117,1059,1018,20.00%,2,1.07%
1312,國喬,1916,1567,1590,1426,27.27%,0,0.00%
1313,聯成,1789,1544,1281,891,31.00%,2,0.89%
1314,中石化,1395,1234,989,899,5.92%,1,0.07%
1315,達新,765,615,599,520,44.20%,2,0.56%
1316,上曜,1401,1285,669,592,7.14%,0,0.00%
1319,東陽,679,564,619,532,13.00%,0,0.00%
1321,大洋,909,752,809,750,8.06%,4,0.88%
1323,永裕,701,596,597,513,25.66%,1,0.14%
1324,地球,713,591,556,456,29.63%,0,0.00%
1325,恆大,560,452,473,389,50.00%,0,0.00%
1326,台化,1744,1515,1528,1435,0.75%,3,0.02%
1337,再生-KY,,,,,14.29%,0,0.00%
1338,廣華-KY,,,,,27.40%,0,0.00%
1339,昭輝,679,567,510,449,42.00%,3,1.12%
1340,勝悅-KY,,,,,0.00%,0,0.00%
1341,富林-KY,,,,,22.00%,11,1.17%
1342,八貫,812,718,643,510,33.33%,7,2.00%
1402,遠東新,1286,1103,976,849,19.00%,101,0.50%
1409,新纖,907,778,761,611,8.89%,3,0.16%
1410,南染,673,580,537,547,41.18%,0,0.00%
1413,宏洲,741,623,648,614,18.00%,2,0.85%
1414,東和,675,557,564,527,17.60%,4,1.90%
1416,廣豐,1613,1250,766,781,42.86%,0,0.00%
1417,嘉裕,663,558,551,446,53.84%,3,1.00%
1418,東華,994,694,542,478,14.29%,0,0.00%
1419,新紡,792,672,652,564,56.00%,0,0.00%
1423,利華,742,619,508,442,33.33%,1,1.49%
1432,大魯閣,377,297,430,364,33.30%,18,2.90%
1434,福懋,600,504,567,507,17.00%,14,0.24%
1435,中福,827,757,1005,552,66.70%,0,0.00%
1436,華友聯,1187,1005,866,842,7.41%,1,1.85%
1437,勤益控,3654,3355,696,415,25.00%,0,0.00%
1438,三地開發,843,724,468,443,40.00%,0,0.00%
1439,雋揚,1548,1280,911,898,12.50%,0,0.00%
1440,南紡,783,663,631,560,9.61%,9,0.80%
1441,大東,830,697,600,559,18.75%,0,0.00%
1442,名軒,1237,1022,871,808,50.00%,0,0.00%
1443,立益物流,784,664,604,574,14.94%,0,0.00%
1444,力麗,690,565,563,488,22.73%,7,0.75%
1445,大宇,676,571,539,471,20.00%,0,0.00%
1446,宏和,685,574,577,476,14.63%,0,0.00%
1447,力鵬,735,591,555,499,23.73%,3,0.57%
1449,佳和,588,492,503,482,31.70%,2,0.23%
1451,年興,744,634,595,526,22.00%,1,0.12%
1452,宏益,959,823,740,626,33.00%,17,7.11%
1453,大將,727,598,498,479,25.00%,0,0.00%
1454,台富,649,541,515,449,6.80%,0,0.00%
1455,集盛,827,701,691,587,11.93%,4,0.33%
1456,怡華,881,746,623,626,12.50%,0,0.00%
1457,宜進,914,737,600,589,55.50%,0,0.00%
1459,聯發,694,575,499,447,14.29%,0,0.00%
1460,宏遠,707,580,543,501,3.00%,21,1.00%
1463,強盛新,626,536,537,500,17.07%,0,0.00%
1464,得力,639,545,535,494,31.57%,11,1.39%
1465,偉全,510,414,462,428,25.00%,0,0.00%
1466,聚隆,765,647,651,600,35.00%,2,0.55%
1467,南緯,786,640,696,597,61.00%,2,1.00%
1468,昶和,802,667,557,507,20.00%,0,0.00%
1470,大統新創,756,660,591,521,34.30%,0,0.00%
1471,首利,1085,925,760,762,25.00%,0,0.00%
1472,三洋實業,665,548,426,354,40.00%,0,0.00%
1473,台南,725,623,532,451,77.00%,2,0.01%
1474,弘裕,727,629,572,505,14.23%,1,0.21%
1475,業旺,839,702,529,495,10.00%,0,0.00%
1476,儒鴻,1080,943,879,760,36.00%,6,0.33%
1477,聚陽,1924,1747,1348,1226,50.00%,0,0.00%
1503,士電,1204,1063,1016,841,8.16%,0,0.00%
1504,東元,1059,910,877,717,21.59%,2,0.09%
1506,正道,727,597,521,466,41.67%,1,0.04%
1512,瑞利,634,513,537,492,16.67%,0,0.00%
1513,中興電,956,796,809,702,15.00%,3,0.18%
1514,亞力,984,838,825,725,1.56%,1,0.00%
1515,力山,591,510,563,486,14.01%,98,5.73%
1516,川飛,845,749,521,694,0.00%,0,0.00%
1517,利奇,605,504,534,502,8.45%,5,0.60%
1519,華城,1016,861,826,708,13.33%,5,0.55%
1521,大億,729,604,613,565,12.22%,0,0.00%
1522,堤維西,668,549,575,525,20.00%,16,1.00%
1524,耿鼎,654,546,521,458,8.16%,4,0.89%
1525,江申,690,570,580,519,19.00%,1,0.30%
1526,日馳,859,748,598,415,20.00%,0,0.00%
1527,鑽全,725,625,607,540,0.81%,8,1.08%
1528,恩德,978,861,657,572,4.08%,0,0.00%
1529,樂事綠能,633,506,525,480,10.00%,0,0.00%
1530,亞崴,731,617,664,539,9.43%,1,0.60%
1531,高林股,937,796,661,630,19.23%,1,0.59%
1532,勤美,958,811,769,615,31.75%,1,0.32%
1533,車王電,673,563,596,510,0.00%,0,0.00%
1535,中宇,1154,1009,1025,935,7.75%,0,0.00%
1536,和大,800,644,636,607,9.09%,11,1.19%
1537,廣隆,1032,873,791,644,23.93%,0,0.00%
1538,正峰,809,686,475,444,30.76%,1,1.40%
1539,巨庭,629,510,476,417,17.00%,0,0.00%
1540,喬福,707,578,542,512,0.00%,0,0.00%
1541,錩泰,696,590,587,537,22.73%,0,0.00%
1558,伸興,1047,874,886,831,44.00%,10,0.32%
1560,中砂,908,761,762,699,6.70%,12,0.81%
1563,巧新,,,,,,,
1568,倉佑,691,557,570,526,26.00%,5,1.20%
1582,信錦,1189,1015,940,803,15.22%,0,0.00%
1583,程泰,788,629,651,587,17.00%,2,0.54%
1587,吉茂,699,594,564,541,27.59%,0,0.00%
1589,永冠-KY,,,,,15.67%,75,0.03%
1590,亞德客-KY,,,,,10.04%,85,1.06%
1597,直得,900,770,740,665,31.43%,1,0.23%
1598,岱宇,742,620,598,508,27.50%,3,0.00%
1603,華電,692,598,538,472,27.66%,9,1.52%
1604,聲寶,1040,882,798,715,8.26%,0,0.00%
1605,華新,1152,1032,1190,967,17.54%,17,0.60%
1608,華榮,895,755,790,769,14.75%,2,0.47%
1609,大亞,1259,1121,927,860,16.45%,12,2.00%
1611,中電,866,698,1635,1100,5.00%,0,0.00%
1612,宏泰,1295,1160,1188,991,0.00%,1,0.30%
1614,三洋電,522,418,567,549,0.93%,12,1.24%
1615,大山,813,688,616,558,23.68%,4,1.60%
1616,億泰,774,648,601,539,14.29%,0,0.00%
1617,榮星,906,793,698,640,2.00%,0,0.00%
1618,合機,826,692,676,640,30.23%,5,2.39%
1623,大東電,,,,,,,
1626,艾美特-KY,,,,,23.00%,13,0.39%
1702,南僑,2853,2627,1009,729,37.50%,0,0.00%
1707,葡萄王,1077,950,827,796,45.71%,1,0.21%
1708,東鹼,1144,997,955,886,38.46%,0,0.00%
1709,和益,2157,1982,1706,1527,13.00%,0,0.00%
1710,東聯,1464,1132,1061,981,1.82%,3,0.91%
1711,永光,903,767,741,707,13.00%,4,0.23%
1712,興農,907,781,732,654,18.00%,4,0.29%
1713,國化,975,846,743,706,35.50%,0,0.00%
1714,和桐,913,743,751,629,36.80%,0,0.00%
1717,長興,1214,1023,979,824,15.40%,3,0.07%
1718,中纖,813,652,674,614,25.00%,2,0.34%
1720,生達,873,740,796,699,44.44%,8,1.00%
1721,三晃,870,709,716,685,22.30%,13,2.61%
1722,台肥,1577,1381,1359,1186,13.41%,3,5.80%
1723,中碳,1717,1508,1311,1234,7.89%,0,0.00%
1725,元禎,949,764,738,626,12.50%,0,0.00%
1726,永記,883,757,736,670,6.00%,21,2.97%
1727,中華化,770,642,638,585,25.71%,0,0.00%
1730,花仙子,1211,1032,822,700,38.46%,0,0.00%
1731,美吾華,862,734,647,548,59.09%,0,0.00%
1732,毛寶,646,546,530,462,50.00%,0,0.00%
1733,五鼎,709,600,608,533,41.70%,7,0.95%
1734,杏輝,682,559,538,491,41.80%,26,0.45%
1735,日勝化,888,743,685,610,20.00%,212,0.00%
1736,喬山,835,706,692,589,21.43%,7,0.60%
1737,臺鹽,1128,954,950,872,26.00%,484,0.00%
1752,南光,641,536,530,470,0.82%,9,1.48%
1760,寶齡富錦,1021,867,773,598,49.30%,4,0.77%
1762,中化生,1157,992,962,848,22.00%,0,0.00%
1773,勝一,1452,1288,1086,932,9.09%,6,1.47%
1776,展宇,928,787,667,622,4.17%,4,3.10%
1783,和康生,918,784,609,520,42.86%,0,0.00%
1786,科妍,1005,844,656,558,27.27%,0,0.00%
1789,神隆,1047,883,802,721,34.80%,17,2.52%
1795,美時,1198,908,1030,754,37.20%,2,0.36%
1802,台玻,811,692,717,680,12.38%,93,2.26%
1805,寶徠,1192,1042,727,654,20.00%,0,0.00%
1806,冠軍,788,604,623,563,2.00%,10,0.12%
1808,潤隆,1409,1196,991,850,20.00%,0,0.00%
1809,中釉,834,711,679,406,4.76%,0,0.00%
1810,和成,816,704,671,590,9.26%,3,0.37%
1817,凱撒衛,913,791,744,623,25.00%,0,0.00%
1903,士紙,1044,905,579,526,20.96%,0,0.00%
1904,正隆,1177,1026,1003,941,5.88%,6,0.02%
1905,華紙,948,800,769,708,10.73%,2,0.07%
1906,寶隆,1273,1071,714,787,1.00%,0,0.00%
1907,永豐餘,2736,2539,821,726,18.00%,63,0.60%
1909,榮成,946,814,733,697,6.17%,5,0.44%
2002,中鋼,2741,2466,2360,2226,2.11%,3,0.03%
2006,東和鋼鐵,1306,1151,1180,1139,8.45%,18,1.03%
2007,燁興,831,619,662,627,5.65%,3,0.70%
2008,高興昌,662,536,508,477,15.25%,2,0.98%
2009,第一銅,811,685,695,682,4.00%,4,1.63%
2010,春源,831,690,710,639,8.48%,22,1.90%
2012,春雨,859,756,626,571,19.00%,6,1.05%
2013,中鋼構,1836,1598,1522,1352,2.00%,0,0.00%
2014,中鴻,1818,1513,1475,1412,3.64%,1,0.09%
2015,豐興,1347,1168,1108,989,25.00%,23,2.50%
2017,官田鋼,643,527,602,485,20.50%,13,4.40%
2020,美亞,1068,754,812,795,26.00%,5,1.50%
2022,聚亨,736,620,577,517,11.53%,2,1.28%
2023,燁輝,1121,857,797,777,3.30%,0,0.00%
2024,志聯,766,615,617,577,29.03%,0,0.00%
2025,千興,701,518,580,580,25.00%,0,0.00%
2027,大成鋼,1950,1835,1735,1400,20.98%,1,0.10%
2028,威致,1086,844,895,851,40.00%,6,1.63%
2029,盛餘,1388,1178,1212,1149,8.25%,0,0.00%
2030,彰源,854,733,704,568,0.00%,0,0.00%
2031,新光鋼,1255,1053,988,813,16.00%,2,0.63%
2032,新鋼,698,563,583,554,11.50%,5,2.60%
2033,佳大,689,552,508,493,27.27%,0,0.00%
2034,允強,1065,898,822,725,20.37%,13,1.28%
2038,海光,817,712,680,616,6.00%,0,0.00%
2049,上銀,1040,896,917,839,12.69%,43,0.89%
2059,川湖,836,705,766,678,26.19%,1,0.16%
2062,橋椿,722,598,549,486,63.73%,20,2.00%
2069,運錩,1031,881,832,736,42.85%,3,0.16%
2072,世紀風電,,,,,,,
2101,南港,960,840,683,592,0.55%,13,1.18%
2102,泰豐,881,540,545,515,9.09%,4,1.00%
2103,台橡,1583,1057,1196,1078,24.60%,5,0.30%
2104,國際中橡,2089,1540,729,554,29.03%,2,0.82%
2105,正新,889,771,718,650,0.40%,11,0.20%
2106,建大,771,661,650,598,13.08%,10,0.50%
2107,厚生,851,736,628,572,8.93%,0,0.00%
2108,南帝,2820,2575,1998,1806,0.60%,0,0.00%
2109,華豐,696,601,570,511,0.00%,0,0.00%
2114,鑫永銓,862,753,544,521,25.00%,1,0.88%
2115,六暉-KY,,,,,55.00%,0,0.00%
2201,裕隆,1151,936,862,804,16.20%,0,0.00%
2204,中華,1299,1120,1110,1007,13.53%,3,0.15%
2206,三陽工業,1091,922,912,898,1.00%,8,0.36%
2207,和泰車,3260,2894,2425,1936,7.00%,0,0.00%
2208,台船,1179,949,956,970,5.00%,13,0.42%
2211,長榮鋼,1124,943,922,892,17.00%,3,0.54%
2227,裕日車,1572,1293,1183,1126,12.80%,0,0.00%
2228,劍麟,828,712,605,518,10.53%,0,0.00%
2231,為升,838,737,642,574,3.92%,10,2.33%
2233,宇隆,903,770,680,601,24.00%,6,1.60%
2236,百達-KY,,,,,20.00%,2,0.29%
2239,英利-KY,,,,,0.00%,0,0.00%
2241,艾姆勒,812,642,650,592,19.35%,8,1.29%
2243,宏旭-KY,,,,,10.63%,0,0.00%
2247,汎德永業,1101,930,953,749,8.33%,12,0.70%
2248,華勝-KY,,,,,,,
2250,IKKA-KY,,,,,37.00%,0,0.00%
2254,巨鎧精密-創,,,,,,,
2258,鴻華先進-創,,,,,,,
2301,光寶科,1753,1574,1434,1154,23.00%,40,0.10%
2302,麗正,842,691,616,464,50.00%,0,0.00%
2303,聯電,2093,1915,1447,1150,12.20%,9,0.06%
2305,全友,946,800,706,663,24.32%,0,0.00%
2308,台達電,1621,1430,1525,1293,32.30%,243,2.77%
2312,金寶,1800,1582,1072,926,26.03%,1,0.18%
2313,華通,1017,855,889,793,12.50%,32,0.66%
2314,台揚,926,791,797,634,15.58%,0,0.00%
2316,楠梓電,631,518,552,527,17.00%,9,0.66%
2317,鴻海,2551,2343,2558,1829,20.30%,197,0.02%
2321,東訊,952,791,794,661,8.77%,0,0.00%
2323,中環,721,618,600,562,26.00%,8,1.12%
2324,仁寶,1411,1214,1250,1059,19.34%,87,0.97%
2327,國巨*,932,826,747,637,34.00%,10,0.25%
2328,廣宇,1982,1655,1244,1185,26.32%,0,0.00%
2329,華泰,743,613,666,573,45.00%,13,0.23%
2330,台積電,2706,2463,2425,1851,13.00%,44,0.07%
2331,精英,1195,1014,967,788,32.00%,11,1.40%
2332,友訊,1243,1063,1122,928,45.45%,3,0.54%
2337,旺宏,2146,1934,1834,1388,28.00%,1,0.03%
2338,光罩,1879,1733,1282,1076,19.61%,2,0.67%
2340,台亞,1377,1195,1014,839,36.00%,2,0.21%
2342,茂矽,1010,851,823,707,48.00%,8,0.11%
2344,華邦電,2492,2321,2332,1858,11.62%,0,0.00%
2345,智邦,1179,1026,1052,732,27.70%,6,0.19%
2347,聯強,1383,1205,1179,1006,50.16%,2,0.27%
2348,海悅,1827,1633,1372,1136,31.82%,0,0.00%
2349,錸德,781,677,651,566,3.57%,5,0.86%
2351,順德,865,722,717,608,14.00%,3,0.20%
2352,佳世達,2110,1832,1592,1258,15.00%,0,0.00%
2353,宏碁,2566,2264,2190,1651,30.80%,9,0.00%
2354,鴻準,3696,3267,4103,3390,0.00%,0,0.00%
2355,敬鵬,787,673,672,601,23.50%,27,0.85%
2356,英業達,1229,1074,1024,838,13.82%,36,0.20%
2357,華碩,2269,2076,2002,1504,23.35%,5,0.07%
2359,所羅門,1074,913,870,787,21.57%,3,1.00%
2360,致茂,1257,1107,1117,952,13.86%,27,1.50%
2362,藍天,1580,1377,1192,1073,26.39%,2,0.30%
2363,矽統,1509,1346,1253,1097,6.00%,2,1.00%
2364,倫飛,1025,878,692,589,27.50%,0,0.00%
2365,昆盈,1197,930,829,718,36.36%,0,0.00%
2367,燿華,694,579,559,503,1.78%,3,0.06%
2368,金像電,1000,848,765,623,20.81%,60,0.81%
2369,菱生,741,610,607,511,16.67%,0,0.00%
2371,大同,915,794,730,645,21.20%,8,0.31%
2373,震旦行,823,586,723,636,15.00%,0,0.00%
2374,佳能,1315,1135,1110,995,22.58%,0,0.00%
2375,凱美,1639,1441,731,759,40.00%,0,0.00%
2376,技嘉,3117,2945,1474,1002,27.34%,4,0.06%
2377,微星,2353,2168,1935,1606,24.50%,5,0.18%
2379,瑞昱,5131,4866,4083,3270,9.20%,0,0.00%
2380,虹光,1034,858,863,765,7.00%,2,0.49%
2382,廣達,1803,1585,1420,1174,7.70%,123,1.18%
2383,台光電,1309,1146,935,767,8.00%,6,0.58%
2385,群光,2454,2212,1764,1482,0.00%,21,0.00%
2387,精元,1037,898,740,670,6.90%,0,0.00%
2388,威盛,2376,2078,1556,1424,26.00%,2,0.54%
2390,云辰,2076,1903,1042,1012,4.10%,0,0.00%
2392,正崴,1367,1163,1181,1034,18.18%,0,0.00%
2393,億光,995,862,814,598,33.20%,7,1.04%
2395,研華,1475,1284,1151,996,25.00%,12,0.00%
2397,友通,1025,883,848,672,37.50%,0,0.00%
2399,映泰,1440,1278,1068,861,35.90%,0,0.00%
2401,凌陽,1643,1423,1442,1235,26.70%,0,0.00%
2402,毅嘉,802,688,509,455,22.86%,7,3.21%
2404,漢唐,1588,1428,1364,1190,12.00%,3,0.35%
2405,輔信,1296,1125,1042,903,18.37%,3,1.49%
2406,國碩,787,662,655,601,28.00%,0,0.00%
2408,南亞科,1959,1788,1735,1377,33.61%,0,0.00%
2409,友達,1681,1441,1475,972,27.40%,3,0.01%
2412,中華電,1691,901,1507,1478,20.70%,39,0.19%
2413,環科,626,533,521,452,1.00%,9,1.20%
2414,精技,1151,994,907,815,19.67%,1,0.25%
2415,錩新,1665,1451,981,852,27.60%,0,0.00%
2417,圓剛,1169,993,1034,975,27.00%,0,0.00%
2419,仲琦,1430,1213,1012,890,25.00%,0,0.00%
2420,新巨,737,627,575,498,36.00%,5,0.87%
2421,建準,1002,797,857,686,20.00%,566,0.00%
2423,固緯,1173,1011,919,840,3.88%,0,0.00%
2424,隴華,983,844,586,544,25.00%,0,0.00%
2425,承啟,1282,1008,678,690,42.85%,0,0.00%
2426,鼎元,845,707,708,619,31.40%,7,0.96%
2427,三商電,959,826,744,692,16.00%,0,0.00%
2428,興勤,1081,930,869,656,43.00%,1,0.20%
2429,銘旺科,723,585,466,359,1.39%,1,1.39%
2430,燦坤,642,519,693,633,30.00%,56,2.29%
2431,聯昌,1076,892,817,721,0.00%,0,0.00%
2433,互盛電,802,596,700,637,4.00%,0,0.00%
2434,統懋,728,596,551,502,4.16%,0,0.00%
2436,偉詮電,1725,1538,1443,1352,4.55%,0,0.00%
2438,翔耀,632,516,508,463,60.00%,0,0.00%
2439,美律,1260,994,894,718,32.75%,0,0.00%
2440,太空梭,1334,1150,939,878,25.00%,0,0.00%
2441,超豐,1105,961,935,756,8.23%,7,0.16%
2442,新美齊,1925,1061,1211,946,16.67%,0,0.00%
2444,兆勁,611,487,482,422,1.65%,0,0.00%
2449,京元電子,894,764,803,662,32.82%,25,0.26%
2450,神腦,748,610,607,568,28.95%,3,0.14%
2451,創見,914,772,790,631,15.05%,13,1.27%
2453,凌群,1189,1009,885,811,20.00%,3,0.26%
2454,聯發科,5460,5138,5150,3992,4.50%,0,0.00%
2455,全新,1669,1474,1230,845,17.39%,4,1.57%
2457,飛宏,1116,936,873,744,25.33%,3,0.55%
2458,義隆,2349,2109,1970,1798,19.00%,0,0.00%
2459,敦吉,1346,1204,969,933,0.00%,0,0.00%
2460,建通,822,690,675,594,5.97%,0,0.00%
2461,光群雷,1027,903,752,651,29.00%,3,2.05%
2462,良得電,1456,1239,993,883,20.00%,0,0.00%
2464,盟立,1262,1086,1122,927,10.55%,0,0.00%
2465,麗臺,1005,848,848,710,34.00%,3,0.96%
2466,冠西電,736,571,539,404,30.43%,2,1.35%
2467,志聖,1367,1203,1097,921,11.36%,3,0.81%
2468,華經,923,769,662,595,27.27%,5,1.90%
2471,資通,1434,1246,1172,1078,23.00%,0,0.00%
2472,立隆電,1578,1361,1086,1028,57.00%,0,0.00%
2474,可成,699,583,643,540,25.00%,20,0.45%
2476,鉅祥,789,687,707,633,29.30%,9,1.30%
2477,美隆電,933,819,760,641,17.24%,1,0.38%
2478,大毅,1123,1009,741,585,26.67%,6,0.60%
2480,敦陽科,1222,1040,1004,932,26.12%,0,0.00%
2481,強茂,1014,866,770,619,42.34%,23,1.55%
2482,連宇,923,783,723,576,25.81%,2,1.07%
2483,百容,653,557,530,471,10.00%,20,3.00%
2484,希華,772,653,655,582,31.00%,0,0.00%
2485,兆赫,657,542,574,431,23.30%,20,2.00%
2486,一詮,909,787,739,629,13.50%,14,1.65%
2488,漢平,762,611,735,637,52.00%,0,0.00%
2489,瑞軒,1942,1756,1683,1378,38.71%,0,0.00%
2491,吉祥全,961,844,544,522,6.00%,0,0.00%
2492,華新科,926,791,802,595,44.30%,5,0.17%
2493,揚博,1218,1058,1012,867,33.00%,0,0.00%
2495,普安,1026,886,885,772,17.50%,0,0.00%
2496,卓越,1303,1005,599,586,100.00%,0,0.00%
2497,怡利電,764,649,613,572,0.51%,0,0.00%
2498,宏達電,1221,1029,1175,949,26.24%,3,0.15%
2501,國建,1434,1269,1042,941,25.81%,1,0.66%
2504,國產,1454,1332,924,883,22.90%,3,0.49%
2505,國揚,1599,1334,1045,926,42.86%,0,0.00%
2506,太設,716,598,805,740,31.00%,1,1.35%
2509,全坤建,899,739,755,737,66.67%,0,0.00%
2511,太子,1456,1263,869,856,35.40%,0,0.00%
2514,龍邦,1750,1559,770,703,80.00%,0,0.00%
2515,中工,1160,1009,759,705,24.00%,0,0.00%
2516,新建,969,834,623,560,13.00%,4,0.56%
2520,冠德,2123,1856,1312,1105,33.33%,0,0.00%
2524,京城,1949,1598,1106,996,28.57%,0,0.00%
2527,宏璟,1414,1157,828,846,60.00%,0,0.00%
2528,皇普,976,844,744,658,0.00%,0,0.00%
2530,華建,1224,1059,1059,989,40.00%,0,0.00%
2534,宏盛,1179,1015,797,712,10.71%,0,0.00%
2535,達欣工,1509,1316,1123,1073,8.50%,2,0.30%
2536,宏普,1066,900,1040,977,28.57%,0,0.00%
2537,聯上發,1511,1331,951,946,62.50%,0,0.00%
2538,基泰,1535,1359,1266,1283,0.00%,0,0.00%
2539,櫻花建,1054,882,862,719,33.33%,2,3.13%
2540,愛山林,3083,2831,2046,1415,10.00%,0,0.00%
2542,興富發,1388,1265,1062,770,40.00%,0,0.00%
2543,皇昌,819,645,613,472,14.20%,9,0.90%
2545,皇翔,1401,1181,1127,877,17.50%,0,0.00%
2546,根基,1084,966,929,865,9.00%,4,0.76%
2547,日勝生,1371,1141,932,835,31.43%,0,0.00%
2548,華固,3302,2933,1657,1507,0.18%,0,0.00%
2597,潤弘,1481,1293,1140,942,11.29%,1,0.10%
2601,益航,1170,959,1035,909,29.41%,0,0.00%
2603,長榮,4271,3606,3613,3337,15.74%,6,0.27%
2605,新興,2170,1937,1445,1460,0.38%,0,0.00%
2606,裕民,2199,1680,1669,1453,25.00%,1,0.10%
2607,榮運,1079,844,881,864,24.00%,7,0.67%
2608,嘉里大榮,823,676,699,677,13.80%,88,2.00%
2609,陽明,3379,3010,2753,2429,27.63%,8,0.54%
2610,華航,2039,1460,1729,1241,27.82%,67,0.68%
2611,志信,796,626,604,560,8.89%,0,0.00%
2612,中航,1781,1554,1294,1193,2.73%,2,0.55%
2613,中櫃,762,628,595,580,0.00%,7,0.95%
2614,東森,1471,1298,1066,1003,39.47%,1,0.39%
2615,萬海,2802,2549,2554,2380,16.00%,6,1.09%
2616,山隆,753,646,824,776,11.28%,0,0.00%
2617,台航,1416,1205,1293,1100,21.00%,1,0.47%
2618,長榮航,1425,1131,1243,727,32.50%,27,0.26%
2630,亞航,765,626,631,596,5.34%,7,0.60%
2633,台灣高鐵,1064,892,898,812,15.31%,1,0.02%
2634,漢翔,1111,927,896,762,18.90%,31,0.61%
2636,台驊控股,2541,2317,727,552,10.32%,0,0.00%
2637,慧洋-KY,,,,,49.00%,0,0.00%
2642,宅配通,690,570,615,576,16.39%,62,3.67%
2646,星宇航空,,,,,,,
2701,萬企,625,495,457,431,50.00%,0,0.00%
2702,華園,513,436,438,368,50.00%,2,0.02%
2704,國賓,787,655,587,474,47.00%,28,3.00%
2705,六福,526,430,488,425,55.30%,44,0.36%
2706,第一店,610,496,425,406,66.67%,0,0.00%
2707,晶華,698,584,610,495,50.79%,11,0.96%
2712,遠雄來,575,475,493,395,32.79%,7,0.18%
2722,夏都,501,413,419,359,54.84%,8,1.83%
2723,美食-KY,,,,,36.00%,260,1.79%
2727,王品,491,408,594,502,41.04%,69,0.78%
2731,雄獅,530,421,425,390,71.11%,4,0.33%
2739,寒舍,671,555,552,465,45.80%,97,7.27%
2748,雲品,692,578,546,479,52.10%,24,3.47%
2753,八方雲集,1091,936,789,721,40.91%,17,1.28%
2762,世界健身-KY,,,,,,,
2801,彰銀,1705,1342,1285,1194,58.96%,1,0.01%
2812,台中銀,1309,1131,1058,876,37.93%,16,0.58%
2816,旺旺保,1152,998,1005,786,42.00%,4,0.88%
2820,華票,2226,1883,1581,1386,12.50%,0,0.00%
2832,台產,1042,911,960,728,7.95%,4,0.44%
2834,臺企銀,1538,1245,1195,1069,48.11%,4,0.08%
2836,高雄銀,1545,1286,1185,1085,51.27%,5,4.59%
2838,聯邦銀,1009,862,838,737,54.16%,3,1.14%
2845,遠東銀,1467,1230,1167,1037,39.44%,1,0.00%
2849,安泰銀,1174,1022,939,803,49.57%,16,1.09%
2850,新產,1338,1227,1159,871,17.39%,0,0.00%
2851,中再保,2086,1836,1631,1479,44.74%,2,1.37%
2852,第一保,1178,1053,1040,786,12.73%,2,0.00%
2855,統一證,2433,2161,1782,1163,35.04%,0,0.00%
2867,三商壽,1019,896,872,743,48.41%,2,0.10%
2880,華南金,1714,1398,1332,1141,52.18%,42,0.40%
2881,富邦金,1223,1033,1436,1136,55.90%,50,0.32%
2882,國泰金,1160,1014,1320,1088,52.55%,75,0.13%
2883,凱基金,1933,1658,1468,1143,61.00%,0,0.70%
2884,玉山金,1454,1234,1168,1069,43.20%,20,0.20%
2885,元大金,2310,2043,1612,1346,53.32%,24,0.22%
2886,兆豐金,2091,1539,1450,1173,52.00%,56,0.61%
2887,台新新光金,1564,1333,1300,1034,48.00%,1,0.01%
2889,國票金,2072,1846,1417,1010,11.11%,0,0.00%
2890,永豐金,1704,1451,1363,1116,39.29%,28,0.32%
2891,中信金,2102,1902,1557,1259,56.09%,25,0.18%
2892,第一金,1751,1496,1294,1180,51.10%,8,0.08%
2897,王道銀行,1738,1545,1251,1023,46.00%,7,0.80%
2901,欣欣,853,689,568,518,44.44%,0,0.00%
2903,遠百,853,771,700,653,25.45%,0,0.00%
2904,匯僑,1049,875,671,655,20.00%,0,0.00%
2905,三商,2850,2676,874,742,47.96%,2,0.11%
2906,高林,914,766,564,507,51.50%,0,0.00%
2908,特力,1165,916,926,795,66.67%,2,0.04%
2910,統領,725,600,560,514,3.89%,0,0.00%
2911,麗嬰房,577,470,477,434,46.15%,0,0.00%
2912,統一超,811,681,933,807,49.54%,22,0.26%
2913,農林,808,647,583,471,43.00%,5,1.47%
2915,潤泰全,755,642,540,420,41.00%,0,0.00%
2923,鼎固-KY,,,,,40.19%,0,0.00%
2929,淘帝-KY,,,,,22.00%,0,0.00%
2939,永邑-KY,,,,,37.50%,0,0.00%
2945,三商家購,442,356,413,346,57.00%,42,1.11%
3002,歐格,1138,997,897,875,55.55%,0,0.00%
3003,健和興,817,687,584,521,17.30%,2,0.28%
3004,豐達科,936,799,690,619,19.00%,2,0.48%
3005,神基,1718,1578,1488,1242,21.83%,15,0.16%
3006,晶豪科,4825,4605,4509,4333,4.42%,0,0.00%
3008,大立光,1228,1094,1146,842,10.00%,32,0.45%
3010,華立,2092,1840,1431,1155,11.11%,1,0.24%
3011,今皓,967,830,670,540,12.50%,0,0.00%
3013,晟銘電,1196,985,877,840,37.00%,29,0.58%
3014,聯陽,3183,2957,2849,2698,13.00%,0,0.00%
3015,全漢,1174,1023,984,845,27.27%,3,0.40%
3016,嘉晶,1067,888,951,851,27.45%,3,0.48%
3017,奇鋐,1344,1131,969,869,20.85%,16,0.15%
3018,隆銘綠能,911,762,605,570,40.00%,0,0.00%
3019,亞光,1254,1105,954,783,12.75%,0,0.00%
3021,鴻名,761,618,693,561,50.00%,0,0.00%
3022,威強電,1243,1089,843,795,25.71%,0,0.00%
3023,信邦,813,679,677,498,46.67%,14,1.16%
3024,憶聲,1242,1056,867,822,41.42%,0,0.00%
3025,星通,1169,1002,1007,844,45.45%,0,0.00%
3026,禾伸堂,1100,963,869,646,46.88%,20,1.91%
3027,盛達,991,793,788,716,30.43%,0,0.00%
3028,增你強,1273,1100,1048,923,32.10%,3,0.40%
3029,零壹,1466,1273,1050,849,52.00%,0,0.00%
3030,德律,1348,1166,1168,1019,10.53%,5,0.90%
3031,佰鴻,1374,1227,849,761,34.00%,1,1.28%
3032,偉訓,1649,1455,970,881,2.14%,0,0.00%
3033,威健,1762,1557,1350,1191,9.78%,1,0.20%
3034,聯詠,5412,5162,4994,4018,8.20%,0,0.00%
3035,智原,2432,2202,2073,1633,18.24%,0,0.00%
3036,文曄,1885,1684,1373,1088,26.10%,0,0.00%
3037,欣興,1068,921,866,689,18.87%,56,0.42%
3038,全台,730,630,621,535,15.79%,3,0.35%
3040,遠見,1157,1001,815,828,50.00%,0,0.00%
3041,揚智,2409,2172,1818,1564,15.00%,0,0.00%
3042,晶技,1144,1049,1036,782,15.27%,10,0.92%
3043,科風,700,590,440,398,16.00%,0,0.00%
3044,健鼎,1103,972,666,465,15.77%,0,0.00%
3045,台灣大,1274,1094,1072,923,48.00%,5,0.13%
3046,建碁,1294,1142,1111,1090,20.80%,0,0.00%
3047,訊舟,1280,1091,999,888,20.00%,0,0.00%
3048,益登,1644,1465,1345,1111,50.00%,0,0.00%
3049,精金,1277,1053,942,824,22.22%,0,0.00%
3050,鈺德,790,658,629,579,38.00%,0,0.00%
3051,力特,750,620,576,526,3.00%,10,1.65%
3052,夆典,972,827,668,626,13.00%,0,0.00%
3054,立萬利,1175,1003,947,824,33.00%,0,0.00%
3055,蔚華科,2488,2126,1288,1155,5.88%,0,0.00%
3056,富華新,1471,1309,1529,895,57.14%,0,0.00%
3057,喬鼎,1406,1208,1181,1004,20.00%,0,0.00%
3058,立德,1294,1098,873,688,12.50%,0,0.00%
3059,華晶科,2063,1861,1261,1198,18.52%,1,0.41%
3060,銘異,919,771,640,557,22.00%,0,0.00%
3062,建漢,1303,1124,1047,952,3.95%,0,0.00%
3090,日電貿,1002,836,864,717,55.88%,1,0.68%
3092,鴻碩,1850,1637,986,713,26.19%,382,16.99%
3094,聯傑,1460,1250,1143,1134,16.67%,0,0.00%
3130,一零四,1393,1224,1188,1026,56.00%,0,0.00%
3135,凌航,,,,,,,
3138,耀登,1656,1473,1228,946,36.00%,0,0.00%
3149,正達,829,710,663,583,0.00%,0,0.00%
3150,鈺寶-創,,,,,,,
3164,景岳,742,609,584,553,9.63%,0,0.00%
3167,大量,1072,582,804,691,15.38%,2,0.81%
3168,眾福科,,,,,,,
3189,景碩,903,783,750,582,19.00%,30,0.53%
3209,全科,1524,1314,1086,981,8.10%,0,0.00%
3229,晟鈦,637,529,549,486,66.67%,0,0.00%
3231,緯創,1592,1406,1292,1101,21.50%,16,0.15%
3257,虹冠電,2221,2023,1303,1196,15.00%,0,0.00%
3266,昇陽,1288,1112,1019,1024,20.00%,0,0.00%
3296,勝德,930,779,722,667,30.91%,2,1.47%
3305,昇貿,988,850,590,484,23.00%,0,0.00%
3308,聯德,1116,930,639,643,66.00%,0,0.00%
3311,閎暉,724,585,613,436,33.33%,2,0.13%
3312,弘憶股,1575,1385,969,872,18.18%,0,0.00%
3321,同泰,654,548,535,479,31.25%,16,3.00%
3338,泰碩,1202,1027,866,783,2.00%,0,0.00%
3346,麗清,1380,1194,982,702,5.00%,0,0.00%
3356,奇偶,1192,1032,947,848,26.40%,0,0.00%
3376,新日興,631,551,575,388,2.00%,22,0.94%
3380,明泰,1052,893,902,825,24.00%,0,0.00%
3406,玉晶光,1194,1032,879,717,9.38%,43,0.00%
3413,京鼎,1456,1297,1249,1093,0.00%,0,0.00%
3416,融程電,935,789,727,593,24.00%,3,0.78%
3419,譁裕,1102,946,826,722,20.75%,0,0.00%
3432,台端,1497,1296,822,651,50.00%,0,0.00%
3437,榮創,809,656,662,569,28.68%,6,0.68%
3443,創意,3191,2919,2237,1856,0.00%,0,0.00%
3450,聯鈞,815,599,648,575,30.00%,6,0.90%
3481,群創,1312,1158,1122,747,13.35%,30,0.11%
3494,誠研,848,709,610,476,22.22%,0,0.00%
3501,維熹,723,608,564,475,51.00%,0,0.00%
3504,揚明光,899,766,739,622,18.10%,12,1.38%
3515,華擎,2928,2703,2277,1937,38.39%,0,0.00%
3518,柏騰,1395,1239,868,819,20.00%,1,2.30%
3528,安馳,1847,1644,1116,1029,32.56%,0,0.00%
3530,晶相光,3592,3356,1539,1172,14.28%,0,0.00%
3532,台勝科,1378,1209,1257,1198,5.00%,0,0.00%
3533,嘉澤,2316,2067,1437,1185,23.53%,0,0.00%
3535,晶彩科,1011,851,855,750,2.82%,3,1.40%
3543,州巧,887,752,675,566,5.54%,13,3.43%
3545,敦泰,3248,2987,2679,1963,3.00%,0,0.00%
3550,聯穎,1104,937,813,745,31.70%,0,0.00%
3557,嘉威,2309,2084,1177,885,30.00%,0,0.00%
3563,牧德,1394,1183,1157,943,3.57%,0,0.00%
3576,聯合再生,884,708,665,450,24.43%,17,0.97%
3583,辛耘,1069,919,884,749,22.06%,3,0.50%
3588,通嘉,2352,2144,1715,1526,17.86%,0,0.00%
3591,艾笛森,939,783,634,505,34.38%,1,0.69%
3592,瑞鼎,6466,6119,,,7.60%,0,0.00%
3593,力銘,975,803,653,643,5.00%,0,0.00%
3596,智易,2212,1975,1805,1598,19.00%,0,0.00%
3605,宏致,971,769,823,634,36.76%,4,0.66%
3607,谷崧,714,560,611,545,9.48%,0,0.00%
3617,碩天,1209,1041,936,841,33.00%,0,0.00%
3622,洋華,1168,1036,832,699,21.60%,0,0.00%
3645,達邁,983,845,827,755,17.65%,0,0.00%
3652,精聯,1062,921,808,730,25.00%,3,1.00%
3653,健策,945,853,727,612,22.80%,13,0.81%
3661,世芯-KY,,,,,16.00%,0,0.00%
3665,貿聯-KY,,,,,34.04%,70,0.06%
3669,圓展,1157,1006,953,773,15.25%,0,0.00%
3673,TPK-KY,,,,,25.00%,26,0.01%
3679,新至陞,1750,1555,649,615,33.00%,6,0.00%
3686,達能,1379,1204,780,622,20.00%,0,0.00%
3694,海華,1282,1144,1003,912,2.15%,0,0.00%
3701,大眾控,2962,2776,902,750,16.67%,0,0.00%
3702,大聯大,2848,2586,1714,1484,36.80%,0,0.00%
3703,欣陸,2069,1475,768,707,8.00%,1,0.05%
3704,合勤控,1648,1446,1078,895,29.00%,0,0.00%
3705,永信,1964,1667,772,674,67.00%,0,0.00%
3706,神達,2650,2650,1147,1001,28.00%,1,0.06%
3708,上緯投控,1523,1340,758,620,27.27%,0,0.00%
3711,日月光投控,4584,3674,915,726,51.52%,0,0.00%
3712,永崴投控,2875,2818,970,849,33.00%,0,0.00%
3714,富采,2782,2575,883,720,24.50%,0,0.00%
3716,中化控股,,,,,,,
3717,聯嘉投控,,,,,,,
4104,佳醫,1159,999,893,756,34.29%,0,0.00%
4106,雃博,995,843,732,631,18.80%,13,4.90%
4108,懷特,1238,1087,708,587,63.16%,0,0.00%
4119,旭富,876,727,696,634,18.18%,0,0.00%
4133,亞諾法,867,726,621,547,44.00%,0,0.00%
4137,麗豐-KY,,,,,73.00%,0,0.00%
4142,國光生,926,800,623,564,25.58%,7,1.38%
4148,全宇生技-KY,,,,,24.00%,5,1.35%
4155,訊映,797,673,709,623,50.00%,0,0.00%
4164,承業醫,1722,1546,1019,857,6.10%,6,2.80%
4190,佐登-KY,,,,,0.00%,0,0.00%
4306,炎洲,701,597,571,537,30.00%,0,0.00%
4414,如興,1552,1346,980,797,25.00%,0,0.00%
4426,利勤,490,405,418,397,42.86%,19,2.00%
4438,廣越,1037,868,835,772,46.90%,0,0.00%
4439,冠星-KY,,,,,32.14%,0,0.00%
4440,宜新實業,823,718,609,620,0.00%,0,0.00%
4441,振大環球,,,,,,,
4526,東台,774,630,656,595,1.00%,12,1.79%
4532,瑞智,1015,840,922,791,12.90%,5,1.58%
4536,拓凱,1074,919,703,555,17.00%,1,0.31%
4540,全球傳動,670,563,585,523,21.43%,8,0.71%
4545,銘鈺,766,649,610,524,33.33%,3,0.55%
4551,智伸科,2240,2024,1279,1027,33.00%,0,0.00%
4552,力達-KY,,,,,20.00%,0,0.00%
4555,氣立,707,573,498,440,28.26%,0,0.00%
4557,永新-KY,,,,,0.00%,6,1.07%
4560,強信-KY,,,,,5.37%,9,0.63%
4562,穎漢,677,572,554,469,49.00%,8,2.43%
4564,元翎,707,586,580,510,27.78%,7,2.10%
4566,時碩工業,997,868,683,541,15.40%,0,0.00%
4569,六方科-KY,,,,,,,
4571,鈞興-KY,,,,,5.00%,0,0.00%
4572,駐龍,595,508,532,474,25.00%,1,0.44%
4576,大銀微系統,1062,928,876,762,18.00%,2,0.30%
4581,光隆精密-KY,,,,,15.38%,0,0.00%
4583,台灣精銳,733,635,,,28.57%,5,0.73%
4585,達明,,,,,,,
4588,玖鼎電力,,,,,,,
4590,富田-創,,,,,,,
4720,德淵,960,797,727,658,24.14%,1,0.44%
4722,國精化,1112,964,818,776,11.00%,1,0.32%
4736,泰博,889,766,654,535,1.10%,0,0.00%
4737,華廣,646,543,543,472,33.30%,2,0.19%
4739,康普,1151,983,764,683,18.19%,1,0.60%
4746,台耀,1146,1007,965,899,26.00%,41,4.93%
4755,三福化,1109,886,969,859,0.00%,1,0.27%
4763,材料*-KY,,,,,8.33%,23,6.17%
4764,雙鍵,947,823,730,663,22.20%,0,0.00%
4766,南寶,1023,881,807,719,9.89%,5,0.62%
4770,上品,1162,1019,931,753,13.10%,10,2.60%
4771,望隼,,,,,,,
4807,日成-KY,,,,,37.50%,0,0.00%
4904,遠傳,1146,965,962,837,32.00%,27,0.50%
4906,正文,1138,963,952,812,2.95%,5,2.37%
4912,聯德控股-KY,,,,,15.00%,180,31.00%
4915,致伸,2108,1869,1662,1362,24.30%,23,0.22%
4916,事欣科,1809,1634,674,669,50.00%,0,0.00%
4919,新唐,1899,1742,1691,1341,13.00%,5,0.02%
4927,泰鼎-KY,,,,,32.98%,73,0.84%
4930,燦星網,993,839,799,612,40.00%,0,0.00%
4934,太極,1509,1346,898,835,25.00%,0,0.00%
4935,茂林-KY,,,,,30.20%,0,0.00%
4938,和碩,1490,1264,1236,984,18.14%,8,0.09%
4942,嘉彰,1147,1011,764,572,26.30%,0,0.00%
4943,康控-KY,,,,,0.00%,0,0.00%
4949,有成精密,,,,,,,
4952,凌通,2717,2472,2346,2223,17.00%,0,0.00%
4956,光鋐,742,622,660,566,26.00%,0,0.00%
4958,臻鼎-KY,,,,,15.10%,34,0.08%
4960,誠美材,971,777,766,696,11.76%,20,1.80%
4961,天鈺,2909,2672,2345,1836,25.00%,0,0.00%
4967,十銓,770,637,614,536,10.16%,0,0.00%
4968,立積,1548,1350,1480,1205,3.66%,0,0.00%
4976,佳凌,617,523,549,522,20.00%,4,0.45%
4977,眾達-KY,,,,,25.00%,0,0.00%
4989,榮科,1374,1154,1119,1071,21.00%,0,0.00%
4994,傳奇,902,765,723,650,42.86%,0,0.00%
4999,鑫禾,841,725,684,530,25.00%,0,0.00%
5007,三星,839,699,703,667,9.80%,20,1.41%
5203,訊連,1692,1491,1405,1125,15.20%,0,0.00%
5215,科嘉-KY,,,,,35.13%,9,0.28%
5222,全訊,999,813,765,691,0.00%,0,0.00%
5225,東科-KY,,,,,17.00%,0,0.00%
5234,達興材料,1790,1595,1466,1097,22.50%,0,0.00%
5243,乙盛-KY,,,,,18.60%,1,0.02%
5244,弘凱,1984,1802,1189,934,0.00%,0,0.00%
5258,虹堡,906,752,707,586,1.50%,0,0.00%
5269,祥碩,3882,3605,2475,1984,9.20%,0,0.00%
5283,禾聯碩,778,667,665,606,14.29%,11,1.60%
5284,jpp-KY,,,,,19.23%,21,2.08%
5285,界霖,697,614,568,538,45.00%,1,0.30%
5288,豐祥-KY,,,,,7.61%,7,0.14%
5292,華懋,,,,,,,
5306,桂盟,1463,1302,803,691,30.00%,0,0.00%
5388,中磊,1066,915,912,591,17.86%,3,0.17%
5434,崇越,2137,1893,1529,1179,24.00%,0,0.00%
5469,瀚宇博,1138,989,828,730,16.67%,7,1.03%
5471,松翰,2364,2143,2127,1925,13.51%,0,0.00%
5484,慧友,797,648,670,584,27.00%,0,0.00%
5515,建國,1104,942,917,748,18.00%,0,0.00%
5519,隆大,1583,1323,1028,955,5.10%,1,1.02%
5521,工信,712,594,709,585,5.00%,0,0.00%
5522,遠雄,2643,2350,1936,1729,38.00%,0,0.00%
5525,順天,899,751,759,777,30.00%,0,0.00%
5531,鄉林,1134,986,707,608,0.00%,0,0.00%
5533,皇鼎,1354,999,832,804,45.45%,0,0.00%
5534,長虹,1482,1288,946,913,12.00%,0,0.00%
5538,東明-KY,,,,,50.00%,0,0.00%
5546,永固-KY,,,,,22.00%,0,0.00%
5607,遠雄港,3325,2942,1015,885,50.00%,0,0.00%
5608,四維航,2193,2033,1739,1570,75.00%,0,0.00%
5706,鳳凰,336,239,406,377,50.00%,0,0.00%
5871,中租-KY,,,,,29.06%,8,0.10%
5876,上海商銀,1669,1332,1290,1191,23.91%,12,0.40%
5880,合庫金,1910,1514,1456,1344,55.55%,4,0.04%
5906,台南-KY,,,,,33.33%,0,0.00%
5907,大洋-KY,,,,,52.00%,0,0.00%
6005,群益證,1543,1373,1216,845,48.83%,6,0.30%
6024,群益期,1395,1212,1197,840,28.57%,2,0.68%
6108,競國,694,609,580,546,17.00%,0,0.00%
6112,邁達特,1130,963,992,788,42.73%,4,0.50%
6115,鎰勝,1100,963,844,684,21.17%,0,0.00%
6116,彩晶,1360,1240,1157,1014,13.00%,21,0.85%
6117,迎廣,731,626,633,522,26.67%,6,0.75%
6120,達運,1271,1065,890,711,17.80%,3,0.38%
6128,上福,769,654,564,494,15.79%,2,0.43%
6133,金橋,875,730,680,577,16.67%,0,0.00%
6136,富爾特,1152,1019,840,739,38.00%,0,0.00%
6139,亞翔,742,596,551,463,12.99%,2,0.42%
6141,柏承,715,599,588,512,1.48%,4,0.84%
6142,友勁,737,611,566,408,26.23%,1,0.17%
6152,百一,1185,1027,1017,882,0.02%,0,0.00%
6153,嘉聯益,772,622,614,543,16.00%,13,0.55%
6155,鈞寶,632,530,512,455,30.23%,2,0.76%
6164,華興,874,723,653,584,21.05%,0,0.00%
6165,浪凡,2494,2311,699,551,50.00%,0,0.00%
6166,凌華,1372,1185,1087,981,23.00%,1,0.01%
6168,宏齊,989,856,802,702,31.00%,4,0.01%
6176,瑞儀,1516,1335,1195,919,25.00%,17,1.80%
6177,達麗,1258,1062,913,752,17.60%,0,0.00%
6183,關貿,1272,1102,1089,955,5.77%,1,0.15%
6184,大豐電,975,844,610,514,44.44%,1,1.11%
6189,豐藝,1784,1539,1165,913,0.00%,0,0.00%
6191,精成科,3786,3437,2164,1787,20.51%,0,0.00%
6192,巨路,1387,1217,1097,962,16.35%,1,0.21%
6196,帆宣,1879,1663,1370,1116,15.23%,0,0.00%
6197,佳必琪,1298,1133,890,784,42.00%,2,0.83%
6201,亞弘電,733,614,598,524,3.40%,4,0.01%
6202,盛群,2503,2280,2036,1796,23.00%,0,0.00%
6205,詮欣,1012,873,749,589,45.00%,0,0.00%
6206,飛捷,1030,902,894,721,30.00%,0,0.00%
6209,今國光,621,490,511,467,19.74%,13,1.42%
6213,聯茂,1207,1032,872,609,12.50%,0,0.00%
6214,精誠,1107,940,962,787,22.60%,5,0.13%
6215,和椿,1213,1054,1077,971,2.76%,0,0.00%
6216,居易,1306,1133,990,865,16.28%,0,0.00%
6224,聚鼎,1387,1214,949,798,5.05%,1,0.11%
6225,天瀚,1098,921,1015,1055,66.00%,0,0.00%
6226,光鼎,1249,1103,859,711,50.00%,0,0.00%
6230,尼得科超眾,756,630,685,553,18.18%,7,1.11%
6235,華孚,1452,1296,932,729,22.73%,0,0.00%
6239,力成,1041,908,891,734,29.50%,9,0.08%
6243,迅杰,1752,1539,1211,1167,5.90%,68,0.00%
6257,矽格,964,831,760,588,27.00%,6,0.24%
6269,台郡,838,670,632,560,16.79%,2,0.08%
6271,同欣電,1021,888,893,620,27.30%,27,1.39%
6272,驊陞,,,,,,,
6277,宏正,1333,1148,1087,929,16.67%,1,0.10%
6278,台表科,1086,955,665,539,38.00%,0,0.00%
6281,全國電,917,768,783,715,25.00%,13,0.77%
6282,康舒,1151,985,988,767,3.04%,41,0.44%
6283,淳安,1188,1015,901,762,45.83%,0,0.00%
6285,啟碁,1075,915,984,736,21.00%,18,0.34%
6405,悅城,757,654,669,648,26.00%,5,1.80%
6409,旭隼,2133,1916,1254,1077,32.73%,10,0.33%
6412,群電,2149,1921,1616,1352,18.87%,0,0.00%
6414,樺漢,1458,1269,1118,1044,16.67%,0,0.00%
6415,矽力*-KY,,,,,12.64%,0,0.00%
6416,瑞祺電通,863,716,678,589,28.57%,1,0.03%
6426,統新,775,648,609,541,0.00%,0,0.00%
6431,光麗-KY,,,,,35.00%,0,0.00%
6438,迅得,1216,1085,902,910,4.00%,0,0.00%
6442,光聖,853,725,651,564,32.26%,0,0.00%
6443,元晶,669,540,568,479,16.66%,25,1.76%
6446,藥華藥,3686,3489,1153,918,47.83%,0,0.00%
6449,鈺邦,1550,1379,984,777,18.00%,0,0.00%
6451,訊芯-KY,,,,,24.00%,0,0.00%
6456,GIS-KY,,,,,13.20%,14,0.06%
6464,台數科,1565,1362,569,506,54.55%,0,0.00%
6472,保瑞,1205,1066,689,513,29.00%,2,0.00%
6477,安集,571,469,480,461,44.00%,6,0.02%
6491,晶碩,883,763,768,649,27.96%,48,2.60%
6504,南六,786,640,547,500,16.67%,33,8.44%
6505,台塑化,1683,1490,1546,1452,8.02%,2,0.04%
6515,穎崴,1060,907,909,763,23.00%,0,0.00%
6525,捷敏-KY,,,,,51.09%,3,0.14%
6526,達發,,,,,,,
6531,愛普*,3604,3284,2594,1999,33.00%,0,0.00%
6533,晶心科,1121,927,1824,1537,14.00%,0,0.00%
6534,正瀚-創,,,,,,,
6541,泰福-KY,,,,,14.20%,0,0.00%
6550,北極星藥業-KY,,,,,37.50%,0,0.00%
6552,易華電,588,514,526,473,24.59%,0,0.00%
6558,興能高,1313,1134,827,721,45.00%,0,0.00%
6573,虹揚-KY,,,,,15.00%,0,0.00%
6579,研揚,1164,1035,946,817,13.95%,3,0.60%
6581,鋼聯,1177,1009,814,805,9.09%,0,0.00%
6582,申豐,2190,1999,1267,1044,20.00%,0,0.00%
6585,鼎基,879,747,,,20.93%,4,0.68%
6589,台康生技,1743,982,946,836,31.70%,0,0.00%
6591,動力-KY,,,,,1.08%,0,0.00%
6592,和潤企業,1449,1249,1186,939,18.18%,0,0.00%
6598,ABC-KY,,,,,29.41%,0,0.00%
6605,帝寶,669,559,586,547,12.15%,7,0.27%
6614,資拓宏宇,,,,,,,
6625,必應,777,663,583,515,23.00%,1,0.36%
6641,基士德-KY,,,,,30.77%,1,0.18%
6645,金萬林-創,,,,,,,
6655,科定,926,821,799,650,9.32%,12,1.62%
6658,聯策,,,,,,,
6666,羅麗芬-KY,,,,,46.15%,0,0.00%
6668,中揚光,901,779,729,670,22.22%,2,0.49%
6669,緯穎,1228,1083,1158,978,22.00%,5,0.26%
6670,復盛應用,973,817,810,708,19.64%,8,0.86%
6671,三能-KY,,,,,37.23%,9,1.24%
6672,騰輝電子-KY,,,,,16.95%,11,1.27%
6674,鋐寶科技,1206,1044,919,770,20.48%,0,0.00%
6691,洋基工程,2208,2057,1211,1002,13.64%,12,2.10%
6698,旭暉應材,691,567,551,461,29.63%,0,0.00%
6706,惠特,1237,1125,997,671,23.68%,1,0.14%
6715,嘉基,1587,1380,1047,953,13.80%,94,0.00%
6719,力智,2603,2354,1877,1573,2.51%,0,0.00%
6722,輝創,,,,,,,
6742,澤米,,,,,,,
6743,安普新,1140,978,849,717,19.71%,3,2.00%
6754,匯僑設計,1160,989,995,879,31.60%,3,1.10%
6756,威鋒電子,2776,2520,2389,1714,18.42%,0,0.00%
6757,台灣虎航,,,,,,,
6768,志強-KY,,,,,39.00%,1,0.20%
6770,力積電,1953,1758,1501,1315,13.36%,4,0.05%
6771,平和環保-創,,,,,,,
6776,展碁國際,1432,1188,1057,903,44.60%,0,0.00%
6781,AES-KY,,,,,12.00%,0,0.00%
6789,采鈺,1536,1340,1381,1086,20.00%,0,0.00%
6790,永豐實,1018,840,827,714,35.00%,8,1.13%
6792,詠業,1089,961,836,666,11.11%,11,1.92%
6794,向榮生技,,,,,,,
6796,晉弘,935,782,,,23.60%,0,0.00%
6799,來頡,2881,2672,,,18.18%,0,0.00%
6805,富世達,,,,,,,
6806,森崴能源,1624,1460,1068,781,10.00%,0,0.00%
6807,峰源-KY,,,,,28.89%,370,20.17%
6831,邁科,,,,,,,
6838,台新藥,,,,,,,
6862,三集瑞-KY,,,,,,,
6885,全福生技,,,,,,,
6887,寶綠特-KY,,,,,,,
6890,來億-KY,,,,,,,
6901,鑽石投資,,,,,,,
6902,GOGOLOOK,,,,,,,
6906,現觀科,,,,,,,
6908,宏碁遊戲-創,,,,,,,
6909,創控,,,,,,,
6914,阜爾運通,,,,,,,
6916,華凌,,,,,,,
6918,愛派司,,,,,,,
6919,康霈*,,,,,,,
6921,嘉雨思-創,,,,,,,
6923,中台,,,,,,,
6924,榮惠-KY創,,,,,,,
6928,攸泰科技,,,,,,,
6931,青松健康,,,,,,,
6933,AMAX-KY,,,,,,,
6934,心誠鎂,,,,,,,
6936,永鴻生技,,,,,,,
6937,天虹,,,,,,,
6944,兆聯實業,,,,,,,
6949,沛爾生醫-創,,,,,,,
6951,青新-創,,,,,,,
6952,大武山,,,,,,,
6955,邦睿生技-創,,,,,,,
6957,裕慶-KY,,,,,,,
6958,日盛台駿,,,,,,,
6962,奕力-KY,,,,,,,
6965,中傑-KY,,,,,,,
6969,成信實業*-創,,,,,,,
6988,威力暘-創,,,,,,,
6994,富威電力,,,,,,,
7610,聯友金屬-創,,,,,,,
7631,聚賢研發-創,,,,,,,
7705,三商餐飲,,,,,,,
7711,永擎,,,,,,,
7721,微程式,,,,,,,
7722,LINEPAY,,,,,,,
7730,暉盛-創,,,,,,,
7732,金興精密,,,,,,,
7736,虎山,,,,,,,
7740,熙特爾-創,,,,,,,
7749,意騰-KY,,,,,,,
7750,新代,,,,,,,
7765,中華資安,,,,,,,
7769,鴻勁,,,,,,,
7780,大研生醫*,,,,,,,
7786,東方風能,,,,,,,
7788,松川精密,,,,,,,
7791,皇家可口,,,,,,,
7795,長廣,,,,,,,
7799,禾榮科,,,,,,,
7822,倍利科,,,,,,,
7823,奧義賽博-KY創,,,,,,,
8011,台通,646,529,593,553,29.41%,7,2.73%
8016,矽創,5225,4949,4263,3885,27.71%,1,0.29%
8021,尖點,1052,953,721,631,18.99%,0,0.00%
8028,昇陽半導體,960,801,713,688,34.37%,10,1.20%
8033,雷虎,1115,967,609,593,11.12%,39,0.00%
8039,台虹,1052,847,811,727,10.00%,3,0.35%
8045,達運光電,,,,,,,
8046,南電,1352,1196,1184,1147,10.36%,0,0.00%
8070,長華*,3323,3086,1981,1312,34.00%,0,0.00%
8072,陞泰,1017,894,554,475,50.00%,0,0.00%
8081,致新,3033,2756,2601,2470,21.43%,0,0.00%
8101,華冠,1100,938,818,647,14.00%,1,0.45%
8103,瀚荃,1191,1012,928,790,33.00%,0,0.00%
8104,錸寶,973,813,702,597,4.76%,5,2.15%
8105,凌巨,905,770,762,657,25.00%,3,0.20%
8110,華東,689,587,575,505,34.00%,4,0.22%
8112,至上,2509,2121,1380,1238,15.15%,0,0.00%
8114,振樺電,849,725,691,565,48.44%,1,0.31%
8131,福懋科,676,581,572,543,7.37%,2,0.08%
8150,南茂,1214,1018,1043,993,21.04%,6,0.10%
8162,微矽電子-創,,,,,,,
8163,達方,1389,1217,1125,941,18.60%,2,0.20%
8201,無敵,1120,939,829,754,28.50%,0,0.00%
8210,勤誠,1922,1676,1299,900,17.40%,0,0.00%
8213,志超,3668,3425,1549,1337,27.78%,2,0.52%
8215,明基材,1192,1032,1055,745,27.00%,4,0.00%
8222,寶一,589,488,462,428,29.00%,0,0.00%
8249,菱光,2102,1854,1425,1198,17.00%,0,0.00%
8261,富鼎,2320,2058,1897,1512,15.00%,3,2.00%
8271,宇瞻,1413,1178,1084,959,31.08%,0,0.00%
8341,日友,1259,1102,942,705,8.62%,7,1.95%
8367,建新國際,929,785,761,686,31.82%,16,3.43%
8374,羅昇,1313,1133,946,836,20.00%,0,0.00%
8404,百和興業-KY,,,,,0.30%,27,0.72%
8411,福貞-KY,,,,,26.67%,8,0.63%
8422,可寧衛*,1129,964,838,647,0.00%,3,1.91%
8429,金麗-KY,,,,,0.00%,0,0.00%
8438,昶昕,849,733,655,559,33.33%,3,0.16%
8442,威宏-KY,,,,,0.00%,0,0.00%
8443,阿瘦,578,468,512,461,50.00%,15,2.69%
8454,富邦媒,975,803,867,743,55.85%,47,1.70%
8462,柏文,840,738,522,455,51.77%,7,0.45%
8463,潤泰材,868,713,643,555,1.21%,5,1.52%
8464,億豐,1952,1733,1373,1095,23.26%,4,1.52%
8466,美吉吉-KY,,,,,22.45%,21,2.30%
8467,波力-KY,,,,,7.80%,0,0.00%
8473,山林水,575,467,520,464,0.20%,0,0.00%
8476,台境*,841,711,586,519,15.38%,0,0.00%
8478,東哥遊艇,1173,1078,857,794,18.92%,5,0.76%
8481,政伸,1296,1157,1111,1022,38.46%,3,1.12%
8482,商億-KY,,,,,5.00%,155,8.00%
8487,愛爾達-創,,,,,,,
8488,吉源-KY,,,,,22.22%,0,0.00%
8499,鼎炫-KY,,,,,40.00%,0,0.00%
8926,台汽電,1684,1413,1192,1029,15.38%,0,0.00%
8940,新天地,719,593,546,462,49.40%,6,1.47%
8996,高力,923,809,756,716,22.00%,3,0.60%
9103,美德醫療-DR,,,,,,,
910322,康師傅-DR,,,,,,,
9105,泰金寶-DR,,,,,,,
910861,神州-DR,,,,,,,
9110,越南控-DR,,,,,,,
911608,明輝-DR,,,,,,,
911622,泰聚亨-DR,,,,,,,
911868,同方友友-DR,,,,,,,
912000,晨訊科-DR,,,,,,,
9136,巨騰-DR,,,,,,,
9802,鈺齊-KY,,,,,68.31%,34,2.05%
9902,台火,1227,994,668,710,37.50%,0,0.00%
9904,寶成,924,788,813,598,54.00%,8,0.26%
9905,大華,795,633,668,625,19.51%,2,0.67%
9906,欣巴巴,1135,968,676,558,57.00%,1,2.00%
9907,統一實,992,826,824,791,10.42%,7,0.62%
9908,大台北,1249,1074,1022,978,4.33%,0,0.00%
9910,豐泰,1321,1147,1154,862,42.30%,68,0.05%
9911,櫻花,943,825,748,637,23.29%,7,0.85%
9912,偉聯,1439,1220,856,774,10.00%,0,0.00%
9914,美利達,1081,965,938,773,16.22%,15,1.20%
9917,中保科,905,760,729,677,28.60%,41,1.70%
9918,欣天然,1211,1032,938,865,24.00%,0,0.00%
9919,康那香,760,648,552,484,40.00%,12,1.23%
9921,巨大,1030,894,875,710,33.33%,0,0.00%
9924,福興,684,578,552,466,28.26%,10,0.80%
9925,新保,813,676,659,609,5.67%,19,1.05%
9926,新海,1159,979,1222,1279,24.39%,0,0.00%
9927,泰銘,902,757,668,633,9.09%,0,0.00%
9928,中視,782,653,683,623,28.57%,3,0.67%
9929,秋雨,654,536,501,470,40.00%,1,0.83%
9930,中聯資源,1756,1526,1368,1259,8.57%,0,0.00%
9931,欣高,1100,937,897,820,2.00%,0,0.00%
9933,中鼎,1436,1249,1191,1074,13.82%,0,0.00%
9934,成霖,1259,1088,624,589,34.15%,0,0.00%
9935,慶豐富,634,563,544,478,16.67%,6,1.05%
9937,全國,438,367,487,393,47.51%,27,1.40%
9938,百和,880,767,671,525,14.30%,20,2.00%
9939,宏全,766,673,648,599,5.45%,2,0.55%
9940,信義,1570,1412,1263,945,18.50%,191,3.75%
9941,裕融,1732,1560,1285,1063,28.90%,3,0.44%
9942,茂順,703,590,567,518,20.00%,4,0.39%
9943,好樂迪,464,383,419,374,5.20%,14,0.50%
9944,新麗,714,613,608,525,38.46%,0,0.00%
9945,潤泰新,1110,983,653,376,38.00%,0,0.00%
9946,三發地產,1205,1035,834,771,34.48%,2,1.57%
9955,佳龍,754,599,527,429,28.57%,0,0.00%
9958,世紀鋼,841,717,690,638,6.38%,2,0.62%
